-- MySQL dump 10.16  Distrib 10.1.13-MariaDB, for Linux (x86_64)
--
-- Host: localhost    Database: gibssample
-- ------------------------------------------------------
-- Server version	10.1.13-MariaDB

/*!40101 SET @OLD_CHARACTER_SET_CLIENT=@@CHARACTER_SET_CLIENT */;
/*!40101 SET @OLD_CHARACTER_SET_RESULTS=@@CHARACTER_SET_RESULTS */;
/*!40101 SET @OLD_COLLATION_CONNECTION=@@COLLATION_CONNECTION */;
/*!40101 SET NAMES utf8mb4 */;
/*!40103 SET @OLD_TIME_ZONE=@@TIME_ZONE */;
/*!40103 SET TIME_ZONE='+00:00' */;
/*!40014 SET @OLD_UNIQUE_CHECKS=@@UNIQUE_CHECKS, UNIQUE_CHECKS=0 */;
/*!40014 SET @OLD_FOREIGN_KEY_CHECKS=@@FOREIGN_KEY_CHECKS, FOREIGN_KEY_CHECKS=0 */;
/*!40101 SET @OLD_SQL_MODE=@@SQL_MODE, SQL_MODE='NO_AUTO_VALUE_ON_ZERO' */;
/*!40111 SET @OLD_SQL_NOTES=@@SQL_NOTES, SQL_NOTES=0 */;

--
-- Table structure for table `g5_auth`
--

DROP TABLE IF EXISTS `g5_auth`;
/*!40101 SET @saved_cs_client     = @@character_set_client */;
/*!40101 SET character_set_client = utf8 */;
CREATE TABLE `g5_auth` (
  `mb_id` varchar(20) NOT NULL DEFAULT '',
  `au_menu` varchar(20) NOT NULL DEFAULT '',
  `au_auth` set('r','w','d') NOT NULL DEFAULT '',
  PRIMARY KEY (`mb_id`,`au_menu`)
) ENGINE=InnoDB DEFAULT CHARSET=utf8;
/*!40101 SET character_set_client = @saved_cs_client */;

--
-- Dumping data for table `g5_auth`
--

LOCK TABLES `g5_auth` WRITE;
/*!40000 ALTER TABLE `g5_auth` DISABLE KEYS */;
/*!40000 ALTER TABLE `g5_auth` ENABLE KEYS */;
UNLOCK TABLES;

--
-- Table structure for table `g5_autosave`
--

DROP TABLE IF EXISTS `g5_autosave`;
/*!40101 SET @saved_cs_client     = @@character_set_client */;
/*!40101 SET character_set_client = utf8 */;
CREATE TABLE `g5_autosave` (
  `as_id` int(11) NOT NULL AUTO_INCREMENT,
  `mb_id` varchar(20) NOT NULL,
  `as_uid` bigint(20) unsigned NOT NULL,
  `as_subject` varchar(255) NOT NULL,
  `as_content` text NOT NULL,
  `as_datetime` datetime NOT NULL,
  PRIMARY KEY (`as_id`),
  UNIQUE KEY `as_uid` (`as_uid`),
  KEY `mb_id` (`mb_id`)
) ENGINE=InnoDB DEFAULT CHARSET=utf8;
/*!40101 SET character_set_client = @saved_cs_client */;

--
-- Dumping data for table `g5_autosave`
--

LOCK TABLES `g5_autosave` WRITE;
/*!40000 ALTER TABLE `g5_autosave` DISABLE KEYS */;
/*!40000 ALTER TABLE `g5_autosave` ENABLE KEYS */;
UNLOCK TABLES;

--
-- Table structure for table `g5_board`
--

DROP TABLE IF EXISTS `g5_board`;
/*!40101 SET @saved_cs_client     = @@character_set_client */;
/*!40101 SET character_set_client = utf8 */;
CREATE TABLE `g5_board` (
  `bo_table` varchar(20) NOT NULL DEFAULT '',
  `gr_id` varchar(255) NOT NULL DEFAULT '',
  `bo_subject` varchar(255) NOT NULL DEFAULT '',
  `bo_mobile_subject` varchar(255) NOT NULL DEFAULT '',
  `bo_device` enum('both','pc','mobile') NOT NULL DEFAULT 'both',
  `bo_admin` varchar(255) NOT NULL DEFAULT '',
  `bo_list_level` tinyint(4) NOT NULL DEFAULT '0',
  `bo_read_level` tinyint(4) NOT NULL DEFAULT '0',
  `bo_write_level` tinyint(4) NOT NULL DEFAULT '0',
  `bo_reply_level` tinyint(4) NOT NULL DEFAULT '0',
  `bo_comment_level` tinyint(4) NOT NULL DEFAULT '0',
  `bo_upload_level` tinyint(4) NOT NULL DEFAULT '0',
  `bo_download_level` tinyint(4) NOT NULL DEFAULT '0',
  `bo_html_level` tinyint(4) NOT NULL DEFAULT '0',
  `bo_link_level` tinyint(4) NOT NULL DEFAULT '0',
  `bo_count_delete` tinyint(4) NOT NULL DEFAULT '0',
  `bo_count_modify` tinyint(4) NOT NULL DEFAULT '0',
  `bo_read_point` int(11) NOT NULL DEFAULT '0',
  `bo_write_point` int(11) NOT NULL DEFAULT '0',
  `bo_comment_point` int(11) NOT NULL DEFAULT '0',
  `bo_download_point` int(11) NOT NULL DEFAULT '0',
  `bo_use_category` tinyint(4) NOT NULL DEFAULT '0',
  `bo_category_list` text NOT NULL,
  `bo_use_sideview` tinyint(4) NOT NULL DEFAULT '0',
  `bo_use_file_content` tinyint(4) NOT NULL DEFAULT '0',
  `bo_use_secret` tinyint(4) NOT NULL DEFAULT '0',
  `bo_use_dhtml_editor` tinyint(4) NOT NULL DEFAULT '0',
  `bo_select_editor` varchar(50) NOT NULL DEFAULT '',
  `bo_use_rss_view` tinyint(4) NOT NULL DEFAULT '0',
  `bo_use_good` tinyint(4) NOT NULL DEFAULT '0',
  `bo_use_nogood` tinyint(4) NOT NULL DEFAULT '0',
  `bo_use_name` tinyint(4) NOT NULL DEFAULT '0',
  `bo_use_signature` tinyint(4) NOT NULL DEFAULT '0',
  `bo_use_ip_view` tinyint(4) NOT NULL DEFAULT '0',
  `bo_use_list_view` tinyint(4) NOT NULL DEFAULT '0',
  `bo_use_list_file` tinyint(4) NOT NULL DEFAULT '0',
  `bo_use_list_content` tinyint(4) NOT NULL DEFAULT '0',
  `bo_table_width` int(11) NOT NULL DEFAULT '0',
  `bo_subject_len` int(11) NOT NULL DEFAULT '0',
  `bo_mobile_subject_len` int(11) NOT NULL DEFAULT '0',
  `bo_page_rows` int(11) NOT NULL DEFAULT '0',
  `bo_mobile_page_rows` int(11) NOT NULL DEFAULT '0',
  `bo_new` int(11) NOT NULL DEFAULT '0',
  `bo_hot` int(11) NOT NULL DEFAULT '0',
  `bo_image_width` int(11) NOT NULL DEFAULT '0',
  `bo_skin` varchar(255) NOT NULL DEFAULT '',
  `bo_mobile_skin` varchar(255) NOT NULL DEFAULT '',
  `bo_include_head` varchar(255) NOT NULL DEFAULT '',
  `bo_include_tail` varchar(255) NOT NULL DEFAULT '',
  `bo_content_head` text NOT NULL,
  `bo_mobile_content_head` text NOT NULL,
  `bo_content_tail` text NOT NULL,
  `bo_mobile_content_tail` text NOT NULL,
  `bo_insert_content` text NOT NULL,
  `bo_gallery_cols` int(11) NOT NULL DEFAULT '0',
  `bo_gallery_width` int(11) NOT NULL DEFAULT '0',
  `bo_gallery_height` int(11) NOT NULL DEFAULT '0',
  `bo_mobile_gallery_width` int(11) NOT NULL DEFAULT '0',
  `bo_mobile_gallery_height` int(11) NOT NULL DEFAULT '0',
  `bo_upload_size` int(11) NOT NULL DEFAULT '0',
  `bo_reply_order` tinyint(4) NOT NULL DEFAULT '0',
  `bo_use_search` tinyint(4) NOT NULL DEFAULT '0',
  `bo_order` int(11) NOT NULL DEFAULT '0',
  `bo_count_write` int(11) NOT NULL DEFAULT '0',
  `bo_count_comment` int(11) NOT NULL DEFAULT '0',
  `bo_write_min` int(11) NOT NULL DEFAULT '0',
  `bo_write_max` int(11) NOT NULL DEFAULT '0',
  `bo_comment_min` int(11) NOT NULL DEFAULT '0',
  `bo_comment_max` int(11) NOT NULL DEFAULT '0',
  `bo_notice` text NOT NULL,
  `bo_upload_count` tinyint(4) NOT NULL DEFAULT '0',
  `bo_use_email` tinyint(4) NOT NULL DEFAULT '0',
  `bo_use_cert` enum('','cert','adult','hp-cert','hp-adult') NOT NULL DEFAULT '',
  `bo_use_sns` tinyint(4) NOT NULL DEFAULT '0',
  `bo_use_captcha` tinyint(4) NOT NULL DEFAULT '0',
  `bo_sort_field` varchar(255) NOT NULL DEFAULT '',
  `bo_1_subj` varchar(255) NOT NULL DEFAULT '',
  `bo_2_subj` varchar(255) NOT NULL DEFAULT '',
  `bo_3_subj` varchar(255) NOT NULL DEFAULT '',
  `bo_4_subj` varchar(255) NOT NULL DEFAULT '',
  `bo_5_subj` varchar(255) NOT NULL DEFAULT '',
  `bo_6_subj` varchar(255) NOT NULL DEFAULT '',
  `bo_7_subj` varchar(255) NOT NULL DEFAULT '',
  `bo_8_subj` varchar(255) NOT NULL DEFAULT '',
  `bo_9_subj` varchar(255) NOT NULL DEFAULT '',
  `bo_10_subj` varchar(255) NOT NULL DEFAULT '',
  `bo_1` varchar(255) NOT NULL DEFAULT '',
  `bo_2` varchar(255) NOT NULL DEFAULT '',
  `bo_3` varchar(255) NOT NULL DEFAULT '',
  `bo_4` varchar(255) NOT NULL DEFAULT '',
  `bo_5` varchar(255) NOT NULL DEFAULT '',
  `bo_6` varchar(255) NOT NULL DEFAULT '',
  `bo_7` varchar(255) NOT NULL DEFAULT '',
  `bo_8` varchar(255) NOT NULL DEFAULT '',
  `bo_9` varchar(255) NOT NULL DEFAULT '',
  `bo_10` varchar(255) NOT NULL DEFAULT '',
  PRIMARY KEY (`bo_table`)
) ENGINE=InnoDB DEFAULT CHARSET=utf8;
/*!40101 SET character_set_client = @saved_cs_client */;

--
-- Dumping data for table `g5_board`
--

LOCK TABLES `g5_board` WRITE;
/*!40000 ALTER TABLE `g5_board` DISABLE KEYS */;
INSERT INTO `g5_board` VALUES ('client_cs','client','민원관리','민원관리','both','',2,2,2,2,2,2,2,2,2,1,1,0,0,0,0,0,'',0,0,0,0,'',0,0,0,0,0,0,0,0,0,100,60,30,15,15,24,100,600,'basic','basic','_head.php','_tail.php','','','','','',4,202,150,125,100,1048576,1,1,0,0,0,0,0,0,0,'',2,0,'',0,0,'','','','','','','','','','','','','','','','','','','','',''),('free','community','자유게시판','','both','',1,1,1,1,1,1,1,1,1,1,1,0,0,0,0,0,'',0,0,0,0,'',0,0,0,0,0,0,0,0,0,100,60,30,15,15,24,100,835,'basic','basic','_head.php','_tail.php','','','','','',4,202,150,125,100,1048576,1,0,0,0,0,0,0,0,0,'',2,0,'',0,0,'','','','','','','','','','','','','','','','','','','','',''),('gallery','community','갤러리','','both','',1,1,1,1,1,1,1,1,1,1,1,0,0,0,0,0,'',0,0,0,0,'',0,0,0,0,0,0,0,0,0,100,60,30,15,15,24,100,835,'gallery','gallery','_head.php','_tail.php','','','','','',4,202,150,125,100,1048576,1,0,0,0,0,0,0,0,0,'',2,0,'',0,0,'','','','','','','','','','','','','','','','','','','','',''),('notice','community','공지사항','','both','',1,1,1,1,1,1,1,1,1,1,1,0,0,0,0,0,'',0,0,0,0,'',0,0,0,0,0,0,0,0,0,100,60,30,15,15,24,100,835,'basic','basic','_head.php','_tail.php','','','','','',4,202,150,125,100,1048576,1,0,0,0,0,0,0,0,0,'',2,0,'',0,0,'','','','','','','','','','','','','','','','','','','','',''),('qa','community','질문답변','','both','',1,1,1,1,1,1,1,1,1,1,1,0,0,0,0,0,'',0,0,0,0,'',0,0,0,0,0,0,0,0,0,100,60,30,15,15,24,100,835,'basic','basic','_head.php','_tail.php','','','','','',4,202,150,125,100,1048576,1,0,0,0,0,0,0,0,0,'',2,0,'',0,0,'','','','','','','','','','','','','','','','','','','','','');
/*!40000 ALTER TABLE `g5_board` ENABLE KEYS */;
UNLOCK TABLES;

--
-- Table structure for table `g5_board_file`
--

DROP TABLE IF EXISTS `g5_board_file`;
/*!40101 SET @saved_cs_client     = @@character_set_client */;
/*!40101 SET character_set_client = utf8 */;
CREATE TABLE `g5_board_file` (
  `bo_table` varchar(20) NOT NULL DEFAULT '',
  `wr_id` int(11) NOT NULL DEFAULT '0',
  `bf_no` int(11) NOT NULL DEFAULT '0',
  `bf_source` varchar(255) NOT NULL DEFAULT '',
  `bf_file` varchar(255) NOT NULL DEFAULT '',
  `bf_download` int(11) NOT NULL,
  `bf_content` text NOT NULL,
  `bf_fileurl` varchar(255) NOT NULL DEFAULT '',
  `bf_thumburl` varchar(255) NOT NULL DEFAULT '',
  `bf_storage` varchar(50) NOT NULL DEFAULT '',
  `bf_filesize` int(11) NOT NULL DEFAULT '0',
  `bf_width` int(11) NOT NULL DEFAULT '0',
  `bf_height` smallint(6) NOT NULL DEFAULT '0',
  `bf_type` tinyint(4) NOT NULL DEFAULT '0',
  `bf_datetime` datetime NOT NULL DEFAULT '0000-00-00 00:00:00',
  PRIMARY KEY (`bo_table`,`wr_id`,`bf_no`)
) ENGINE=InnoDB DEFAULT CHARSET=utf8;
/*!40101 SET character_set_client = @saved_cs_client */;

--
-- Dumping data for table `g5_board_file`
--

LOCK TABLES `g5_board_file` WRITE;
/*!40000 ALTER TABLE `g5_board_file` DISABLE KEYS */;
/*!40000 ALTER TABLE `g5_board_file` ENABLE KEYS */;
UNLOCK TABLES;

--
-- Table structure for table `g5_board_good`
--

DROP TABLE IF EXISTS `g5_board_good`;
/*!40101 SET @saved_cs_client     = @@character_set_client */;
/*!40101 SET character_set_client = utf8 */;
CREATE TABLE `g5_board_good` (
  `bg_id` int(11) NOT NULL AUTO_INCREMENT,
  `bo_table` varchar(20) NOT NULL DEFAULT '',
  `wr_id` int(11) NOT NULL DEFAULT '0',
  `mb_id` varchar(20) NOT NULL DEFAULT '',
  `bg_flag` varchar(255) NOT NULL DEFAULT '',
  `bg_datetime` datetime NOT NULL DEFAULT '0000-00-00 00:00:00',
  PRIMARY KEY (`bg_id`),
  UNIQUE KEY `fkey1` (`bo_table`,`wr_id`,`mb_id`)
) ENGINE=InnoDB DEFAULT CHARSET=utf8;
/*!40101 SET character_set_client = @saved_cs_client */;

--
-- Dumping data for table `g5_board_good`
--

LOCK TABLES `g5_board_good` WRITE;
/*!40000 ALTER TABLE `g5_board_good` DISABLE KEYS */;
/*!40000 ALTER TABLE `g5_board_good` ENABLE KEYS */;
UNLOCK TABLES;

--
-- Table structure for table `g5_board_new`
--

DROP TABLE IF EXISTS `g5_board_new`;
/*!40101 SET @saved_cs_client     = @@character_set_client */;
/*!40101 SET character_set_client = utf8 */;
CREATE TABLE `g5_board_new` (
  `bn_id` int(11) NOT NULL AUTO_INCREMENT,
  `bo_table` varchar(20) NOT NULL DEFAULT '',
  `wr_id` int(11) NOT NULL DEFAULT '0',
  `wr_parent` int(11) NOT NULL DEFAULT '0',
  `bn_datetime` datetime NOT NULL DEFAULT '0000-00-00 00:00:00',
  `mb_id` varchar(20) NOT NULL DEFAULT '',
  PRIMARY KEY (`bn_id`),
  KEY `mb_id` (`mb_id`)
) ENGINE=InnoDB DEFAULT CHARSET=utf8;
/*!40101 SET character_set_client = @saved_cs_client */;

--
-- Dumping data for table `g5_board_new`
--

LOCK TABLES `g5_board_new` WRITE;
/*!40000 ALTER TABLE `g5_board_new` DISABLE KEYS */;
/*!40000 ALTER TABLE `g5_board_new` ENABLE KEYS */;
UNLOCK TABLES;

--
-- Table structure for table `g5_branch`
--

DROP TABLE IF EXISTS `g5_branch`;
/*!40101 SET @saved_cs_client     = @@character_set_client */;
/*!40101 SET character_set_client = utf8 */;
CREATE TABLE `g5_branch` (
  `branch_id` int(11) NOT NULL AUTO_INCREMENT,
  `branch_name` varchar(100) NOT NULL COMMENT '지점명',
  `branch_addr` varchar(100) NOT NULL COMMENT '주소',
  `branch_tel` varchar(100) NOT NULL COMMENT '연락처',
  `branch_fax` varchar(100) NOT NULL COMMENT 'FAX',
  `branch_menu10` char(1) NOT NULL DEFAULT '' COMMENT '가사서비스',
  `branch_menu20` char(1) NOT NULL DEFAULT '' COMMENT '아가마지',
  `branch_hide` char(1) NOT NULL DEFAULT '' COMMENT '숨기기(삭제)',
  `reg_date` datetime NOT NULL,
  PRIMARY KEY (`branch_id`)
) ENGINE=InnoDB AUTO_INCREMENT=3 DEFAULT CHARSET=utf8 COMMENT='지점설정';
/*!40101 SET character_set_client = @saved_cs_client */;

--
-- Dumping data for table `g5_branch`
--

LOCK TABLES `g5_branch` WRITE;
/*!40000 ALTER TABLE `g5_branch` DISABLE KEYS */;
INSERT INTO `g5_branch` VALUES (1,'부산지사','부산시 연제구 거제천로 89, 이안빌딩 6층','051-710-4008','051-710-4008','y','','','2024-01-29 21:40:39'),(2,'서부산점','부산시 사하구 낙동대로 496, 제일빌딩 6층','010-5180-2446','010-5180-2446','y','y','','2024-01-29 21:45:25');
/*!40000 ALTER TABLE `g5_branch` ENABLE KEYS */;
UNLOCK TABLES;

--
-- Table structure for table `g5_branch_addr`
--

DROP TABLE IF EXISTS `g5_branch_addr`;
/*!40101 SET @saved_cs_client     = @@character_set_client */;
/*!40101 SET character_set_client = utf8 */;
CREATE TABLE `g5_branch_addr` (
  `branch_id` int(11) NOT NULL,
  `menu_code` varchar(255) NOT NULL COMMENT 'me_code [가사서비스/아가마지]',
  `branch_addr` varchar(100) NOT NULL COMMENT '지점주소'
) ENGINE=InnoDB DEFAULT CHARSET=utf8 COMMENT='지점주소설정';
/*!40101 SET character_set_client = @saved_cs_client */;

--
-- Dumping data for table `g5_branch_addr`
--

LOCK TABLES `g5_branch_addr` WRITE;
/*!40000 ALTER TABLE `g5_branch_addr` DISABLE KEYS */;
INSERT INTO `g5_branch_addr` VALUES (1,'10','부산시 연제구 거제천로 89, 이안빌딩 6층'),(1,'20','부산시 연제구 거제천로 89, 이안빌딩 6층'),(2,'10','부산시 사하구 낙동대로 496, 제일빌딩 6층'),(2,'20','부산시 사하구 낙동대로 496, 제일빌딩 6층');
/*!40000 ALTER TABLE `g5_branch_addr` ENABLE KEYS */;
UNLOCK TABLES;

--
-- Table structure for table `g5_cert_history`
--

DROP TABLE IF EXISTS `g5_cert_history`;
/*!40101 SET @saved_cs_client     = @@character_set_client */;
/*!40101 SET character_set_client = utf8 */;
CREATE TABLE `g5_cert_history` (
  `cr_id` int(11) NOT NULL AUTO_INCREMENT,
  `mb_id` varchar(20) NOT NULL DEFAULT '',
  `cr_company` varchar(255) NOT NULL DEFAULT '',
  `cr_method` varchar(255) NOT NULL DEFAULT '',
  `cr_ip` varchar(255) NOT NULL DEFAULT '',
  `cr_date` date NOT NULL DEFAULT '0000-00-00',
  `cr_time` time NOT NULL DEFAULT '00:00:00',
  PRIMARY KEY (`cr_id`),
  KEY `mb_id` (`mb_id`)
) ENGINE=InnoDB DEFAULT CHARSET=utf8;
/*!40101 SET character_set_client = @saved_cs_client */;

--
-- Dumping data for table `g5_cert_history`
--

LOCK TABLES `g5_cert_history` WRITE;
/*!40000 ALTER TABLE `g5_cert_history` DISABLE KEYS */;
/*!40000 ALTER TABLE `g5_cert_history` ENABLE KEYS */;
UNLOCK TABLES;

--
-- Table structure for table `g5_client`
--

DROP TABLE IF EXISTS `g5_client`;
/*!40101 SET @saved_cs_client     = @@character_set_client */;
/*!40101 SET character_set_client = utf8 */;
CREATE TABLE `g5_client` (
  `client_idx` int(11) NOT NULL AUTO_INCREMENT,
  `branch_id` varchar(255) NOT NULL COMMENT '지점 Index',
  `client_menu` varchar(255) NOT NULL COMMENT '가사서비스 / 아가마지',
  `client_service` varchar(255) NOT NULL COMMENT '고객 서비스',
  `receipt_date` date NOT NULL COMMENT '접수일자',
  `str_date` date NOT NULL COMMENT '시작일자',
  `end_date` date NOT NULL COMMENT '종료일자',
  `cancel_date` date NOT NULL COMMENT '취소일자',
  `cl_name` varchar(50) NOT NULL COMMENT '신청인',
  `cl_security_number` varchar(20) NOT NULL COMMENT '주민번호',
  `cl_hp` varchar(30) NOT NULL COMMENT '연락처',
  `cl_tel` varchar(30) NOT NULL COMMENT '긴급연락처',
  `cl_birth_type` varchar(30) NOT NULL COMMENT '출산유형',
  `cl_birth_due_date` date NOT NULL COMMENT '출산예정일',
  `cl_birth_date` date NOT NULL COMMENT '출산일',
  `cl_zip` char(6) NOT NULL COMMENT '우편번호',
  `cl_addr1` varchar(255) NOT NULL COMMENT '기본주소',
  `cl_addr2` varchar(255) NOT NULL COMMENT '상세주소',
  `cl_addr3` varchar(255) NOT NULL COMMENT '주소3',
  `cl_addr_jibeon` varchar(255) NOT NULL COMMENT '지번',
  `cl_area` varchar(255) NOT NULL COMMENT '지역',
  `cl_area_x` varchar(255) NOT NULL COMMENT '좌표 : X',
  `cl_area_y` varchar(255) NOT NULL COMMENT '좌표 : Y',
  `cl_memo1` text NOT NULL COMMENT '특이사항',
  `cl_memo2` text NOT NULL COMMENT '취소사유',
  `cl_service_cate` varchar(255) NOT NULL COMMENT '서비스구분 1차',
  `cl_service_cate2` varchar(255) NOT NULL COMMENT '서비스구분 2차',
  `cl_service_period` varchar(255) NOT NULL COMMENT '서비스기간',
  `cl_service_option` varchar(255) NOT NULL COMMENT '추가옵션',
  `cl_baby` varchar(30) NOT NULL COMMENT '출산아기',
  `cl_baby_gender` varchar(30) NOT NULL COMMENT '아기성별',
  `cl_baby_count` varchar(30) NOT NULL COMMENT '출산순위',
  `cl_baby_first` char(1) NOT NULL COMMENT '큰아이유무',
  `cl_school` varchar(30) NOT NULL COMMENT '취학',
  `cl_preschool` varchar(30) NOT NULL COMMENT '미취학',
  `cl_cctv` varchar(30) NOT NULL COMMENT 'CCTV',
  `cl_pet` varchar(30) NOT NULL COMMENT '반려동물',
  `cl_pet_dog` char(1) NOT NULL COMMENT '반려동물 - 애완견',
  `cl_pet_dog_cnt` int(1) NOT NULL COMMENT '반려동물 - 애완견 마리수',
  `cl_pet_cat` char(1) NOT NULL COMMENT '반려동물 - 애완묘',
  `cl_pet_cat_cnt` int(1) NOT NULL COMMENT '반려동물 - 애완묘 마리수',
  `cl_surcharge` varchar(30) NOT NULL COMMENT '추가요금부담',
  `cl_premium_use` char(1) NOT NULL,
  `cl_unit_price` double NOT NULL COMMENT '단가구분',
  `cl_tot_price` double NOT NULL COMMENT '합계금액',
  `cl_cash_receipt` varchar(50) NOT NULL DEFAULT '' COMMENT '현금영수증',
  `cl_memo3` text NOT NULL COMMENT '추가요청사항',
  `cl_relationship` varchar(50) NOT NULL DEFAULT '' COMMENT '가족관계',
  `cl_baby_name` varchar(50) NOT NULL DEFAULT '' COMMENT '아기이름',
  `cl_baby_birth` varchar(10) NOT NULL DEFAULT '' COMMENT '아기생년월일',
  `cl_service_str_date` date NOT NULL,
  `cl_service_end_date` date NOT NULL,
  `cl_service_time` varchar(10) NOT NULL DEFAULT '',
  `cl_prior_interview` varchar(10) NOT NULL DEFAULT '' COMMENT '사전면접',
  `cl_overtime` char(1) NOT NULL COMMENT '연장근무',
  `cl_twins` char(1) NOT NULL COMMENT '쌍둥이유무',
  `cl_recommended` varchar(30) NOT NULL COMMENT '추천경로',
  `cl_recommended_etc` varchar(100) NOT NULL COMMENT '추천경로(기타) 직접입력',
  `cl_work_select_mb_id` varchar(255) NOT NULL COMMENT '지정관리사',
  `cl_froebel_agree` char(1) NOT NULL COMMENT '프뢰벨 동의여부',
  `cl_pyeong` varchar(50) NOT NULL DEFAULT '' COMMENT '평수',
  `cl_squaremeters` varchar(50) NOT NULL DEFAULT '' COMMENT '㎡',
  `cl_regdate` datetime NOT NULL,
  `cl_hide` char(1) NOT NULL DEFAULT '' COMMENT '삭제(숨기기)',
  PRIMARY KEY (`client_idx`)
) ENGINE=InnoDB AUTO_INCREMENT=16 DEFAULT CHARSET=utf8 COMMENT='고객관리';
/*!40101 SET character_set_client = @saved_cs_client */;

--
-- Dumping data for table `g5_client`
--

LOCK TABLES `g5_client` WRITE;
/*!40000 ALTER TABLE `g5_client` DISABLE KEYS */;
INSERT INTO `g5_client` VALUES (1,'1','10','베이비시터','2024-01-23','0000-00-00','0000-00-00','2024-01-26','김민아','900101-2222222','010-1234-1234','','','0000-00-00','0000-00-00','47290','부산 부산진구 부전로 29','','(부전동, KT&G 부산진지사)','R','부산','129.056008741999','35.1528642254476','','','40','','','','','','첫째','','','','','','',0,'',0,'불가능','',0,0,'','','','','','0000-00-00','0000-00-00','','없음','','','기타','기타123','','','','','2024-05-28 09:44:48',''),(2,'1','20','아가마지','2024-01-23','0000-00-00','0000-00-00','0000-00-00','김보람','900101-2222222','010-2222-2222','','자연분만','0000-00-00','0000-00-00','48059','부산 해운대구 센텀동로 90','','(재송동, 센텀필2)','R','부산','129.127268717113','35.1757258323682','','','바우처','바우처 #1','','','단태아','여자','첫째','','','','','없음','',0,'',0,'불가능','',0,0,'','','','','','2024-01-23','2024-01-31','','없음','','','','','','','','','2024-01-23 15:59:58',''),(3,'1','10','반찬','2024-01-26','0000-00-00','0000-00-00','0000-00-00','우태하','890715-1111111','010-5180-2446','','','0000-00-00','0000-00-00','48269','부산 수영구 무학로33번길 25','','(광안동, 월드하우스)','R','부산','129.117590986227','35.1625564874828','','','30','33','3','','','','','','','','','','',0,'',0,'불가능','',70000,0,'','','','','','0000-00-00','0000-00-00','','없음','','','','','','','','','2024-05-28 09:45:05',''),(4,'1','10','청소','2024-01-26','0000-00-00','2024-01-26','0000-00-00','홍길동','890715-1111111','010-2222-2222','','','0000-00-00','0000-00-00','47290','부산 부산진구 부전로 29','','(부전동, KT&G 부산진지사)','R','부산','129.056008741999','35.1528642254476','','','50','','','','','','','','','','','','',0,'',0,'불가능','',0,0,'','','','','','0000-00-00','0000-00-00','','없음','','','','','','','','','2024-05-28 09:45:18',''),(5,'1','20','아가마지','2024-02-23','2024-02-24','2024-02-25','2024-02-26','김지원','970707-2222222','010-5555-6666','010-5555-6666','자연분만','2024-02-29','2024-03-01','48269','부산 수영구 무학로33번길 25','어디어디','(광안동, 월드하우스)','R','부산','129.117590986227','35.1625564874828','111','222','','','','','','','','','','','','','',0,'',0,'','',0,0,'','','','','','0000-00-00','0000-00-00','','','','','','','','','','','2024-02-23 16:58:37',''),(6,'1','20','아가마지','2024-02-23','0000-00-00','0000-00-00','0000-00-00','김연지','','010-2121-2121','','','0000-00-00','0000-00-00','48059','부산 해운대구 센텀동로 90','','(재송동, 센텀필2)','R','부산','129.127268717113','35.1757258323682','','','','','','','','','','','','','','','',0,'',0,'','',0,0,'','','','','','0000-00-00','0000-00-00','','','','','','','','','','','2024-02-23 15:55:25',''),(7,'1','20','아가마지','2024-02-23','0000-00-00','0000-00-00','0000-00-00','이은지','','010-2222-1212','','','0000-00-00','0000-00-00','48415','부산 남구 고동골로 1','','(문현동, 삼삼부동산)','R','부산','129.070951061883','35.1373074666843','','','','','','','','','','','','','','','',0,'',0,'','',0,0,'','','','','','0000-00-00','0000-00-00','','','','','','','','','','','2024-02-23 15:56:31',''),(8,'1','20','아가마지','2024-02-23','0000-00-00','0000-00-00','0000-00-00','서인주','','010-1919-9191','','','0000-00-00','0000-00-00','48059','부산 해운대구 센텀동로 90','111','(재송동, 센텀필2)','R','부산','129.127268717113','35.1757258323682','','','','','','','','','','','','','','','',0,'',0,'','',0,0,'','','','','','0000-00-00','0000-00-00','','','','','','','','','','','2024-02-23 16:01:29',''),(9,'2','20','아가마지','2024-02-26','2024-07-25','0000-00-00','0000-00-00','김아름','960102-2222222','010-7575-7575','','','0000-00-00','0000-00-00','48719','부산 동구 망양로945번길 19','어디어디111','(범일동)','R','부산','129.051589683526','35.1423486709029','','','20','26','74','7','','','둘째','','','','','','y',1,'y',2,'불가능','',2960000,0,'','','','','','0000-00-00','0000-00-00','','','','','기타','기타123','980808-2222222','','','','2024-07-28 17:53:01',''),(10,'1','10','베이비시터','2024-03-12','2024-03-13','2024-03-14','2024-03-15','이민우','950206-1111111','010-1478-1478','010-1478-1478','','0000-00-00','0000-00-00','47261','부산 부산진구 가야대로 지하 719','어디어디','(부전동, 지하철 부암역)','R','부산','129.050428497747','35.1574359013428','특이사항123\r\n특이사항123','취소사유123\r\n취소사유123','40','','','','','남자','첫째','','','','','','',0,'',0,'불가능','',0,0,'','','부','이민혁','2024-03-16','0000-00-00','0000-00-00','','없음','','','','','','','','','2024-05-23 12:53:08',''),(11,'2','20','아가마지','2024-03-17','2024-03-18','0000-00-00','0000-00-00','서지민','950505-2222222','010-1233-3211','010-1233-3211','수술','2024-03-31','2024-03-31','46973','부산 사상구 새벽로 226','어디어디','(괘법동, 서부산센텀병원)','R','부산','128.984554292584','35.1612120289821','특이사항123\r\n특이사항123','취소사유 123\r\n취소사유 123','10','16','41','8','단태아','여자','첫째','','1','1','y','','',0,'',0,'가능','',454000,11000,'111-1111-1111','추가요청사항 123\r\n추가요청사항 123','','','','0000-00-00','0000-00-00','','','','','','','','','','','2024-07-25 13:14:58',''),(12,'2','10','베이비시터','2024-03-17','2024-03-18','0000-00-00','0000-00-00','이수현','960606-2121212','010-5456-5456','010-5456-5456','','0000-00-00','0000-00-00','48049','부산 해운대구 센텀동로 201','어디어디','(재송동, 해운대자동차검사소)','R','부산','129.119752476507','35.1840449451068','특이사항123\r\n특이사항123','취소사유123\r\n취소사유123','40','37','14','','','','첫째','y','','','y','','',0,'',0,'가능','',12000,15000,'123-1234-1234','추가요청사항123\r\n추가요청사항123','모','이지혜','2024-03-17','0000-00-00','0000-00-00','','있음','y','y','홍보물','','890715-1111111','','','','2024-05-28 14:01:01',''),(13,'2','10','청소','2024-03-17','2024-03-18','0000-00-00','0000-00-00','우태하','890715-1111111','010-1122-5566','010-1122-5566','','0000-00-00','0000-00-00','48058','부산 해운대구 센텀중앙로 97','어디어디','(재송동, 센텀스카이비즈)','R','부산','129.124506074509','35.1751629116698','','','50','45','12','2','','','','','','','y','','y',2,'',0,'가능','',20000,22000,'111-2222-3333','','','','','0000-00-00','0000-00-00','','있음','y','','','','950202-2222222','n','23','76','2024-07-23 13:21:16',''),(14,'2','10','반찬','2024-03-17','2024-03-17','0000-00-00','0000-00-00','김민우','890505-1111111','010-8887-8887','010-8887-8887','','0000-00-00','0000-00-00','48269','부산 수영구 무학로33번길 25','어디어디','(광안동, 월드하우스)','R','부산','129.117590986227','35.1625564874828','특이사항123','취소사유123','30','33','3','','','','','','','','y','','y',3,'y',5,'가능','',50000,55000,'789-7899-78999','추가요청사항123\r\n추가요청사항123','','','','0000-00-00','0000-00-00','','있음','','','보건소','','','y','','','2024-05-28 11:07:20',''),(15,'2','20','아가마지','2024-04-08','2024-07-25','2024-07-31','0000-00-00','홍길동','','010-0808-9797','','','0000-00-00','0000-00-00','46754','부산 강서구 녹산산단335로 8','어디어디','(송정동, 부산울산지방중소기업청)','R','부산','128.85538968215','35.0896696438317','','','10','8','17','7','쌍생아','남자','첫째','','','','','','',0,'',0,'불가능','',68000,0,'','','','','','0000-00-00','0000-00-00','','','','','','','970707-1111111','','','','2024-07-25 17:37:33','');
/*!40000 ALTER TABLE `g5_client` ENABLE KEYS */;
UNLOCK TABLES;

--
-- Table structure for table `g5_client_complaints`
--

DROP TABLE IF EXISTS `g5_client_complaints`;
/*!40101 SET @saved_cs_client     = @@character_set_client */;
/*!40101 SET character_set_client = utf8 */;
CREATE TABLE `g5_client_complaints` (
  `idx` int(11) NOT NULL AUTO_INCREMENT,
  `branch_id` varchar(255) NOT NULL,
  `set_mb_menu` varchar(255) NOT NULL,
  `comp_date` date NOT NULL COMMENT '접수일자',
  `comp_category` varchar(100) NOT NULL COMMENT '상담구분',
  `comp_client_idx` int(11) NOT NULL DEFAULT '0' COMMENT '고객 Idx',
  `comp_client_name` varchar(100) NOT NULL COMMENT '고객명',
  `comp_content` text NOT NULL COMMENT '상담내용',
  `take_date` date NOT NULL COMMENT '조치일자',
  `take_category` varchar(100) NOT NULL COMMENT '조치구분',
  `take_mb_id` varchar(255) NOT NULL COMMENT '조치자 아이디',
  `take_mb_name` varchar(255) NOT NULL COMMENT '조치자명',
  `take_content` text NOT NULL COMMENT '조치내용',
  `take_etc` text NOT NULL COMMENT '비고',
  `reg_date` datetime NOT NULL,
  PRIMARY KEY (`idx`)
) ENGINE=InnoDB AUTO_INCREMENT=7 DEFAULT CHARSET=utf8 COMMENT='민원관리';
/*!40101 SET character_set_client = @saved_cs_client */;

--
-- Dumping data for table `g5_client_complaints`
--

LOCK TABLES `g5_client_complaints` WRITE;
/*!40000 ALTER TABLE `g5_client_complaints` DISABLE KEYS */;
INSERT INTO `g5_client_complaints` VALUES (1,'2','10','2024-01-26','민원(제공인력변경)',3,'우태하','11','2024-01-31','기타','','','22','33','2024-01-26 17:02:00'),(2,'2','10','2024-01-26','민원(서비스 중지)',3,'우태하','123','0000-00-00','','','','123','123','2024-01-26 17:06:11'),(3,'2','10','2024-01-26','배상처리',4,'홍길동','123123','2024-01-30','상담완료','','','123123','123','2024-01-26 17:08:40'),(4,'2','10','2024-01-27','고충상담',3,'우태하','123\r\n123\r\n123\r\n123','2024-05-29','제공인력변경','950202-2222222','서인아','123','123','2024-01-27 13:40:03'),(5,'2','20','2024-01-27','퇴사자상담',2,'김보람','dz','0000-00-00','','','','','dz','2024-01-27 16:46:07'),(6,'2','10','2024-02-22','서비스 취소',1,'김민아','111','2024-02-22','서비스 중지','970505-1111111','김반찬','222','333','2024-02-22 13:18:49');
/*!40000 ALTER TABLE `g5_client_complaints` ENABLE KEYS */;
UNLOCK TABLES;

--
-- Table structure for table `g5_client_rental`
--

DROP TABLE IF EXISTS `g5_client_rental`;
/*!40101 SET @saved_cs_client     = @@character_set_client */;
/*!40101 SET character_set_client = utf8 */;
CREATE TABLE `g5_client_rental` (
  `rent_idx` int(11) NOT NULL AUTO_INCREMENT,
  `branch_id` varchar(255) NOT NULL COMMENT '지점 Index',
  `set_mb_menu` varchar(255) NOT NULL,
  `set_idx` int(11) NOT NULL COMMENT '상품 Index',
  `rent_year` char(4) NOT NULL COMMENT '대여 년도',
  `rent_mb_id` varchar(255) NOT NULL COMMENT '회원 아이디',
  `rent_return_mb_id` varchar(255) NOT NULL COMMENT '반납 아이디',
  `rent_numb` varchar(50) NOT NULL COMMENT '대여품번호',
  `rent_date` date NOT NULL COMMENT '대여기간',
  `rent_name` varchar(50) NOT NULL COMMENT '대여자(성명)',
  `rent_return_date` date NOT NULL COMMENT '반납기간',
  `rent_return_name` varchar(50) NOT NULL COMMENT '반납자(성명)',
  `rent_reg_date` datetime NOT NULL,
  PRIMARY KEY (`rent_idx`)
) ENGINE=InnoDB AUTO_INCREMENT=3 DEFAULT CHARSET=utf8 COMMENT='대여품관리';
/*!40101 SET character_set_client = @saved_cs_client */;

--
-- Dumping data for table `g5_client_rental`
--

LOCK TABLES `g5_client_rental` WRITE;
/*!40000 ALTER TABLE `g5_client_rental` DISABLE KEYS */;
INSERT INTO `g5_client_rental` VALUES (1,'2','20',1,'2024','990101-2222222','990101-2222222','9999','2024-01-23','김민정','2024-01-24','김민정','2024-01-23 16:03:13'),(2,'2','20',1,'2025','950101-2222222','950101-2222222','1000','2025-01-01','이민정','2025-01-31','이민정','2024-01-23 16:19:28');
/*!40000 ALTER TABLE `g5_client_rental` ENABLE KEYS */;
UNLOCK TABLES;

--
-- Table structure for table `g5_client_rental_set`
--

DROP TABLE IF EXISTS `g5_client_rental_set`;
/*!40101 SET @saved_cs_client     = @@character_set_client */;
/*!40101 SET character_set_client = utf8 */;
CREATE TABLE `g5_client_rental_set` (
  `set_idx` int(11) NOT NULL AUTO_INCREMENT,
  `branch_id` varchar(255) NOT NULL COMMENT '지점 Index',
  `set_mb_menu` varchar(255) NOT NULL,
  `set_tit` varchar(100) NOT NULL COMMENT '대여품명',
  `set_hide` char(1) NOT NULL COMMENT '삭제(숨기기)',
  PRIMARY KEY (`set_idx`)
) ENGINE=InnoDB AUTO_INCREMENT=7 DEFAULT CHARSET=utf8 COMMENT='대여품 상품관리';
/*!40101 SET character_set_client = @saved_cs_client */;

--
-- Dumping data for table `g5_client_rental_set`
--

LOCK TABLES `g5_client_rental_set` WRITE;
/*!40000 ALTER TABLE `g5_client_rental_set` DISABLE KEYS */;
INSERT INTO `g5_client_rental_set` VALUES (1,'2','20','유축기',''),(2,'2','20','좌욕기',''),(3,'2','20','가나다111',''),(4,'2','20','가가가1',''),(5,'2','20','나나나1','y'),(6,'2','20','111','y');
/*!40000 ALTER TABLE `g5_client_rental_set` ENABLE KEYS */;
UNLOCK TABLES;

--
-- Table structure for table `g5_config`
--

DROP TABLE IF EXISTS `g5_config`;
/*!40101 SET @saved_cs_client     = @@character_set_client */;
/*!40101 SET character_set_client = utf8 */;
CREATE TABLE `g5_config` (
  `cf_title` varchar(255) NOT NULL DEFAULT '',
  `cf_theme` varchar(100) NOT NULL DEFAULT '',
  `cf_admin` varchar(100) NOT NULL DEFAULT '',
  `cf_admin_email` varchar(100) NOT NULL DEFAULT '',
  `cf_admin_email_name` varchar(100) NOT NULL DEFAULT '',
  `cf_add_script` text NOT NULL,
  `cf_use_point` tinyint(4) NOT NULL DEFAULT '0',
  `cf_point_term` int(11) NOT NULL DEFAULT '0',
  `cf_use_copy_log` tinyint(4) NOT NULL DEFAULT '0',
  `cf_use_email_certify` tinyint(4) NOT NULL DEFAULT '0',
  `cf_login_point` int(11) NOT NULL DEFAULT '0',
  `cf_cut_name` tinyint(4) NOT NULL DEFAULT '0',
  `cf_nick_modify` int(11) NOT NULL DEFAULT '0',
  `cf_new_skin` varchar(50) NOT NULL DEFAULT '',
  `cf_new_rows` int(11) NOT NULL DEFAULT '0',
  `cf_search_skin` varchar(50) NOT NULL DEFAULT '',
  `cf_connect_skin` varchar(50) NOT NULL DEFAULT '',
  `cf_faq_skin` varchar(50) NOT NULL DEFAULT '',
  `cf_read_point` int(11) NOT NULL DEFAULT '0',
  `cf_write_point` int(11) NOT NULL DEFAULT '0',
  `cf_comment_point` int(11) NOT NULL DEFAULT '0',
  `cf_download_point` int(11) NOT NULL DEFAULT '0',
  `cf_write_pages` int(11) NOT NULL DEFAULT '0',
  `cf_mobile_pages` int(11) NOT NULL DEFAULT '0',
  `cf_link_target` varchar(50) NOT NULL DEFAULT '',
  `cf_bbs_rewrite` tinyint(4) NOT NULL DEFAULT '0',
  `cf_delay_sec` int(11) NOT NULL DEFAULT '0',
  `cf_filter` text NOT NULL,
  `cf_possible_ip` text NOT NULL,
  `cf_intercept_ip` text NOT NULL,
  `cf_analytics` text NOT NULL,
  `cf_add_meta` text NOT NULL,
  `cf_syndi_token` varchar(255) NOT NULL,
  `cf_syndi_except` text NOT NULL,
  `cf_member_skin` varchar(50) NOT NULL DEFAULT '',
  `cf_use_homepage` tinyint(4) NOT NULL DEFAULT '0',
  `cf_req_homepage` tinyint(4) NOT NULL DEFAULT '0',
  `cf_use_tel` tinyint(4) NOT NULL DEFAULT '0',
  `cf_req_tel` tinyint(4) NOT NULL DEFAULT '0',
  `cf_use_hp` tinyint(4) NOT NULL DEFAULT '0',
  `cf_req_hp` tinyint(4) NOT NULL DEFAULT '0',
  `cf_use_addr` tinyint(4) NOT NULL DEFAULT '0',
  `cf_req_addr` tinyint(4) NOT NULL DEFAULT '0',
  `cf_use_signature` tinyint(4) NOT NULL DEFAULT '0',
  `cf_req_signature` tinyint(4) NOT NULL DEFAULT '0',
  `cf_use_profile` tinyint(4) NOT NULL DEFAULT '0',
  `cf_req_profile` tinyint(4) NOT NULL DEFAULT '0',
  `cf_register_level` tinyint(4) NOT NULL DEFAULT '0',
  `cf_register_point` int(11) NOT NULL DEFAULT '0',
  `cf_icon_level` tinyint(4) NOT NULL DEFAULT '0',
  `cf_use_recommend` tinyint(4) NOT NULL DEFAULT '0',
  `cf_recommend_point` int(11) NOT NULL DEFAULT '0',
  `cf_leave_day` int(11) NOT NULL DEFAULT '0',
  `cf_search_part` int(11) NOT NULL DEFAULT '0',
  `cf_email_use` tinyint(4) NOT NULL DEFAULT '0',
  `cf_email_wr_super_admin` tinyint(4) NOT NULL DEFAULT '0',
  `cf_email_wr_group_admin` tinyint(4) NOT NULL DEFAULT '0',
  `cf_email_wr_board_admin` tinyint(4) NOT NULL DEFAULT '0',
  `cf_email_wr_write` tinyint(4) NOT NULL DEFAULT '0',
  `cf_email_wr_comment_all` tinyint(4) NOT NULL DEFAULT '0',
  `cf_email_mb_super_admin` tinyint(4) NOT NULL DEFAULT '0',
  `cf_email_mb_member` tinyint(4) NOT NULL DEFAULT '0',
  `cf_email_po_super_admin` tinyint(4) NOT NULL DEFAULT '0',
  `cf_prohibit_id` text NOT NULL,
  `cf_prohibit_email` text NOT NULL,
  `cf_new_del` int(11) NOT NULL DEFAULT '0',
  `cf_memo_del` int(11) NOT NULL DEFAULT '0',
  `cf_visit_del` int(11) NOT NULL DEFAULT '0',
  `cf_popular_del` int(11) NOT NULL DEFAULT '0',
  `cf_optimize_date` date NOT NULL DEFAULT '0000-00-00',
  `cf_use_member_icon` tinyint(4) NOT NULL DEFAULT '0',
  `cf_member_icon_size` int(11) NOT NULL DEFAULT '0',
  `cf_member_icon_width` int(11) NOT NULL DEFAULT '0',
  `cf_member_icon_height` int(11) NOT NULL DEFAULT '0',
  `cf_member_img_size` int(11) NOT NULL DEFAULT '0',
  `cf_member_img_width` int(11) NOT NULL DEFAULT '0',
  `cf_member_img_height` int(11) NOT NULL DEFAULT '0',
  `cf_login_minutes` int(11) NOT NULL DEFAULT '0',
  `cf_image_extension` varchar(255) NOT NULL DEFAULT '',
  `cf_flash_extension` varchar(255) NOT NULL DEFAULT '',
  `cf_movie_extension` varchar(255) NOT NULL DEFAULT '',
  `cf_formmail_is_member` tinyint(4) NOT NULL DEFAULT '0',
  `cf_page_rows` int(11) NOT NULL DEFAULT '0',
  `cf_mobile_page_rows` int(11) NOT NULL DEFAULT '0',
  `cf_visit` varchar(255) NOT NULL DEFAULT '',
  `cf_max_po_id` int(11) NOT NULL DEFAULT '0',
  `cf_stipulation` text NOT NULL,
  `cf_privacy` text NOT NULL,
  `cf_open_modify` int(11) NOT NULL DEFAULT '0',
  `cf_memo_send_point` int(11) NOT NULL DEFAULT '0',
  `cf_mobile_new_skin` varchar(50) NOT NULL DEFAULT '',
  `cf_mobile_search_skin` varchar(50) NOT NULL DEFAULT '',
  `cf_mobile_connect_skin` varchar(50) NOT NULL DEFAULT '',
  `cf_mobile_faq_skin` varchar(50) NOT NULL DEFAULT '',
  `cf_mobile_member_skin` varchar(50) NOT NULL DEFAULT '',
  `cf_captcha_mp3` varchar(255) NOT NULL DEFAULT '',
  `cf_editor` varchar(50) NOT NULL DEFAULT '',
  `cf_cert_use` tinyint(4) NOT NULL DEFAULT '0',
  `cf_cert_find` tinyint(4) NOT NULL DEFAULT '0',
  `cf_cert_ipin` varchar(255) NOT NULL DEFAULT '',
  `cf_cert_hp` varchar(255) NOT NULL DEFAULT '',
  `cf_cert_simple` varchar(255) NOT NULL DEFAULT '',
  `cf_cert_kg_cd` varchar(255) NOT NULL DEFAULT '',
  `cf_cert_kg_mid` varchar(255) NOT NULL DEFAULT '',
  `cf_cert_kcb_cd` varchar(255) NOT NULL DEFAULT '',
  `cf_cert_kcp_cd` varchar(255) NOT NULL DEFAULT '',
  `cf_lg_mid` varchar(100) NOT NULL DEFAULT '',
  `cf_lg_mert_key` varchar(100) NOT NULL DEFAULT '',
  `cf_cert_limit` int(11) NOT NULL DEFAULT '0',
  `cf_cert_req` tinyint(4) NOT NULL DEFAULT '0',
  `cf_sms_use` varchar(255) NOT NULL DEFAULT '',
  `cf_sms_type` varchar(10) NOT NULL DEFAULT '',
  `cf_icode_id` varchar(255) NOT NULL DEFAULT '',
  `cf_icode_pw` varchar(255) NOT NULL DEFAULT '',
  `cf_icode_server_ip` varchar(50) NOT NULL DEFAULT '',
  `cf_icode_server_port` varchar(50) NOT NULL DEFAULT '',
  `cf_icode_token_key` varchar(100) NOT NULL DEFAULT '',
  `cf_googl_shorturl_apikey` varchar(50) NOT NULL DEFAULT '',
  `cf_social_login_use` tinyint(4) NOT NULL DEFAULT '0',
  `cf_social_servicelist` varchar(255) NOT NULL DEFAULT '',
  `cf_payco_clientid` varchar(100) NOT NULL DEFAULT '',
  `cf_payco_secret` varchar(100) NOT NULL DEFAULT '',
  `cf_facebook_appid` varchar(100) NOT NULL,
  `cf_facebook_secret` varchar(100) NOT NULL,
  `cf_twitter_key` varchar(100) NOT NULL,
  `cf_twitter_secret` varchar(100) NOT NULL,
  `cf_google_clientid` varchar(100) NOT NULL DEFAULT '',
  `cf_google_secret` varchar(100) NOT NULL DEFAULT '',
  `cf_naver_clientid` varchar(100) NOT NULL DEFAULT '',
  `cf_naver_secret` varchar(100) NOT NULL DEFAULT '',
  `cf_kakao_rest_key` varchar(100) NOT NULL DEFAULT '',
  `cf_kakao_client_secret` varchar(100) NOT NULL DEFAULT '',
  `cf_kakao_js_apikey` varchar(100) NOT NULL,
  `cf_captcha` varchar(100) NOT NULL DEFAULT '',
  `cf_recaptcha_site_key` varchar(100) NOT NULL DEFAULT '',
  `cf_recaptcha_secret_key` varchar(100) NOT NULL DEFAULT '',
  `cf_1_subj` varchar(255) NOT NULL DEFAULT '',
  `cf_2_subj` varchar(255) NOT NULL DEFAULT '',
  `cf_3_subj` varchar(255) NOT NULL DEFAULT '',
  `cf_4_subj` varchar(255) NOT NULL DEFAULT '',
  `cf_5_subj` varchar(255) NOT NULL DEFAULT '',
  `cf_6_subj` varchar(255) NOT NULL DEFAULT '',
  `cf_7_subj` varchar(255) NOT NULL DEFAULT '',
  `cf_8_subj` varchar(255) NOT NULL DEFAULT '',
  `cf_9_subj` varchar(255) NOT NULL DEFAULT '',
  `cf_10_subj` varchar(255) NOT NULL DEFAULT '',
  `cf_1` varchar(255) NOT NULL DEFAULT '',
  `cf_2` varchar(255) NOT NULL DEFAULT '',
  `cf_3` varchar(255) NOT NULL DEFAULT '',
  `cf_4` varchar(255) NOT NULL DEFAULT '',
  `cf_5` varchar(255) NOT NULL DEFAULT '',
  `cf_6` varchar(255) NOT NULL DEFAULT '',
  `cf_7` varchar(255) NOT NULL DEFAULT '',
  `cf_8` varchar(255) NOT NULL DEFAULT '',
  `cf_9` varchar(255) NOT NULL DEFAULT '',
  `cf_10` varchar(255) NOT NULL DEFAULT ''
) ENGINE=InnoDB DEFAULT CHARSET=utf8;
/*!40101 SET character_set_client = @saved_cs_client */;

--
-- Dumping data for table `g5_config`
--

LOCK TABLES `g5_config` WRITE;
/*!40000 ALTER TABLE `g5_config` DISABLE KEYS */;
INSERT INTO `g5_config` VALUES ('(사)부산돌봄사회서비스센터','basic','admin','admin@domain.com','(사)부산돌봄사회서비스센터','',0,0,1,0,0,15,60,'basic',15,'basic','basic','basic',0,0,0,0,10,5,'_blank',0,30,'18아,18놈,18새끼,18뇬,18노,18것,18넘,개년,개놈,개뇬,개새,개색끼,개세끼,개세이,개쉐이,개쉑,개쉽,개시키,개자식,개좆,게색기,게색끼,광뇬,뇬,눈깔,뉘미럴,니귀미,니기미,니미,도촬,되질래,뒈져라,뒈진다,디져라,디진다,디질래,병쉰,병신,뻐큐,뻑큐,뽁큐,삐리넷,새꺄,쉬발,쉬밸,쉬팔,쉽알,스패킹,스팽,시벌,시부랄,시부럴,시부리,시불,시브랄,시팍,시팔,시펄,실밸,십8,십쌔,십창,싶알,쌉년,썅놈,쌔끼,쌩쑈,썅,써벌,썩을년,쎄꺄,쎄엑,쓰바,쓰발,쓰벌,쓰팔,씨8,씨댕,씨바,씨발,씨뱅,씨봉알,씨부랄,씨부럴,씨부렁,씨부리,씨불,씨브랄,씨빠,씨빨,씨뽀랄,씨팍,씨팔,씨펄,씹,아가리,아갈이,엄창,접년,잡놈,재랄,저주글,조까,조빠,조쟁이,조지냐,조진다,조질래,존나,존니,좀물,좁년,좃,좆,좇,쥐랄,쥐롤,쥬디,지랄,지럴,지롤,지미랄,쫍빱,凸,퍽큐,뻑큐,빠큐,ㅅㅂㄹㅁ','','','','','','','theme/basic',0,0,0,0,1,1,1,1,0,0,0,0,2,1000,2,0,0,30,10000,1,0,0,0,0,0,0,0,0,'admin,administrator,관리자,운영자,어드민,주인장,webmaster,웹마스터,sysop,시삽,시샵,manager,매니저,메니저,root,루트,su,guest,방문객','',30,180,180,180,'2024-07-28',2,5000,22,22,500000,139,159,10,'gif|jpg|jpeg|png','swf','asx|asf|wmv|wma|mpg|mpeg|mov|avi|mp3',1,15,15,'오늘:1,어제:0,최대:16,전체:961',0,'해당 홈페이지에 맞는 회원가입약관을 입력합니다.','해당 홈페이지에 맞는 개인정보처리방침을 입력합니다.',0,0,'basic','basic','basic','basic','theme/basic','basic','smarteditor2',0,0,'','','','','','','','','',2,0,'icode','LMS','gibs4008','98410311a=','211.172.232.124','7295','','',0,'','','','','','','','','','','','','','','kcaptcha','','','','','','','','','','','','','','','','','','','','','','');
/*!40000 ALTER TABLE `g5_config` ENABLE KEYS */;
UNLOCK TABLES;

--
-- Table structure for table `g5_content`
--

DROP TABLE IF EXISTS `g5_content`;
/*!40101 SET @saved_cs_client     = @@character_set_client */;
/*!40101 SET character_set_client = utf8 */;
CREATE TABLE `g5_content` (
  `co_id` varchar(20) NOT NULL DEFAULT '',
  `co_html` tinyint(4) NOT NULL DEFAULT '0',
  `co_subject` varchar(255) NOT NULL DEFAULT '',
  `co_content` longtext NOT NULL,
  `co_seo_title` varchar(255) NOT NULL DEFAULT '',
  `co_mobile_content` longtext NOT NULL,
  `co_skin` varchar(255) NOT NULL DEFAULT '',
  `co_mobile_skin` varchar(255) NOT NULL DEFAULT '',
  `co_tag_filter_use` tinyint(4) NOT NULL DEFAULT '0',
  `co_hit` int(11) NOT NULL DEFAULT '0',
  `co_include_head` varchar(255) NOT NULL,
  `co_include_tail` varchar(255) NOT NULL,
  PRIMARY KEY (`co_id`),
  KEY `co_seo_title` (`co_seo_title`)
) ENGINE=InnoDB DEFAULT CHARSET=utf8;
/*!40101 SET character_set_client = @saved_cs_client */;

--
-- Dumping data for table `g5_content`
--

LOCK TABLES `g5_content` WRITE;
/*!40000 ALTER TABLE `g5_content` DISABLE KEYS */;
INSERT INTO `g5_content` VALUES ('company',1,'회사소개','<p align=center><b>회사소개에 대한 내용을 입력하십시오.</b></p>','','','basic','basic',0,0,'',''),('privacy',1,'개인정보 처리방침','<p align=center><b>개인정보 처리방침에 대한 내용을 입력하십시오.</b></p>','','','basic','basic',0,0,'',''),('provision',1,'서비스 이용약관','<p align=center><b>서비스 이용약관에 대한 내용을 입력하십시오.</b></p>','','','basic','basic',0,0,'','');
/*!40000 ALTER TABLE `g5_content` ENABLE KEYS */;
UNLOCK TABLES;

--
-- Table structure for table `g5_faq`
--

DROP TABLE IF EXISTS `g5_faq`;
/*!40101 SET @saved_cs_client     = @@character_set_client */;
/*!40101 SET character_set_client = utf8 */;
CREATE TABLE `g5_faq` (
  `fa_id` int(11) NOT NULL AUTO_INCREMENT,
  `fm_id` int(11) NOT NULL DEFAULT '0',
  `fa_subject` text NOT NULL,
  `fa_content` text NOT NULL,
  `fa_order` int(11) NOT NULL DEFAULT '0',
  PRIMARY KEY (`fa_id`),
  KEY `fm_id` (`fm_id`)
) ENGINE=InnoDB DEFAULT CHARSET=utf8;
/*!40101 SET character_set_client = @saved_cs_client */;

--
-- Dumping data for table `g5_faq`
--

LOCK TABLES `g5_faq` WRITE;
/*!40000 ALTER TABLE `g5_faq` DISABLE KEYS */;
/*!40000 ALTER TABLE `g5_faq` ENABLE KEYS */;
UNLOCK TABLES;

--
-- Table structure for table `g5_faq_master`
--

DROP TABLE IF EXISTS `g5_faq_master`;
/*!40101 SET @saved_cs_client     = @@character_set_client */;
/*!40101 SET character_set_client = utf8 */;
CREATE TABLE `g5_faq_master` (
  `fm_id` int(11) NOT NULL AUTO_INCREMENT,
  `fm_subject` varchar(255) NOT NULL DEFAULT '',
  `fm_head_html` text NOT NULL,
  `fm_tail_html` text NOT NULL,
  `fm_mobile_head_html` text NOT NULL,
  `fm_mobile_tail_html` text NOT NULL,
  `fm_order` int(11) NOT NULL DEFAULT '0',
  PRIMARY KEY (`fm_id`)
) ENGINE=InnoDB AUTO_INCREMENT=2 DEFAULT CHARSET=utf8;
/*!40101 SET character_set_client = @saved_cs_client */;

--
-- Dumping data for table `g5_faq_master`
--

LOCK TABLES `g5_faq_master` WRITE;
/*!40000 ALTER TABLE `g5_faq_master` DISABLE KEYS */;
INSERT INTO `g5_faq_master` VALUES (1,'자주하시는 질문','','','','',0);
/*!40000 ALTER TABLE `g5_faq_master` ENABLE KEYS */;
UNLOCK TABLES;

--
-- Table structure for table `g5_group`
--

DROP TABLE IF EXISTS `g5_group`;
/*!40101 SET @saved_cs_client     = @@character_set_client */;
/*!40101 SET character_set_client = utf8 */;
CREATE TABLE `g5_group` (
  `gr_id` varchar(10) NOT NULL DEFAULT '',
  `gr_subject` varchar(255) NOT NULL DEFAULT '',
  `gr_device` enum('both','pc','mobile') NOT NULL DEFAULT 'both',
  `gr_admin` varchar(255) NOT NULL DEFAULT '',
  `gr_use_access` tinyint(4) NOT NULL DEFAULT '0',
  `gr_order` int(11) NOT NULL DEFAULT '0',
  `gr_1_subj` varchar(255) NOT NULL DEFAULT '',
  `gr_2_subj` varchar(255) NOT NULL DEFAULT '',
  `gr_3_subj` varchar(255) NOT NULL DEFAULT '',
  `gr_4_subj` varchar(255) NOT NULL DEFAULT '',
  `gr_5_subj` varchar(255) NOT NULL DEFAULT '',
  `gr_6_subj` varchar(255) NOT NULL DEFAULT '',
  `gr_7_subj` varchar(255) NOT NULL DEFAULT '',
  `gr_8_subj` varchar(255) NOT NULL DEFAULT '',
  `gr_9_subj` varchar(255) NOT NULL DEFAULT '',
  `gr_10_subj` varchar(255) NOT NULL DEFAULT '',
  `gr_1` varchar(255) NOT NULL DEFAULT '',
  `gr_2` varchar(255) NOT NULL DEFAULT '',
  `gr_3` varchar(255) NOT NULL DEFAULT '',
  `gr_4` varchar(255) NOT NULL DEFAULT '',
  `gr_5` varchar(255) NOT NULL DEFAULT '',
  `gr_6` varchar(255) NOT NULL DEFAULT '',
  `gr_7` varchar(255) NOT NULL DEFAULT '',
  `gr_8` varchar(255) NOT NULL DEFAULT '',
  `gr_9` varchar(255) NOT NULL DEFAULT '',
  `gr_10` varchar(255) NOT NULL DEFAULT '',
  PRIMARY KEY (`gr_id`)
) ENGINE=InnoDB DEFAULT CHARSET=utf8;
/*!40101 SET character_set_client = @saved_cs_client */;

--
-- Dumping data for table `g5_group`
--

LOCK TABLES `g5_group` WRITE;
/*!40000 ALTER TABLE `g5_group` DISABLE KEYS */;
INSERT INTO `g5_group` VALUES ('client','고객관리','both','',0,0,'','','','','','','','','','','','','','','','','','','',''),('community','커뮤니티','both','',0,0,'','','','','','','','','','','','','','','','','','','','');
/*!40000 ALTER TABLE `g5_group` ENABLE KEYS */;
UNLOCK TABLES;

--
-- Table structure for table `g5_group_member`
--

DROP TABLE IF EXISTS `g5_group_member`;
/*!40101 SET @saved_cs_client     = @@character_set_client */;
/*!40101 SET character_set_client = utf8 */;
CREATE TABLE `g5_group_member` (
  `gm_id` int(11) NOT NULL AUTO_INCREMENT,
  `gr_id` varchar(255) NOT NULL DEFAULT '',
  `mb_id` varchar(20) NOT NULL DEFAULT '',
  `gm_datetime` datetime NOT NULL DEFAULT '0000-00-00 00:00:00',
  PRIMARY KEY (`gm_id`),
  KEY `gr_id` (`gr_id`),
  KEY `mb_id` (`mb_id`)
) ENGINE=InnoDB DEFAULT CHARSET=utf8;
/*!40101 SET character_set_client = @saved_cs_client */;

--
-- Dumping data for table `g5_group_member`
--

LOCK TABLES `g5_group_member` WRITE;
/*!40000 ALTER TABLE `g5_group_member` DISABLE KEYS */;
/*!40000 ALTER TABLE `g5_group_member` ENABLE KEYS */;
UNLOCK TABLES;

--
-- Table structure for table `g5_holiday`
--

DROP TABLE IF EXISTS `g5_holiday`;
/*!40101 SET @saved_cs_client     = @@character_set_client */;
/*!40101 SET character_set_client = utf8 */;
CREATE TABLE `g5_holiday` (
  `h_name` varchar(100) NOT NULL,
  `h_year` char(4) NOT NULL,
  `h_month` char(2) NOT NULL,
  `h_day` char(2) NOT NULL,
  `h_date` date NOT NULL,
  `h_date_char` varchar(8) NOT NULL,
  `is_holiday` char(1) NOT NULL
) ENGINE=InnoDB DEFAULT CHARSET=utf8;
/*!40101 SET character_set_client = @saved_cs_client */;

--
-- Dumping data for table `g5_holiday`
--

LOCK TABLES `g5_holiday` WRITE;
/*!40000 ALTER TABLE `g5_holiday` DISABLE KEYS */;
INSERT INTO `g5_holiday` VALUES ('1월1일','2024','01','01','2024-01-01','20240101','Y'),('설날','2024','02','09','2024-02-09','20240209','Y'),('설날','2024','02','10','2024-02-10','20240210','Y'),('설날','2024','02','11','2024-02-11','20240211','Y'),('대체공휴일(설날)','2024','02','12','2024-02-12','20240212','Y'),('삼일절','2024','03','01','2024-03-01','20240301','Y'),('국회의원선거','2024','04','10','2024-04-10','20240410','Y'),('어린이날','2024','05','05','2024-05-05','20240505','Y'),('대체공휴일(어린이날)','2024','05','06','2024-05-06','20240506','Y'),('부처님오신날','2024','05','15','2024-05-15','20240515','Y'),('현충일','2024','06','06','2024-06-06','20240606','Y'),('광복절','2024','08','15','2024-08-15','20240815','Y'),('추석','2024','09','16','2024-09-16','20240916','Y'),('추석','2024','09','17','2024-09-17','20240917','Y'),('추석','2024','09','18','2024-09-18','20240918','Y'),('개천절','2024','10','03','2024-10-03','20241003','Y'),('한글날','2024','10','09','2024-10-09','20241009','Y'),('기독탄신일','2024','12','25','2024-12-25','20241225','Y'),('1월1일','2025','01','01','2025-01-01','20250101','Y'),('설날','2025','01','28','2025-01-28','20250128','Y'),('설날','2025','01','29','2025-01-29','20250129','Y'),('설날','2025','01','30','2025-01-30','20250130','Y'),('삼일절','2025','03','01','2025-03-01','20250301','Y'),('대체공휴일','2025','03','03','2025-03-03','20250303','Y'),('어린이날','2025','05','05','2025-05-05','20250505','Y'),('대체공휴일','2025','05','06','2025-05-06','20250506','Y'),('현충일','2025','06','06','2025-06-06','20250606','Y'),('광복절','2025','08','15','2025-08-15','20250815','Y'),('개천절','2025','10','03','2025-10-03','20251003','Y'),('추석','2025','10','05','2025-10-05','20251005','Y'),('추석','2025','10','06','2025-10-06','20251006','Y'),('추석','2025','10','07','2025-10-07','20251007','Y'),('대체공휴일','2025','10','08','2025-10-08','20251008','Y'),('한글날','2025','10','09','2025-10-09','20251009','Y'),('기독탄신일','2025','12','25','2025-12-25','20251225','Y');
/*!40000 ALTER TABLE `g5_holiday` ENABLE KEYS */;
UNLOCK TABLES;

--
-- Table structure for table `g5_login`
--

DROP TABLE IF EXISTS `g5_login`;
/*!40101 SET @saved_cs_client     = @@character_set_client */;
/*!40101 SET character_set_client = utf8 */;
CREATE TABLE `g5_login` (
  `lo_ip` varchar(100) NOT NULL DEFAULT '',
  `mb_id` varchar(20) NOT NULL DEFAULT '',
  `lo_datetime` datetime NOT NULL DEFAULT '0000-00-00 00:00:00',
  `lo_location` text NOT NULL,
  `lo_url` text NOT NULL,
  PRIMARY KEY (`lo_ip`)
) ENGINE=InnoDB DEFAULT CHARSET=utf8;
/*!40101 SET character_set_client = @saved_cs_client */;

--
-- Dumping data for table `g5_login`
--

LOCK TABLES `g5_login` WRITE;
/*!40000 ALTER TABLE `g5_login` DISABLE KEYS */;
INSERT INTO `g5_login` VALUES ('221.161.130.17','','2024-08-02 19:41:48','로그인','/bbs/login.php');
/*!40000 ALTER TABLE `g5_login` ENABLE KEYS */;
UNLOCK TABLES;

--
-- Table structure for table `g5_mail`
--

DROP TABLE IF EXISTS `g5_mail`;
/*!40101 SET @saved_cs_client     = @@character_set_client */;
/*!40101 SET character_set_client = utf8 */;
CREATE TABLE `g5_mail` (
  `ma_id` int(11) NOT NULL AUTO_INCREMENT,
  `ma_subject` varchar(255) NOT NULL DEFAULT '',
  `ma_content` mediumtext NOT NULL,
  `ma_time` datetime NOT NULL DEFAULT '0000-00-00 00:00:00',
  `ma_ip` varchar(255) NOT NULL DEFAULT '',
  `ma_last_option` text NOT NULL,
  PRIMARY KEY (`ma_id`)
) ENGINE=InnoDB DEFAULT CHARSET=utf8;
/*!40101 SET character_set_client = @saved_cs_client */;

--
-- Dumping data for table `g5_mail`
--

LOCK TABLES `g5_mail` WRITE;
/*!40000 ALTER TABLE `g5_mail` DISABLE KEYS */;
/*!40000 ALTER TABLE `g5_mail` ENABLE KEYS */;
UNLOCK TABLES;

--
-- Table structure for table `g5_management`
--

DROP TABLE IF EXISTS `g5_management`;
/*!40101 SET @saved_cs_client     = @@character_set_client */;
/*!40101 SET character_set_client = utf8 */;
CREATE TABLE `g5_management` (
  `idx` int(11) NOT NULL AUTO_INCREMENT,
  `mb_id` varchar(100) NOT NULL COMMENT '매니저 아이디',
  `me_code1` varchar(30) NOT NULL COMMENT '1차 메뉴코드',
  `me_code2` varchar(30) NOT NULL COMMENT '2차 메뉴코드',
  `me_code3` varchar(30) NOT NULL COMMENT '3차 메뉴코드',
  `me_code` varchar(30) NOT NULL COMMENT '메뉴코드',
  `mode` varchar(30) NOT NULL COMMENT '모드 [view, write, delete]',
  `permit` char(1) NOT NULL COMMENT '허용',
  `reg_date` datetime NOT NULL,
  PRIMARY KEY (`idx`)
) ENGINE=InnoDB AUTO_INCREMENT=883 DEFAULT CHARSET=utf8 COMMENT='매니저 메뉴 관리 설정';
/*!40101 SET character_set_client = @saved_cs_client */;

--
-- Dumping data for table `g5_management`
--

LOCK TABLES `g5_management` WRITE;
/*!40000 ALTER TABLE `g5_management` DISABLE KEYS */;
INSERT INTO `g5_management` VALUES (835,'tester001','10','1010','101020','101020','view','y','2024-02-27 17:09:34'),(836,'tester001','10','1010','101020','101020','write','y','2024-02-27 17:09:34'),(837,'tester001','10','1010','101020','101020','delete','y','2024-02-27 17:09:34'),(838,'tester001','10','1020','102010','102010','view','y','2024-02-27 17:09:34'),(839,'tester001','10','1020','102010','102010','write','y','2024-02-27 17:09:34'),(840,'tester001','10','1020','102010','102010','delete','y','2024-02-27 17:09:34'),(841,'tester001','10','1020','102020','102020','view','y','2024-02-27 17:09:34'),(842,'tester001','10','1020','102020','102020','write','y','2024-02-27 17:09:34'),(843,'tester001','10','1020','102020','102020','delete','y','2024-02-27 17:09:34'),(844,'tester001','10','1020','102030','102030','view','y','2024-02-27 17:09:34'),(845,'tester001','10','1020','102030','102030','write','y','2024-02-27 17:09:34'),(846,'tester001','10','1020','102030','102030','delete','y','2024-02-27 17:09:34'),(847,'tester001','20','2010','201010','201010','view','y','2024-02-27 17:09:34'),(848,'tester001','20','2010','201010','201010','write','y','2024-02-27 17:09:34'),(849,'tester001','20','2010','201010','201010','delete','y','2024-02-27 17:09:34'),(850,'tester001','20','2010','201020','201020','view','y','2024-02-27 17:09:34'),(851,'tester001','20','2010','201020','201020','write','y','2024-02-27 17:09:34'),(852,'tester001','20','2010','201020','201020','delete','y','2024-02-27 17:09:34'),(853,'tester001','20','2020','202010','202010','view','y','2024-02-27 17:09:34'),(854,'tester001','20','2020','202010','202010','write','y','2024-02-27 17:09:34'),(855,'tester001','20','2020','202010','202010','delete','y','2024-02-27 17:09:34'),(856,'tester001','20','2020','202020','202020','view','y','2024-02-27 17:09:34'),(857,'tester001','20','2020','202020','202020','write','y','2024-02-27 17:09:34'),(858,'tester001','20','2020','202020','202020','delete','y','2024-02-27 17:09:34'),(871,'tester002','20','2010','201010','201010','view','y','2024-03-03 16:21:41'),(872,'tester002','20','2010','201010','201010','write','y','2024-03-03 16:21:41'),(873,'tester002','20','2010','201010','201010','delete','y','2024-03-03 16:21:41'),(874,'tester002','20','2010','201020','201020','view','y','2024-03-03 16:21:41'),(875,'tester002','20','2010','201020','201020','write','y','2024-03-03 16:21:41'),(876,'tester002','20','2010','201020','201020','delete','y','2024-03-03 16:21:41'),(877,'tester002','20','2010','201030','201030','view','y','2024-03-03 16:21:41'),(878,'tester002','20','2010','201030','201030','write','y','2024-03-03 16:21:41'),(879,'tester002','20','2010','201030','201030','delete','y','2024-03-03 16:21:41'),(880,'tester002','20','2020','202030','202030','view','y','2024-03-03 16:21:41'),(881,'tester002','20','2020','202030','202030','write','y','2024-03-03 16:21:41'),(882,'tester002','20','2020','202030','202030','delete','y','2024-03-03 16:21:41');
/*!40000 ALTER TABLE `g5_management` ENABLE KEYS */;
UNLOCK TABLES;

--
-- Table structure for table `g5_member`
--

DROP TABLE IF EXISTS `g5_member`;
/*!40101 SET @saved_cs_client     = @@character_set_client */;
/*!40101 SET character_set_client = utf8 */;
CREATE TABLE `g5_member` (
  `mb_no` int(11) NOT NULL AUTO_INCREMENT,
  `mb_id` varchar(50) NOT NULL DEFAULT '' COMMENT '회원 아이디',
  `mb_password` varchar(255) NOT NULL DEFAULT '' COMMENT '회원 비밀번호',
  `mb_name` varchar(255) NOT NULL DEFAULT '' COMMENT '성명',
  `mb_nick` varchar(255) NOT NULL DEFAULT '' COMMENT '성명',
  `mb_nick_date` date NOT NULL DEFAULT '0000-00-00',
  `mb_email` varchar(255) NOT NULL DEFAULT '' COMMENT '이메일',
  `mb_homepage` varchar(255) NOT NULL DEFAULT '',
  `mb_menu` varchar(255) NOT NULL DEFAULT '',
  `mb_level` tinyint(4) NOT NULL DEFAULT '0' COMMENT '회원레벨 [2->제공인력, 5->매니저, 10->관리자]',
  `mb_sex` char(1) NOT NULL DEFAULT '',
  `mb_birth` varchar(255) NOT NULL DEFAULT '',
  `mb_tel` varchar(255) NOT NULL DEFAULT '',
  `mb_hp` varchar(255) NOT NULL DEFAULT '' COMMENT '연락처(휴대폰번호)',
  `mb_certify` varchar(20) NOT NULL DEFAULT '',
  `mb_adult` tinyint(4) NOT NULL DEFAULT '0',
  `mb_dupinfo` varchar(255) NOT NULL DEFAULT '',
  `mb_zip1` char(3) NOT NULL DEFAULT '' COMMENT '우편번호',
  `mb_zip2` char(3) NOT NULL DEFAULT '' COMMENT '우편번호',
  `mb_addr1` varchar(255) NOT NULL DEFAULT '' COMMENT '주소',
  `mb_addr2` varchar(255) NOT NULL DEFAULT '' COMMENT '주소',
  `mb_addr3` varchar(255) NOT NULL DEFAULT '' COMMENT '주소_서브',
  `mb_addr_jibeon` varchar(255) NOT NULL DEFAULT '',
  `mb_area` varchar(255) NOT NULL DEFAULT '' COMMENT '시도',
  `mb_area_x` varchar(255) NOT NULL DEFAULT '' COMMENT '좌표 : X',
  `mb_area_y` varchar(255) NOT NULL DEFAULT '' COMMENT '좌표 : Y',
  `mb_signature` text NOT NULL,
  `mb_recommend` varchar(255) NOT NULL DEFAULT '',
  `mb_point` int(11) NOT NULL DEFAULT '0',
  `mb_today_login` datetime NOT NULL DEFAULT '0000-00-00 00:00:00',
  `mb_login_ip` varchar(255) NOT NULL DEFAULT '',
  `mb_datetime` datetime NOT NULL DEFAULT '0000-00-00 00:00:00',
  `mb_ip` varchar(255) NOT NULL DEFAULT '',
  `mb_leave_date` varchar(8) NOT NULL DEFAULT '',
  `mb_intercept_date` varchar(8) NOT NULL DEFAULT '',
  `mb_email_certify` datetime NOT NULL DEFAULT '0000-00-00 00:00:00',
  `mb_email_certify2` varchar(255) NOT NULL DEFAULT '',
  `mb_memo` text NOT NULL COMMENT '비고',
  `mb_lost_certify` varchar(255) NOT NULL,
  `mb_mailling` tinyint(4) NOT NULL DEFAULT '0',
  `mb_sms` tinyint(4) NOT NULL DEFAULT '0',
  `mb_open` tinyint(4) NOT NULL DEFAULT '0',
  `mb_open_date` date NOT NULL DEFAULT '0000-00-00',
  `mb_profile` text NOT NULL,
  `mb_memo_call` varchar(255) NOT NULL DEFAULT '',
  `mb_memo_cnt` int(11) NOT NULL DEFAULT '0',
  `mb_scrap_cnt` int(11) NOT NULL DEFAULT '0',
  `mb_1` varchar(255) NOT NULL DEFAULT '',
  `mb_2` varchar(255) NOT NULL DEFAULT '',
  `mb_3` varchar(255) NOT NULL DEFAULT '',
  `mb_4` varchar(255) NOT NULL DEFAULT '',
  `mb_5` varchar(255) NOT NULL DEFAULT '',
  `mb_6` varchar(255) NOT NULL DEFAULT '',
  `mb_7` varchar(255) NOT NULL DEFAULT '',
  `mb_8` varchar(255) NOT NULL DEFAULT '',
  `mb_9` varchar(255) NOT NULL DEFAULT '',
  `mb_10` varchar(255) NOT NULL DEFAULT '',
  `security_number` varchar(20) NOT NULL DEFAULT '' COMMENT '주민번호',
  `activity_status` varchar(20) NOT NULL DEFAULT '' COMMENT '활동현황',
  `contract_type` varchar(20) NOT NULL DEFAULT '' COMMENT '계약형태 [급여, 프리렌서]',
  `premium_use` char(1) NOT NULL DEFAULT '' COMMENT '프리미엄',
  `service_category` varchar(20) NOT NULL DEFAULT '' COMMENT '서비스구분',
  `team_category` varchar(20) NOT NULL DEFAULT '' COMMENT '팀구분',
  `enter_date` date NOT NULL COMMENT '입사일자',
  `major4_insurance` date NOT NULL COMMENT '4대보험가입',
  `loss_insurance` date NOT NULL COMMENT '보험상실',
  `quit_date` date NOT NULL COMMENT '퇴사일자',
  `basic_price` int(11) NOT NULL COMMENT '급여',
  `monthly_income` int(11) NOT NULL COMMENT '표준월소득액',
  `bank_name` varchar(50) NOT NULL DEFAULT '' COMMENT '은행',
  `bank_account` varchar(50) NOT NULL DEFAULT '' COMMENT '계좌번호',
  `account_holder` varchar(50) NOT NULL DEFAULT '' COMMENT '예금주',
  `account_holder_etc` varchar(50) NOT NULL DEFAULT '' COMMENT '예금주(기타)',
  `vulnerable` varchar(50) NOT NULL COMMENT '취약계층여부',
  `vulnerable_etc` varchar(150) NOT NULL COMMENT '취약계층여부[기타]',
  `pet_use` varchar(20) NOT NULL DEFAULT '' COMMENT '반려동물유무',
  `mb_memo2` text NOT NULL COMMENT '특이사항',
  `branch_id` varchar(255) NOT NULL DEFAULT '' COMMENT '지점 Index',
  `education_memo` text NOT NULL COMMENT '학력',
  `career_memo` text NOT NULL COMMENT '경력',
  `criminal_history` text NOT NULL COMMENT '범죄경력',
  `mb_hide` char(1) NOT NULL DEFAULT '' COMMENT '숨기기(삭제)',
  PRIMARY KEY (`mb_no`),
  UNIQUE KEY `mb_id` (`mb_id`),
  KEY `mb_today_login` (`mb_today_login`),
  KEY `mb_datetime` (`mb_datetime`)
) ENGINE=InnoDB AUTO_INCREMENT=12 DEFAULT CHARSET=utf8 COMMENT='제공인력관리';
/*!40101 SET character_set_client = @saved_cs_client */;

--
-- Dumping data for table `g5_member`
--

LOCK TABLES `g5_member` WRITE;
/*!40000 ALTER TABLE `g5_member` DISABLE KEYS */;
INSERT INTO `g5_member` VALUES (1,'admin','sha256:12000:YzSfOFGctK3ckVzqgiqbqoT6USrYyY/N:E68AvG9YvxRRrcqaN+zGyzPnAbXlONfj','최고관리자','최고관리자','2023-10-30','admin@domain.com','','',10,'','','','','',0,'','','','','','','','','','','','',100,'2024-07-28 13:09:28','221.161.130.17','2023-10-30 11:10:29','119.198.183.33','','','2023-10-30 11:10:29','','','',1,0,1,'0000-00-00','','',0,0,'','','','','','','','','','','','','','','','','0000-00-00','0000-00-00','0000-00-00','0000-00-00',0,0,'','','','','','','','','','','','',''),(2,'890715-1111111','sha256:12000:RxlCN7RzgUnGuEkqgLNaJA2pfSeJEsYW:vbUnioDldkgfNla11DAH4/KAdayXvJlp','우태하','우태하','2024-01-23','','','10',2,'','','','010-5180-2446','',0,'','482','69','부산 수영구 무학로33번길 25','어디어디123','(광안동, 월드하우스)','R','부산','129.117590986227','35.1625564874828','','',0,'2024-01-23 15:54:08','119.198.183.33','2024-01-23 15:54:08','119.198.183.33','','','2024-01-23 15:54:08','','비고123','',0,0,0,'2024-01-23','','',0,0,'','','','','','','','','','','890715-1111111','활동중','급여','y','베이비시터','1팀','2024-01-23','2024-03-27','2024-03-28','0000-00-00',70000,2200000,'경남','111-11-11111','우태하','','기타','한부모111','애완묘','특이사항123','2','학력123','경력123','',''),(3,'950101-2222222','sha256:12000:NxNRD5tkj771xgGtZ1fuu5T0TmeBWQ7A:2sTNiXg7JFW9Ha2j8SWfh3L+OW+8j19T','이민정','이민정','2024-01-23','','','20',2,'','','','010-1233-1233','',0,'','480','59','부산 해운대구 센텀동로 90','','(재송동, 센텀필2)','R','부산','129.127268717113','35.1757258323682','','',0,'2024-01-23 16:02:38','119.198.183.33','2024-01-23 16:02:38','119.198.183.33','','','2024-01-23 16:02:38','','','',0,0,0,'2024-01-23','','',0,0,'','','','','','','','','','','950101-2222222','활동중','급여','','아가마지','1팀','2024-01-23','0000-00-00','0000-00-00','0000-00-00',60000,2500000,'','','','','','','없음','','','','','',''),(4,'tester001','sha256:12000:N+9REqojcJorAK4slDePm9yFi8cNo+83:wzyW+WlevCI29PkDglEBRJOgM8B1xrDt','이준현','이준현','2024-01-31','','','',5,'','','','010-1233-1233','',0,'','480','59','부산 해운대구 센텀동로 90','어디어디','(재송동, 센텀필2)','R','부산','129.127268717113','35.1757258323682','','',0,'2024-04-03 14:07:07','119.198.183.33','2024-01-31 13:57:15','119.198.183.33','','','2024-01-31 13:57:15','','비고123비고123비고123비고123비고123비고123비고123비고123비고123비고123비고123비고123비고123비고123비고123비고123비고123비고123비고123비고123비고123비고123비고123비고123비고123비고123비고123비고123비고123비고123비고123\r\n비고123\r\n비고123\r\n비고123','',0,0,0,'2024-01-31','','',0,0,'','','','','','','','','','','990101-1111111','활동중','','','','','2024-01-31','0000-00-00','0000-00-00','0000-00-00',0,0,'','','','','','','','','2','','','',''),(5,'tester002','sha256:12000:SQNX2Kmg6y7NQ8ecM8oaHxHWUS6IOme8:PdVUjI/tfgQfqibD+n6Dvex6trmju0DJ','김민지','김민지','2024-02-02','','','',5,'','','','010-5555-5555','',0,'','472','61','부산 부산진구 가야대로 지하 719','어디어디','(부전동, 지하철 부암역)','R','부산','129.050428497747','35.1574359013428','','',0,'2024-02-08 10:53:30','119.198.183.33','2024-02-02 10:15:35','119.198.183.33','','','2024-02-02 10:15:35','','비고123\r\n비고123\r\n\r\n비고123\r\n\r\n비고123\r\n\r\n비고123\r\n\r\n비고123','',0,0,0,'2024-02-02','','',0,0,'','','','','','','','','','','950505-2222222','활동중','','','','','2024-02-02','0000-00-00','0000-00-00','0000-00-00',0,0,'','','','','','','','','2','','','',''),(6,'980808-2222222','sha256:12000:2B6LencNwa60uBc9m4aUkuqTCh7WHw76:0Sx9otIZmSxuA/8KEowUAx8f0myGZ/0F','김민아','김민아','2024-02-03','','','20',2,'','','','010-6666-6666','',0,'','472','90','부산 부산진구 부전로 29','2층','(부전동, KT&G 부산진지사)','R','부산','129.056008741999','35.1528642254476','','',0,'2024-02-03 13:04:35','14.42.144.29','2024-02-03 13:04:35','14.42.144.29','','','2024-02-03 13:04:35','','','',0,0,0,'2024-02-03','980808-2222222.jpg','',0,0,'','','','','','','','','','','980808-2222222','활동중','급여','y','아가마지','1팀','2024-02-03','0000-00-00','0000-00-00','0000-00-00',12000,1650000,'','','','','','','','','2','○○대학교','글로브임펙트','',''),(7,'950202-2222222','sha256:12000:GFCD2Ku7YB7Cid+wK/jMwgDF0nTMXq/g:6W8Ise1V5Dfdl6sLO0BsWAGq/Cxt/kTg','서인아','서인아','2024-02-06','','','10',2,'','','','010-5656-5656','',0,'','472','90','부산 부산진구 부전로 29','어디어디','(부전동, KT&G 부산진지사)','R','부산','129.056008741999','35.1528642254476','','',0,'2024-02-06 17:12:56','119.198.183.33','2024-02-06 17:12:56','119.198.183.33','','','2024-02-06 17:12:56','','','',0,0,0,'2024-02-06','','',0,0,'','','','','','','','','','','950202-2222222','활동중','급여','','청소','1팀','2024-02-06','0000-00-00','0000-00-00','0000-00-00',20000,2500000,'','','','','','','','','2','땡땡땡대학교 멀티미디어학과','글로브임펙트','',''),(8,'990101-2222222','sha256:12000:4q6JRzez2FWSfC6hU06jJYWSB4BdstOj:LZlk0E9Tl2NbJQRT8fcg+RTmqG9BWGLo','김민정','김민정','2024-02-21','','','20',2,'','','','010-1122-1122','',0,'','472','61','부산 부산진구 가야대로 지하 719','100호','(부전동, 지하철 부암역)','R','부산','129.050428497747','35.1574359013428','','',0,'2024-02-21 10:36:17','119.198.183.33','2024-02-21 10:36:17','119.198.183.33','','','2024-02-21 10:36:17','','','',0,0,0,'2024-02-21','','',0,0,'','','','','','','','','','','990101-2222222','퇴사','급여','','아가마지','1팀','2024-02-21','0000-00-00','0000-00-00','2024-03-03',12000,2000000,'','','','','','','','','2','','','',''),(9,'970707-1111111','sha256:12000:3OQaa/gMY46W4l7TnOGYlfRVr8FaKg/X:cQX2zzq6J7BfWDYVraAVIi9qjoVikf+D','김인혁','김인혁','2024-03-29','','','20',2,'','','','010-8787-8888','',0,'','446','81','울산 남구 강남로 124','ㅎㅎㅎ','(신정동)','R','울산','129.322080462275','35.5491096417814','','',0,'2024-03-29 15:49:07','119.198.183.33','2024-03-29 15:49:07','119.198.183.33','','','2024-03-29 15:49:07','','','',0,0,0,'2024-03-29','','',0,0,'','','','','','','','','','','970707-1111111','활동중','급여','','아가마지','1팀','2024-03-29','0000-00-00','0000-00-00','0000-00-00',10000,150000,'','','','','','','','','2','','','',''),(10,'970505-1111111','sha256:12000:weKUUVUXn1X8hiery7JftXMTJUN1ocSy:NohZVxXravAr18aZcTTQiWsEo5FBOXWF','김반찬','김반찬','2024-04-06','','','10',2,'','','','010-4566-6666','',0,'','480','59','부산 해운대구 센텀동로 90','','(재송동, 센텀필2)','R','부산','129.127268717113','35.1757258323682','','',0,'2024-04-06 17:44:25','59.20.41.44','2024-04-06 17:44:25','59.20.41.44','','','2024-04-06 17:44:25','','','',0,0,0,'2024-04-06','','',0,0,'','','','','','','','','','','970505-1111111','활동중','급여','y','반찬','1팀','2024-04-06','0000-00-00','0000-00-00','0000-00-00',1000000,1000000,'','','','','','','','','2','','','범죄경력123123',''),(11,'970909-2222222','sha256:12000:LZ2vj23wNhmspd2jNnKJx5IYsw59Whfu:YEkuEXAd2HYDcmnENW7nwizdOnoFK2C0','김진아','김진아','2024-07-26','','','20',2,'','','','010-7575-7575','',0,'','473','53','부산 부산진구 황령대로 9','123','(범천동)','R','부산','129.060571100077','35.1479196879004','','',0,'2024-07-26 10:54:40','119.198.183.33','2024-07-26 10:54:40','119.198.183.33','','','2024-07-26 10:54:40','','','',0,0,0,'2024-07-26','','',0,0,'','','','','','','','','','','970909-2222222','활동중','급여','','아가마지','3팀','2024-07-26','0000-00-00','0000-00-00','0000-00-00',0,0,'','','','','','','','','2','','','','');
/*!40000 ALTER TABLE `g5_member` ENABLE KEYS */;
UNLOCK TABLES;

--
-- Table structure for table `g5_member_cert_history`
--

DROP TABLE IF EXISTS `g5_member_cert_history`;
/*!40101 SET @saved_cs_client     = @@character_set_client */;
/*!40101 SET character_set_client = utf8 */;
CREATE TABLE `g5_member_cert_history` (
  `ch_id` int(11) NOT NULL AUTO_INCREMENT,
  `mb_id` varchar(20) NOT NULL DEFAULT '',
  `ch_name` varchar(255) NOT NULL DEFAULT '',
  `ch_hp` varchar(255) NOT NULL DEFAULT '',
  `ch_birth` varchar(255) NOT NULL DEFAULT '',
  `ch_type` varchar(20) NOT NULL DEFAULT '',
  `ch_datetime` datetime NOT NULL DEFAULT '0000-00-00 00:00:00',
  PRIMARY KEY (`ch_id`),
  KEY `mb_id` (`mb_id`)
) ENGINE=InnoDB DEFAULT CHARSET=utf8;
/*!40101 SET character_set_client = @saved_cs_client */;

--
-- Dumping data for table `g5_member_cert_history`
--

LOCK TABLES `g5_member_cert_history` WRITE;
/*!40000 ALTER TABLE `g5_member_cert_history` DISABLE KEYS */;
/*!40000 ALTER TABLE `g5_member_cert_history` ENABLE KEYS */;
UNLOCK TABLES;

--
-- Table structure for table `g5_member_education`
--

DROP TABLE IF EXISTS `g5_member_education`;
/*!40101 SET @saved_cs_client     = @@character_set_client */;
/*!40101 SET character_set_client = utf8 */;
CREATE TABLE `g5_member_education` (
  `idx` int(11) NOT NULL AUTO_INCREMENT,
  `set_branch_id` varchar(255) NOT NULL COMMENT '지점 Index',
  `set_mb_menu` varchar(255) NOT NULL COMMENT '가사서비스 / 아가마지',
  `set_idx` int(11) NOT NULL DEFAULT '0' COMMENT '메뉴 Index 연동',
  `edu_year` char(4) NOT NULL COMMENT '선택된 년도',
  `edu_date` date NOT NULL COMMENT '교육일시',
  `edu_str_hour` char(2) NOT NULL COMMENT '교육 시작 시간',
  `edu_str_min` char(2) NOT NULL COMMENT '교육 시작 분',
  `edu_end_hour` char(2) NOT NULL COMMENT '교육 종료 시간',
  `edu_end_min` char(2) NOT NULL COMMENT '교육 종료 분',
  `edu_tit` varchar(100) NOT NULL COMMENT '교육제목',
  `edu_agency` varchar(100) NOT NULL COMMENT '교육기관',
  `edu_method` varchar(50) NOT NULL COMMENT '교육방법',
  `edu_content` text NOT NULL COMMENT '교육내용',
  `edu_img1` varchar(255) NOT NULL,
  `edu_img2` varchar(255) NOT NULL,
  `edu_img3` varchar(255) NOT NULL,
  `edu_img4` varchar(255) NOT NULL,
  `edu_img5` varchar(255) NOT NULL,
  `edu_file1` varchar(255) NOT NULL,
  `edu_file2` varchar(255) NOT NULL,
  `edu_file3` varchar(255) NOT NULL,
  `edu_file4` varchar(255) NOT NULL,
  `edu_file5` varchar(255) NOT NULL,
  `edu_reg_date` datetime NOT NULL,
  PRIMARY KEY (`idx`) USING BTREE
) ENGINE=InnoDB AUTO_INCREMENT=4 DEFAULT CHARSET=utf8 COMMENT='교육정보관리';
/*!40101 SET character_set_client = @saved_cs_client */;

--
-- Dumping data for table `g5_member_education`
--

LOCK TABLES `g5_member_education` WRITE;
/*!40000 ALTER TABLE `g5_member_education` DISABLE KEYS */;
INSERT INTO `g5_member_education` VALUES (1,'2','20',1,'2024','2024-02-08','10','00','17','00','Test 보수교육','Test 교육기관','온라인','교육내용123\r\n교육내용123\r\n교육내용123','','','','','','','','','','','2024-02-08 10:45:46'),(2,'2','10',1,'2024','2024-02-08','05','10','15','20','보수교육 111','교육기관 111','집체','Test','','','','','','','','','','','2024-02-08 16:11:09'),(3,'2','10',1,'2024','2024-02-08','10','00','17','00','보수교육 222','교육기관 222','온라인','','','','','','','','','','','','2024-02-08 16:18:44');
/*!40000 ALTER TABLE `g5_member_education` ENABLE KEYS */;
UNLOCK TABLES;

--
-- Table structure for table `g5_member_education_list`
--

DROP TABLE IF EXISTS `g5_member_education_list`;
/*!40101 SET @saved_cs_client     = @@character_set_client */;
/*!40101 SET character_set_client = utf8 */;
CREATE TABLE `g5_member_education_list` (
  `edul_idx` int(11) NOT NULL AUTO_INCREMENT,
  `idx` int(11) NOT NULL COMMENT '교육정보관리 Index',
  `edul_mb_id` varchar(255) NOT NULL COMMENT '참가자 아이디',
  `edul_reg_date` datetime NOT NULL,
  PRIMARY KEY (`edul_idx`)
) ENGINE=InnoDB AUTO_INCREMENT=17 DEFAULT CHARSET=utf8 COMMENT='교육정보관리 참석자 리스트';
/*!40101 SET character_set_client = @saved_cs_client */;

--
-- Dumping data for table `g5_member_education_list`
--

LOCK TABLES `g5_member_education_list` WRITE;
/*!40000 ALTER TABLE `g5_member_education_list` DISABLE KEYS */;
INSERT INTO `g5_member_education_list` VALUES (1,1,'980808-2222222','2024-02-08 10:45:46'),(3,2,'890715-1111111','2024-02-08 16:11:09'),(4,3,'890715-1111111','2024-02-08 16:18:44'),(16,2,'950202-2222222','2024-02-20 10:33:54');
/*!40000 ALTER TABLE `g5_member_education_list` ENABLE KEYS */;
UNLOCK TABLES;

--
-- Table structure for table `g5_member_education_set`
--

DROP TABLE IF EXISTS `g5_member_education_set`;
/*!40101 SET @saved_cs_client     = @@character_set_client */;
/*!40101 SET character_set_client = utf8 */;
CREATE TABLE `g5_member_education_set` (
  `set_idx` int(11) NOT NULL AUTO_INCREMENT,
  `set_tit` varchar(100) NOT NULL COMMENT '메뉴명',
  `set_hide` char(1) NOT NULL COMMENT '숨기기(삭제)',
  PRIMARY KEY (`set_idx`)
) ENGINE=InnoDB AUTO_INCREMENT=8 DEFAULT CHARSET=utf8 COMMENT='교육정보관리 메뉴세팅';
/*!40101 SET character_set_client = @saved_cs_client */;

--
-- Dumping data for table `g5_member_education_set`
--

LOCK TABLES `g5_member_education_set` WRITE;
/*!40000 ALTER TABLE `g5_member_education_set` DISABLE KEYS */;
INSERT INTO `g5_member_education_set` VALUES (1,'보수교육',''),(2,'아동학대예방교육',''),(3,'123','y'),(4,'12','y'),(5,'123','y'),(6,'이용자인권',''),(7,'종사자인권','');
/*!40000 ALTER TABLE `g5_member_education_set` ENABLE KEYS */;
UNLOCK TABLES;

--
-- Table structure for table `g5_member_health`
--

DROP TABLE IF EXISTS `g5_member_health`;
/*!40101 SET @saved_cs_client     = @@character_set_client */;
/*!40101 SET character_set_client = utf8 */;
CREATE TABLE `g5_member_health` (
  `idx` int(11) NOT NULL AUTO_INCREMENT,
  `set_branch_id` varchar(255) NOT NULL COMMENT '지점 Index',
  `set_mb_menu` varchar(255) NOT NULL COMMENT '가사서비스 / 아가마지',
  `set_idx` int(11) NOT NULL COMMENT '메뉴 Index 연동',
  `input_year` char(4) NOT NULL COMMENT '선택된 년도',
  `diagnosis_date` date NOT NULL COMMENT '진단일자',
  `judgment_date` date NOT NULL COMMENT '판정일자',
  `confirm_date` date NOT NULL COMMENT '확인일자',
  `mb_id` varchar(255) NOT NULL COMMENT '회원 아이디',
  `reg_date` datetime NOT NULL,
  PRIMARY KEY (`idx`) USING BTREE
) ENGINE=InnoDB AUTO_INCREMENT=2 DEFAULT CHARSET=utf8 COMMENT='건강검진정보관리';
/*!40101 SET character_set_client = @saved_cs_client */;

--
-- Dumping data for table `g5_member_health`
--

LOCK TABLES `g5_member_health` WRITE;
/*!40000 ALTER TABLE `g5_member_health` DISABLE KEYS */;
INSERT INTO `g5_member_health` VALUES (1,'2','10',1,'2024','0000-00-00','2024-02-06','2024-02-06','890715-1111111','2024-02-06 10:28:11');
/*!40000 ALTER TABLE `g5_member_health` ENABLE KEYS */;
UNLOCK TABLES;

--
-- Table structure for table `g5_member_health_set`
--

DROP TABLE IF EXISTS `g5_member_health_set`;
/*!40101 SET @saved_cs_client     = @@character_set_client */;
/*!40101 SET character_set_client = utf8 */;
CREATE TABLE `g5_member_health_set` (
  `set_idx` int(11) NOT NULL AUTO_INCREMENT,
  `set_tit` varchar(100) NOT NULL COMMENT '메뉴명',
  `set_hide` char(1) NOT NULL COMMENT '숨기기(삭제)',
  PRIMARY KEY (`set_idx`)
) ENGINE=InnoDB AUTO_INCREMENT=3 DEFAULT CHARSET=utf8 COMMENT='건강검진정보관리 메뉴세팅';
/*!40101 SET character_set_client = @saved_cs_client */;

--
-- Dumping data for table `g5_member_health_set`
--

LOCK TABLES `g5_member_health_set` WRITE;
/*!40000 ALTER TABLE `g5_member_health_set` DISABLE KEYS */;
INSERT INTO `g5_member_health_set` VALUES (1,'보건증',''),(2,'독감예방접종','');
/*!40000 ALTER TABLE `g5_member_health_set` ENABLE KEYS */;
UNLOCK TABLES;

--
-- Table structure for table `g5_member_qualification`
--

DROP TABLE IF EXISTS `g5_member_qualification`;
/*!40101 SET @saved_cs_client     = @@character_set_client */;
/*!40101 SET character_set_client = utf8 */;
CREATE TABLE `g5_member_qualification` (
  `idx` int(11) NOT NULL AUTO_INCREMENT,
  `set_branch_id` varchar(255) NOT NULL COMMENT '지점 Index',
  `set_mb_menu` varchar(255) NOT NULL COMMENT '가사서비스 / 아가마지',
  `set_idx` int(11) NOT NULL COMMENT '메뉴 Index 연동',
  `input_year` char(4) NOT NULL COMMENT '선택된 년도',
  `diagnosis_date` date NOT NULL COMMENT '진단일자',
  `judgment_date` date NOT NULL COMMENT '판정일자',
  `confirm_date` date NOT NULL COMMENT '확인일자',
  `mb_id` varchar(255) NOT NULL COMMENT '회원 아이디',
  `reg_date` datetime NOT NULL,
  PRIMARY KEY (`idx`) USING BTREE
) ENGINE=InnoDB AUTO_INCREMENT=8 DEFAULT CHARSET=utf8 COMMENT='자격정보관리';
/*!40101 SET character_set_client = @saved_cs_client */;

--
-- Dumping data for table `g5_member_qualification`
--

LOCK TABLES `g5_member_qualification` WRITE;
/*!40000 ALTER TABLE `g5_member_qualification` DISABLE KEYS */;
INSERT INTO `g5_member_qualification` VALUES (4,'2','10',1,'2024','2024-02-05','2024-02-05','2024-02-14','890715-1111111','2024-02-05 17:11:24'),(5,'2','10',4,'2024','2024-02-27','0000-00-00','2024-02-29','890715-1111111','2024-02-05 17:14:59'),(6,'2','20',1,'2024','0000-00-00','2024-02-05','0000-00-00','980808-2222222','2024-02-05 17:43:47'),(7,'2','10',2,'2024','2024-02-06','2024-02-06','0000-00-00','890715-1111111','2024-02-06 09:29:29');
/*!40000 ALTER TABLE `g5_member_qualification` ENABLE KEYS */;
UNLOCK TABLES;

--
-- Table structure for table `g5_member_qualification_set`
--

DROP TABLE IF EXISTS `g5_member_qualification_set`;
/*!40101 SET @saved_cs_client     = @@character_set_client */;
/*!40101 SET character_set_client = utf8 */;
CREATE TABLE `g5_member_qualification_set` (
  `set_idx` int(11) NOT NULL AUTO_INCREMENT,
  `set_tit` varchar(100) NOT NULL COMMENT '메뉴명',
  `set_hide` char(1) NOT NULL COMMENT '숨기기(삭제)',
  PRIMARY KEY (`set_idx`) USING BTREE
) ENGINE=InnoDB AUTO_INCREMENT=5 DEFAULT CHARSET=utf8 COMMENT='자격정보관리 메뉴세팅';
/*!40101 SET character_set_client = @saved_cs_client */;

--
-- Dumping data for table `g5_member_qualification_set`
--

LOCK TABLES `g5_member_qualification_set` WRITE;
/*!40000 ALTER TABLE `g5_member_qualification_set` DISABLE KEYS */;
INSERT INTO `g5_member_qualification_set` VALUES (1,'후견',''),(2,'정신질환',''),(3,'범죄경력',''),(4,'아동학대','');
/*!40000 ALTER TABLE `g5_member_qualification_set` ENABLE KEYS */;
UNLOCK TABLES;

--
-- Table structure for table `g5_member_social_profiles`
--

DROP TABLE IF EXISTS `g5_member_social_profiles`;
/*!40101 SET @saved_cs_client     = @@character_set_client */;
/*!40101 SET character_set_client = utf8 */;
CREATE TABLE `g5_member_social_profiles` (
  `mp_no` int(11) NOT NULL AUTO_INCREMENT,
  `mb_id` varchar(255) NOT NULL DEFAULT '',
  `provider` varchar(50) NOT NULL DEFAULT '',
  `object_sha` varchar(45) NOT NULL DEFAULT '',
  `identifier` varchar(255) NOT NULL DEFAULT '',
  `profileurl` varchar(255) NOT NULL DEFAULT '',
  `photourl` varchar(255) NOT NULL DEFAULT '',
  `displayname` varchar(150) NOT NULL DEFAULT '',
  `description` varchar(255) NOT NULL DEFAULT '',
  `mp_register_day` datetime NOT NULL DEFAULT '0000-00-00 00:00:00',
  `mp_latest_day` datetime NOT NULL DEFAULT '0000-00-00 00:00:00',
  UNIQUE KEY `mp_no` (`mp_no`),
  KEY `mb_id` (`mb_id`),
  KEY `provider` (`provider`)
) ENGINE=InnoDB DEFAULT CHARSET=utf8;
/*!40101 SET character_set_client = @saved_cs_client */;

--
-- Dumping data for table `g5_member_social_profiles`
--

LOCK TABLES `g5_member_social_profiles` WRITE;
/*!40000 ALTER TABLE `g5_member_social_profiles` DISABLE KEYS */;
/*!40000 ALTER TABLE `g5_member_social_profiles` ENABLE KEYS */;
UNLOCK TABLES;

--
-- Table structure for table `g5_memo`
--

DROP TABLE IF EXISTS `g5_memo`;
/*!40101 SET @saved_cs_client     = @@character_set_client */;
/*!40101 SET character_set_client = utf8 */;
CREATE TABLE `g5_memo` (
  `me_id` int(11) NOT NULL AUTO_INCREMENT,
  `me_recv_mb_id` varchar(20) NOT NULL DEFAULT '',
  `me_send_mb_id` varchar(20) NOT NULL DEFAULT '',
  `me_send_datetime` datetime NOT NULL DEFAULT '0000-00-00 00:00:00',
  `me_read_datetime` datetime NOT NULL DEFAULT '0000-00-00 00:00:00',
  `me_memo` text NOT NULL,
  `me_send_id` int(11) NOT NULL DEFAULT '0',
  `me_type` enum('send','recv') NOT NULL DEFAULT 'recv',
  `me_send_ip` varchar(100) NOT NULL DEFAULT '',
  PRIMARY KEY (`me_id`),
  KEY `me_recv_mb_id` (`me_recv_mb_id`)
) ENGINE=InnoDB DEFAULT CHARSET=utf8;
/*!40101 SET character_set_client = @saved_cs_client */;

--
-- Dumping data for table `g5_memo`
--

LOCK TABLES `g5_memo` WRITE;
/*!40000 ALTER TABLE `g5_memo` DISABLE KEYS */;
/*!40000 ALTER TABLE `g5_memo` ENABLE KEYS */;
UNLOCK TABLES;

--
-- Table structure for table `g5_menu`
--

DROP TABLE IF EXISTS `g5_menu`;
/*!40101 SET @saved_cs_client     = @@character_set_client */;
/*!40101 SET character_set_client = utf8 */;
CREATE TABLE `g5_menu` (
  `me_id` int(11) NOT NULL AUTO_INCREMENT,
  `me_code` varchar(255) NOT NULL DEFAULT '',
  `me_pid` varchar(255) NOT NULL DEFAULT '',
  `me_name` varchar(255) NOT NULL DEFAULT '',
  `me_link` varchar(255) NOT NULL DEFAULT '',
  `me_target` varchar(255) NOT NULL DEFAULT '',
  `me_order` int(11) NOT NULL DEFAULT '0',
  `me_use` tinyint(4) NOT NULL DEFAULT '0',
  `me_mobile_use` tinyint(4) NOT NULL DEFAULT '0',
  PRIMARY KEY (`me_id`)
) ENGINE=InnoDB AUTO_INCREMENT=935 DEFAULT CHARSET=utf8;
/*!40101 SET character_set_client = @saved_cs_client */;

--
-- Dumping data for table `g5_menu`
--

LOCK TABLES `g5_menu` WRITE;
/*!40000 ALTER TABLE `g5_menu` DISABLE KEYS */;
INSERT INTO `g5_menu` VALUES (887,'10','','가사서비스','#','self',0,1,1),(888,'1010','','제공인력관리','/bbs/member.php','self',0,1,1),(889,'101010','','제공인력관리','/bbs/member.php','self',0,1,1),(890,'101020','','교육정보관리','/bbs/member_education.php','self',0,1,1),(891,'101030','','자격정보관리','/bbs/member_qualification.php','self',0,1,1),(892,'101040','','건강검진정보관리','/bbs/member_health.php','self',0,1,1),(893,'1020','','고객관리','/bbs/client.php','self',0,1,1),(894,'102010','','고객관리','/bbs/client.php','self',0,1,1),(895,'102020','','대여품관리','/bbs/client_rental.php','self',0,0,1),(896,'102030','','민원관리','/bbs/client_complaints.php','self',0,1,1),(897,'102040','','수금관리','/bbs/client_collect.php','self',0,1,1),(898,'102050','','접수대장','/bbs/client_recept.php','self',0,1,1),(899,'102060','','이용자현황','/bbs/client_user_status.php','self',0,1,1),(900,'1030','','파견관리','/bbs/work.php','self',0,1,1),(901,'103010','','파견관리','/bbs/work.php','self',0,1,1),(902,'103020','','파견현황','/bbs/work_status.php','self',0,1,1),(903,'1040','','급여관리','/bbs/pay.php','self',0,1,1),(904,'104010','','공제항목설정','/bbs/pay_set.php','self',0,1,1),(905,'104020','','근태관리','/bbs/pay_attendance.php','self',0,1,1),(906,'104030','','급여계산','/bbs/pay.php','self',0,1,1),(907,'104040','','급여대장','/bbs/pay_ledger.php','self',0,1,1),(908,'1050','','문자전송','/bbs/send.php','self',0,1,1),(909,'105010','','문자전송','/bbs/send.php','self',0,1,1),(910,'105020','','문자전송내역','/bbs/send_history.php','self',0,1,1),(911,'20','','아가마지','#','self',0,1,1),(912,'2010','','제공인력관리','/bbs/member.php','self',0,1,1),(913,'201010','','제공인력관리','/bbs/member.php','self',0,1,1),(914,'201020','','교육정보관리','/bbs/member_education.php','self',0,1,1),(915,'201030','','자격정보관리','/bbs/member_qualification.php','self',0,1,1),(916,'201040','','건강검진정보관리','/bbs/member_health.php','self',0,1,1),(917,'2020','','고객관리','/bbs/client.php','self',0,1,1),(918,'202010','','고객관리','/bbs/client.php','self',0,1,1),(919,'202020','','대여품관리','/bbs/client_rental.php','self',0,1,1),(920,'202030','','민원관리','/bbs/client_complaints.php','self',0,1,1),(921,'202040','','수금관리','/bbs/client_collect.php','self',0,1,1),(922,'202050','','접수대장','/bbs/client_recept.php','self',0,1,1),(923,'202060','','이용자현황','/bbs/client_user_status.php','self',0,1,1),(924,'2030','','파견관리','/bbs/work.php','self',0,1,1),(925,'203010','','파견관리','/bbs/work.php','self',0,1,1),(926,'203020','','파견현황','/bbs/work_status.php','self',0,1,1),(927,'2040','','급여관리','/bbs/pay.php','self',0,1,1),(928,'204010','','공제항목설정','/bbs/pay_set.php','self',0,1,1),(929,'204020','','근태관리','/bbs/pay_attendance.php','self',0,1,1),(930,'204030','','급여계산','/bbs/pay.php','self',0,1,1),(931,'204040','','급여대장','/bbs/pay_ledger.php','self',0,1,1),(932,'2050','','문자전송','/bbs/send.php','self',0,1,1),(933,'205010','','문자전송','/bbs/send.php','self',0,1,1),(934,'205020','','문자전송내역','/bbs/send_history.php','self',0,1,1);
/*!40000 ALTER TABLE `g5_menu` ENABLE KEYS */;
UNLOCK TABLES;

--
-- Table structure for table `g5_new_win`
--

DROP TABLE IF EXISTS `g5_new_win`;
/*!40101 SET @saved_cs_client     = @@character_set_client */;
/*!40101 SET character_set_client = utf8 */;
CREATE TABLE `g5_new_win` (
  `nw_id` int(11) NOT NULL AUTO_INCREMENT,
  `nw_division` varchar(10) NOT NULL DEFAULT 'both',
  `nw_device` varchar(10) NOT NULL DEFAULT 'both',
  `nw_begin_time` datetime NOT NULL DEFAULT '0000-00-00 00:00:00',
  `nw_end_time` datetime NOT NULL DEFAULT '0000-00-00 00:00:00',
  `nw_disable_hours` int(11) NOT NULL DEFAULT '0',
  `nw_left` int(11) NOT NULL DEFAULT '0',
  `nw_top` int(11) NOT NULL DEFAULT '0',
  `nw_height` int(11) NOT NULL DEFAULT '0',
  `nw_width` int(11) NOT NULL DEFAULT '0',
  `nw_subject` text NOT NULL,
  `nw_content` text NOT NULL,
  `nw_content_html` tinyint(4) NOT NULL DEFAULT '0',
  PRIMARY KEY (`nw_id`)
) ENGINE=InnoDB DEFAULT CHARSET=utf8;
/*!40101 SET character_set_client = @saved_cs_client */;

--
-- Dumping data for table `g5_new_win`
--

LOCK TABLES `g5_new_win` WRITE;
/*!40000 ALTER TABLE `g5_new_win` DISABLE KEYS */;
/*!40000 ALTER TABLE `g5_new_win` ENABLE KEYS */;
UNLOCK TABLES;

--
-- Table structure for table `g5_pay_attendance`
--

DROP TABLE IF EXISTS `g5_pay_attendance`;
/*!40101 SET @saved_cs_client     = @@character_set_client */;
/*!40101 SET character_set_client = utf8 */;
CREATE TABLE `g5_pay_attendance` (
  `idx` int(11) NOT NULL AUTO_INCREMENT,
  `work_selected_idx` int(11) NOT NULL,
  `mb_id` varchar(255) NOT NULL,
  `at_work` varchar(20) NOT NULL COMMENT '근무',
  `at_payments` varchar(20) NOT NULL COMMENT '지급',
  `at_weekday` char(1) NOT NULL COMMENT '평일',
  `at_voucher` char(1) NOT NULL COMMENT '바우처',
  `at_paid` char(1) NOT NULL COMMENT '유료',
  `at_twins` char(1) NOT NULL COMMENT '쌍생아',
  `at_move_in` char(1) NOT NULL COMMENT '입주',
  `at_baby_first` char(1) NOT NULL COMMENT '큰아이',
  `at_massage` char(1) NOT NULL COMMENT '마사지',
  `at_weekly_holiday` char(1) NOT NULL COMMENT '주휴',
  `at_annual` char(1) NOT NULL COMMENT '연차',
  `at_premium` char(1) NOT NULL COMMENT '프리미엄',
  `at_paid_sat` char(1) NOT NULL COMMENT '유료[토]',
  `at_voucher_sat` char(1) NOT NULL COMMENT '바우처[토]',
  `at_disabled` char(1) NOT NULL COMMENT '장애우',
  `at_holiday` char(1) NOT NULL COMMENT '휴일',
  `at_days` char(1) NOT NULL COMMENT '지정일수',
  `at_hours` char(1) NOT NULL COMMENT '근무시간',
  `at_work_number` int(1) NOT NULL COMMENT '파견인원',
  `at_reg_date` datetime NOT NULL COMMENT '등록날짜',
  PRIMARY KEY (`idx`)
) ENGINE=InnoDB DEFAULT CHARSET=utf8;
/*!40101 SET character_set_client = @saved_cs_client */;

--
-- Dumping data for table `g5_pay_attendance`
--

LOCK TABLES `g5_pay_attendance` WRITE;
/*!40000 ALTER TABLE `g5_pay_attendance` DISABLE KEYS */;
/*!40000 ALTER TABLE `g5_pay_attendance` ENABLE KEYS */;
UNLOCK TABLES;

--
-- Table structure for table `g5_pay_set`
--

DROP TABLE IF EXISTS `g5_pay_set`;
/*!40101 SET @saved_cs_client     = @@character_set_client */;
/*!40101 SET character_set_client = utf8 */;
CREATE TABLE `g5_pay_set` (
  `set_idx` int(11) NOT NULL AUTO_INCREMENT,
  `mb_menu` varchar(255) NOT NULL,
  `contract_type` varchar(50) NOT NULL,
  `set_year` varchar(10) NOT NULL,
  `set_month` varchar(10) NOT NULL,
  `payment_year` year(4) NOT NULL,
  `payment_month` varchar(2) NOT NULL DEFAULT '',
  `payment_day` varchar(2) NOT NULL DEFAULT '',
  `info_cell1` int(3) DEFAULT NULL,
  `info_cell2` int(3) DEFAULT NULL,
  `info_cell3` int(3) DEFAULT NULL,
  `item_cell1` int(3) DEFAULT NULL,
  `item_cell2` int(3) DEFAULT NULL,
  `item_cell3` int(3) DEFAULT NULL,
  `item_cell4` int(3) DEFAULT NULL,
  `item_cell5` int(3) DEFAULT NULL,
  `item_cell6` int(3) DEFAULT NULL,
  `add_cell1` int(3) DEFAULT NULL,
  `add_cell2` int(3) DEFAULT NULL,
  `add_cell3` int(3) DEFAULT NULL,
  `add_cell4` int(3) DEFAULT NULL,
  `add_cell5` int(3) DEFAULT NULL,
  `add_cell6` int(3) DEFAULT NULL,
  `add_cell7` int(3) DEFAULT NULL,
  `service_cell1` int(3) DEFAULT NULL,
  `service_cell2` int(3) DEFAULT NULL,
  `service_cell3` int(3) DEFAULT NULL,
  `service_cell4` int(3) DEFAULT NULL,
  `service_cell5` int(3) DEFAULT NULL,
  `service_cell6` int(3) DEFAULT NULL,
  `holiday_cell1` int(3) DEFAULT NULL,
  `holiday_cell2` int(3) DEFAULT NULL,
  `holiday_cell3` int(3) DEFAULT NULL,
  `holiday_cell4` int(3) DEFAULT NULL,
  `outsourcing_cell1` int(3) DEFAULT NULL,
  `outsourcing_cell2` int(3) DEFAULT NULL,
  `outsourcing_cell3` int(3) DEFAULT NULL,
  `outsourcing_cell4` double DEFAULT NULL,
  `major4_company_cell1` double DEFAULT NULL,
  `major4_company_cell2` double DEFAULT NULL,
  `major4_company_cell3` double DEFAULT NULL,
  `major4_company_cell4` double DEFAULT NULL,
  `major4_company_cell5` double DEFAULT NULL,
  `major4_staff_cell1` double DEFAULT NULL,
  `major4_staff_cell2` double DEFAULT NULL,
  `major4_staff_cell3` double DEFAULT NULL,
  `major4_staff_cell4` double DEFAULT NULL,
  `major4_staff_cell5` double DEFAULT NULL,
  PRIMARY KEY (`set_idx`)
) ENGINE=InnoDB AUTO_INCREMENT=33 DEFAULT CHARSET=utf8;
/*!40101 SET character_set_client = @saved_cs_client */;

--
-- Dumping data for table `g5_pay_set`
--

LOCK TABLES `g5_pay_set` WRITE;
/*!40000 ALTER TABLE `g5_pay_set` DISABLE KEYS */;
INSERT INTO `g5_pay_set` VALUES (1,'10','급여','2024','01',2024,'01','08',10000,11000,12000,70000,70000,5000,15000,4000,6000,70000,70000,5000,15000,4000,6000,6000,60000,60000,5000,15000,4000,6000,80000,80000,5000,15000,75000,75000,5000,11.111,4.5,3.545,12.81,1.81,0.81,14.5,13.545,112.81,11.81,10.81),(2,'10','프리렌서','2024','01',2024,'01','08',9900,11900,11900,0,0,0,0,0,0,0,0,0,0,0,0,0,0,0,0,0,0,0,0,0,0,0,0,0,0,10,0,0,0,0,0,0,0,0,0,0),(3,'20','급여','2024','01',2024,'01','08',0,0,0,0,0,0,0,0,0,0,0,0,0,0,0,0,0,0,0,0,0,0,0,0,0,0,0,0,0,0,0,0,0,0,0,0,0,0,0,NULL),(4,'20','프리렌서','2024','01',2024,'01','08',0,0,0,0,0,0,0,0,0,0,0,0,0,0,0,0,0,0,0,0,0,0,0,0,0,0,0,0,0,0,0,0,0,0,0,0,0,0,0,NULL),(5,'10','급여','2024','02',2024,'02','08',10000,11000,12000,70000,70000,5000,15000,4000,6000,70000,70000,5000,15000,4000,6000,6000,60000,60000,5000,15000,4000,6000,80000,80000,5000,15000,75000,75000,5000,11.111,4.5,3.545,12.81,1.81,0.81,14.5,13.545,112.81,11.81,NULL),(6,'10','프리렌서','2024','02',2024,'02','08',10000,11000,12000,70000,70000,5000,15000,4000,6000,70000,70000,5000,15000,4000,6000,6000,60000,60000,5000,15000,4000,6000,80000,80000,5000,15000,75000,75000,5000,11.111,4.5,3.545,12.81,1.81,0.81,14.5,13.545,112.81,11.81,NULL),(7,'20','급여','2024','02',2024,'02','08',0,0,0,0,0,0,0,0,0,0,0,0,0,0,0,0,0,0,0,0,0,0,0,0,0,0,0,0,0,0,0,0,0,0,0,0,0,0,0,NULL),(8,'20','프리렌서','2024','02',2024,'02','08',0,0,0,0,0,0,0,0,0,0,0,0,0,0,0,0,0,0,0,0,0,0,0,0,0,0,0,0,0,0,0,0,0,0,0,0,0,0,0,NULL),(9,'10','급여','2024','03',2024,'03','08',10000,11000,12000,70000,70000,5000,15000,4000,6000,70000,70000,5000,15000,4000,6000,6000,60000,60000,5000,15000,4000,6000,80000,80000,5000,15000,75000,75000,5000,11.111,4.5,3.545,12.81,1.81,0.81,14.5,13.545,112.81,11.81,NULL),(10,'10','프리렌서','2024','03',2024,'03','08',10000,11000,12000,70000,70000,5000,15000,4000,6000,70000,70000,5000,15000,4000,6000,6000,60000,60000,5000,15000,4000,6000,80000,80000,5000,15000,75000,75000,5000,11.111,4.5,3.545,12.81,1.81,0.81,14.5,13.545,112.81,11.81,NULL),(11,'20','급여','2024','03',2024,'03','08',0,0,0,0,0,0,0,0,0,0,0,0,0,0,0,0,0,0,0,0,0,0,0,0,0,0,0,0,0,0,0,0,0,0,0,0,0,0,0,NULL),(12,'20','프리렌서','2024','03',2024,'03','08',0,0,0,0,0,0,0,0,0,0,0,0,0,0,0,0,0,0,0,0,0,0,0,0,0,0,0,0,0,0,0,0,0,0,0,0,0,0,0,NULL),(13,'10','급여','2024','04',2024,'04','08',10000,11000,12000,70000,70000,5000,15000,4000,6000,70000,70000,5000,15000,4000,6000,6000,60000,60000,5000,15000,4000,6000,80000,80000,5000,15000,75000,75000,5000,11.111,4.5,3.545,12.81,1.81,0.81,14.5,13.545,112.81,11.81,NULL),(14,'10','프리렌서','2024','04',2024,'04','08',10000,11000,12000,70000,70000,5000,15000,4000,6000,70000,70000,5000,15000,4000,6000,6000,60000,60000,5000,15000,4000,6000,80000,80000,5000,15000,75000,75000,5000,11.111,4.5,3.545,12.81,1.81,0.81,14.5,13.545,112.81,11.81,NULL),(15,'10','급여','2024','05',2024,'05','08',10000,11000,12000,70000,70000,5000,15000,4000,6000,70000,70000,5000,15000,4000,6000,6000,60000,60000,5000,15000,4000,6000,80000,80000,5000,15000,75000,75000,5000,11.111,4.5,3.545,12.81,1.81,0.81,14.5,13.545,112.81,11.81,NULL),(16,'10','프리렌서','2024','05',2024,'05','08',10000,11000,12000,70000,70000,5000,15000,4000,6000,70000,70000,5000,15000,4000,6000,6000,60000,60000,5000,15000,4000,6000,80000,80000,5000,15000,75000,75000,5000,11.111,4.5,3.545,12.81,1.81,0.81,14.5,13.545,112.81,11.81,NULL),(17,'10','급여','2024','06',2024,'06','08',10000,11000,12000,70000,70000,5000,15000,4000,6000,70000,70000,5000,15000,4000,6000,6000,60000,60000,5000,15000,4000,6000,80000,80000,5000,15000,75000,75000,5000,11.111,4.5,3.545,12.81,1.81,0.81,14.5,13.545,112.81,11.81,NULL),(18,'10','프리렌서','2024','06',2024,'06','08',10000,11000,12000,70000,70000,5000,15000,4000,6000,70000,70000,5000,15000,4000,6000,6000,60000,60000,5000,15000,4000,6000,80000,80000,5000,15000,75000,75000,5000,11.111,4.5,3.545,12.81,1.81,0.81,14.5,13.545,112.81,11.81,NULL),(23,'20','급여','2024','05',2024,'06','09',0,0,0,0,0,0,0,0,0,0,0,0,0,0,0,0,0,0,0,0,0,0,0,0,0,0,0,0,0,0,0,0,0,0,0,0,0,0,0,NULL),(24,'20','프리렌서','2024','05',2024,'06','09',0,0,0,0,0,0,0,0,0,0,0,0,0,0,0,0,0,0,0,0,0,0,0,0,0,0,0,0,0,0,0,0,0,0,0,0,0,0,0,NULL),(29,'20','급여','2024','07',2024,'08','09',0,0,0,0,0,0,0,0,0,0,0,0,0,0,0,0,0,0,0,0,0,0,0,0,0,0,0,0,0,0,0,0,0,0,0,0,0,0,0,NULL),(30,'20','프리렌서','2024','07',2024,'08','09',0,0,0,0,0,0,0,0,0,0,0,0,0,0,0,0,0,0,0,0,0,0,0,0,0,0,0,0,0,0,0,0,0,0,0,0,0,0,0,NULL),(31,'10','급여','2024','07',2024,'08','08',10000,11000,12000,70000,70000,5000,15000,4000,6000,70000,70000,5000,15000,4000,6000,6000,60000,60000,5000,15000,4000,6000,80000,80000,5000,15000,75000,75000,5000,11.111,4.5,3.545,12.81,1.81,0.81,14.5,13.545,112.81,11.81,NULL),(32,'10','프리렌서','2024','07',2024,'08','08',10000,11000,12000,70000,70000,5000,15000,4000,6000,70000,70000,5000,15000,4000,6000,6000,60000,60000,5000,15000,4000,6000,80000,80000,5000,15000,75000,75000,5000,11.111,4.5,3.545,12.81,1.81,0.81,14.5,13.545,112.81,11.81,NULL);
/*!40000 ALTER TABLE `g5_pay_set` ENABLE KEYS */;
UNLOCK TABLES;

--
-- Table structure for table `g5_point`
--

DROP TABLE IF EXISTS `g5_point`;
/*!40101 SET @saved_cs_client     = @@character_set_client */;
/*!40101 SET character_set_client = utf8 */;
CREATE TABLE `g5_point` (
  `po_id` int(11) NOT NULL AUTO_INCREMENT,
  `mb_id` varchar(20) NOT NULL DEFAULT '',
  `po_datetime` datetime NOT NULL DEFAULT '0000-00-00 00:00:00',
  `po_content` varchar(255) NOT NULL DEFAULT '',
  `po_point` int(11) NOT NULL DEFAULT '0',
  `po_use_point` int(11) NOT NULL DEFAULT '0',
  `po_expired` tinyint(4) NOT NULL DEFAULT '0',
  `po_expire_date` date NOT NULL DEFAULT '0000-00-00',
  `po_mb_point` int(11) NOT NULL DEFAULT '0',
  `po_rel_table` varchar(20) NOT NULL DEFAULT '',
  `po_rel_id` varchar(20) NOT NULL DEFAULT '',
  `po_rel_action` varchar(100) NOT NULL DEFAULT '',
  PRIMARY KEY (`po_id`),
  KEY `index1` (`mb_id`,`po_rel_table`,`po_rel_id`,`po_rel_action`),
  KEY `index2` (`po_expire_date`)
) ENGINE=InnoDB AUTO_INCREMENT=2 DEFAULT CHARSET=utf8;
/*!40101 SET character_set_client = @saved_cs_client */;

--
-- Dumping data for table `g5_point`
--

LOCK TABLES `g5_point` WRITE;
/*!40000 ALTER TABLE `g5_point` DISABLE KEYS */;
INSERT INTO `g5_point` VALUES (1,'admin','2023-10-30 13:21:05','2023-10-30 첫로그인',100,0,0,'9999-12-31',100,'@login','admin','2023-10-30');
/*!40000 ALTER TABLE `g5_point` ENABLE KEYS */;
UNLOCK TABLES;

--
-- Table structure for table `g5_poll`
--

DROP TABLE IF EXISTS `g5_poll`;
/*!40101 SET @saved_cs_client     = @@character_set_client */;
/*!40101 SET character_set_client = utf8 */;
CREATE TABLE `g5_poll` (
  `po_id` int(11) NOT NULL AUTO_INCREMENT,
  `po_subject` varchar(255) NOT NULL DEFAULT '',
  `po_poll1` varchar(255) NOT NULL DEFAULT '',
  `po_poll2` varchar(255) NOT NULL DEFAULT '',
  `po_poll3` varchar(255) NOT NULL DEFAULT '',
  `po_poll4` varchar(255) NOT NULL DEFAULT '',
  `po_poll5` varchar(255) NOT NULL DEFAULT '',
  `po_poll6` varchar(255) NOT NULL DEFAULT '',
  `po_poll7` varchar(255) NOT NULL DEFAULT '',
  `po_poll8` varchar(255) NOT NULL DEFAULT '',
  `po_poll9` varchar(255) NOT NULL DEFAULT '',
  `po_cnt1` int(11) NOT NULL DEFAULT '0',
  `po_cnt2` int(11) NOT NULL DEFAULT '0',
  `po_cnt3` int(11) NOT NULL DEFAULT '0',
  `po_cnt4` int(11) NOT NULL DEFAULT '0',
  `po_cnt5` int(11) NOT NULL DEFAULT '0',
  `po_cnt6` int(11) NOT NULL DEFAULT '0',
  `po_cnt7` int(11) NOT NULL DEFAULT '0',
  `po_cnt8` int(11) NOT NULL DEFAULT '0',
  `po_cnt9` int(11) NOT NULL DEFAULT '0',
  `po_etc` varchar(255) NOT NULL DEFAULT '',
  `po_level` tinyint(4) NOT NULL DEFAULT '0',
  `po_point` int(11) NOT NULL DEFAULT '0',
  `po_date` date NOT NULL DEFAULT '0000-00-00',
  `po_ips` mediumtext NOT NULL,
  `mb_ids` text NOT NULL,
  `po_use` tinyint(4) NOT NULL DEFAULT '0',
  PRIMARY KEY (`po_id`)
) ENGINE=InnoDB DEFAULT CHARSET=utf8;
/*!40101 SET character_set_client = @saved_cs_client */;

--
-- Dumping data for table `g5_poll`
--

LOCK TABLES `g5_poll` WRITE;
/*!40000 ALTER TABLE `g5_poll` DISABLE KEYS */;
/*!40000 ALTER TABLE `g5_poll` ENABLE KEYS */;
UNLOCK TABLES;

--
-- Table structure for table `g5_poll_etc`
--

DROP TABLE IF EXISTS `g5_poll_etc`;
/*!40101 SET @saved_cs_client     = @@character_set_client */;
/*!40101 SET character_set_client = utf8 */;
CREATE TABLE `g5_poll_etc` (
  `pc_id` int(11) NOT NULL DEFAULT '0',
  `po_id` int(11) NOT NULL DEFAULT '0',
  `mb_id` varchar(20) NOT NULL DEFAULT '',
  `pc_name` varchar(255) NOT NULL DEFAULT '',
  `pc_idea` varchar(255) NOT NULL DEFAULT '',
  `pc_datetime` datetime NOT NULL DEFAULT '0000-00-00 00:00:00',
  PRIMARY KEY (`pc_id`)
) ENGINE=InnoDB DEFAULT CHARSET=utf8;
/*!40101 SET character_set_client = @saved_cs_client */;

--
-- Dumping data for table `g5_poll_etc`
--

LOCK TABLES `g5_poll_etc` WRITE;
/*!40000 ALTER TABLE `g5_poll_etc` DISABLE KEYS */;
/*!40000 ALTER TABLE `g5_poll_etc` ENABLE KEYS */;
UNLOCK TABLES;

--
-- Table structure for table `g5_popular`
--

DROP TABLE IF EXISTS `g5_popular`;
/*!40101 SET @saved_cs_client     = @@character_set_client */;
/*!40101 SET character_set_client = utf8 */;
CREATE TABLE `g5_popular` (
  `pp_id` int(11) NOT NULL AUTO_INCREMENT,
  `pp_word` varchar(50) NOT NULL DEFAULT '',
  `pp_date` date NOT NULL DEFAULT '0000-00-00',
  `pp_ip` varchar(50) NOT NULL DEFAULT '',
  PRIMARY KEY (`pp_id`),
  UNIQUE KEY `index1` (`pp_date`,`pp_word`,`pp_ip`)
) ENGINE=InnoDB DEFAULT CHARSET=utf8;
/*!40101 SET character_set_client = @saved_cs_client */;

--
-- Dumping data for table `g5_popular`
--

LOCK TABLES `g5_popular` WRITE;
/*!40000 ALTER TABLE `g5_popular` DISABLE KEYS */;
/*!40000 ALTER TABLE `g5_popular` ENABLE KEYS */;
UNLOCK TABLES;

--
-- Table structure for table `g5_qa_config`
--

DROP TABLE IF EXISTS `g5_qa_config`;
/*!40101 SET @saved_cs_client     = @@character_set_client */;
/*!40101 SET character_set_client = utf8 */;
CREATE TABLE `g5_qa_config` (
  `qa_title` varchar(255) NOT NULL DEFAULT '',
  `qa_category` varchar(255) NOT NULL DEFAULT '',
  `qa_skin` varchar(255) NOT NULL DEFAULT '',
  `qa_mobile_skin` varchar(255) NOT NULL DEFAULT '',
  `qa_use_email` tinyint(4) NOT NULL DEFAULT '0',
  `qa_req_email` tinyint(4) NOT NULL DEFAULT '0',
  `qa_use_hp` tinyint(4) NOT NULL DEFAULT '0',
  `qa_req_hp` tinyint(4) NOT NULL DEFAULT '0',
  `qa_use_sms` tinyint(4) NOT NULL DEFAULT '0',
  `qa_send_number` varchar(255) NOT NULL DEFAULT '0',
  `qa_admin_hp` varchar(255) NOT NULL DEFAULT '',
  `qa_admin_email` varchar(255) NOT NULL DEFAULT '',
  `qa_use_editor` tinyint(4) NOT NULL DEFAULT '0',
  `qa_subject_len` int(11) NOT NULL DEFAULT '0',
  `qa_mobile_subject_len` int(11) NOT NULL DEFAULT '0',
  `qa_page_rows` int(11) NOT NULL DEFAULT '0',
  `qa_mobile_page_rows` int(11) NOT NULL DEFAULT '0',
  `qa_image_width` int(11) NOT NULL DEFAULT '0',
  `qa_upload_size` int(11) NOT NULL DEFAULT '0',
  `qa_insert_content` text NOT NULL,
  `qa_include_head` varchar(255) NOT NULL DEFAULT '',
  `qa_include_tail` varchar(255) NOT NULL DEFAULT '',
  `qa_content_head` text NOT NULL,
  `qa_content_tail` text NOT NULL,
  `qa_mobile_content_head` text NOT NULL,
  `qa_mobile_content_tail` text NOT NULL,
  `qa_1_subj` varchar(255) NOT NULL DEFAULT '',
  `qa_2_subj` varchar(255) NOT NULL DEFAULT '',
  `qa_3_subj` varchar(255) NOT NULL DEFAULT '',
  `qa_4_subj` varchar(255) NOT NULL DEFAULT '',
  `qa_5_subj` varchar(255) NOT NULL DEFAULT '',
  `qa_1` varchar(255) NOT NULL DEFAULT '',
  `qa_2` varchar(255) NOT NULL DEFAULT '',
  `qa_3` varchar(255) NOT NULL DEFAULT '',
  `qa_4` varchar(255) NOT NULL DEFAULT '',
  `qa_5` varchar(255) NOT NULL DEFAULT ''
) ENGINE=InnoDB DEFAULT CHARSET=utf8;
/*!40101 SET character_set_client = @saved_cs_client */;

--
-- Dumping data for table `g5_qa_config`
--

LOCK TABLES `g5_qa_config` WRITE;
/*!40000 ALTER TABLE `g5_qa_config` DISABLE KEYS */;
INSERT INTO `g5_qa_config` VALUES ('1:1문의','회원|포인트','basic','basic',1,0,1,0,0,'0','','',1,60,30,15,15,600,1048576,'','','','','','','','','','','','','','','','','');
/*!40000 ALTER TABLE `g5_qa_config` ENABLE KEYS */;
UNLOCK TABLES;

--
-- Table structure for table `g5_qa_content`
--

DROP TABLE IF EXISTS `g5_qa_content`;
/*!40101 SET @saved_cs_client     = @@character_set_client */;
/*!40101 SET character_set_client = utf8 */;
CREATE TABLE `g5_qa_content` (
  `qa_id` int(11) NOT NULL AUTO_INCREMENT,
  `qa_num` int(11) NOT NULL DEFAULT '0',
  `qa_parent` int(11) NOT NULL DEFAULT '0',
  `qa_related` int(11) NOT NULL DEFAULT '0',
  `mb_id` varchar(20) NOT NULL DEFAULT '',
  `qa_name` varchar(255) NOT NULL DEFAULT '',
  `qa_email` varchar(255) NOT NULL DEFAULT '',
  `qa_hp` varchar(255) NOT NULL DEFAULT '',
  `qa_type` tinyint(4) NOT NULL DEFAULT '0',
  `qa_category` varchar(255) NOT NULL DEFAULT '',
  `qa_email_recv` tinyint(4) NOT NULL DEFAULT '0',
  `qa_sms_recv` tinyint(4) NOT NULL DEFAULT '0',
  `qa_html` tinyint(4) NOT NULL DEFAULT '0',
  `qa_subject` varchar(255) NOT NULL DEFAULT '',
  `qa_content` text NOT NULL,
  `qa_status` tinyint(4) NOT NULL DEFAULT '0',
  `qa_file1` varchar(255) NOT NULL DEFAULT '',
  `qa_source1` varchar(255) NOT NULL DEFAULT '',
  `qa_file2` varchar(255) NOT NULL DEFAULT '',
  `qa_source2` varchar(255) NOT NULL DEFAULT '',
  `qa_ip` varchar(255) NOT NULL DEFAULT '',
  `qa_datetime` datetime NOT NULL DEFAULT '0000-00-00 00:00:00',
  `qa_1` varchar(255) NOT NULL DEFAULT '',
  `qa_2` varchar(255) NOT NULL DEFAULT '',
  `qa_3` varchar(255) NOT NULL DEFAULT '',
  `qa_4` varchar(255) NOT NULL DEFAULT '',
  `qa_5` varchar(255) NOT NULL DEFAULT '',
  PRIMARY KEY (`qa_id`),
  KEY `qa_num_parent` (`qa_num`,`qa_parent`)
) ENGINE=InnoDB DEFAULT CHARSET=utf8;
/*!40101 SET character_set_client = @saved_cs_client */;

--
-- Dumping data for table `g5_qa_content`
--

LOCK TABLES `g5_qa_content` WRITE;
/*!40000 ALTER TABLE `g5_qa_content` DISABLE KEYS */;
/*!40000 ALTER TABLE `g5_qa_content` ENABLE KEYS */;
UNLOCK TABLES;

--
-- Table structure for table `g5_scrap`
--

DROP TABLE IF EXISTS `g5_scrap`;
/*!40101 SET @saved_cs_client     = @@character_set_client */;
/*!40101 SET character_set_client = utf8 */;
CREATE TABLE `g5_scrap` (
  `ms_id` int(11) NOT NULL AUTO_INCREMENT,
  `mb_id` varchar(20) NOT NULL DEFAULT '',
  `bo_table` varchar(20) NOT NULL DEFAULT '',
  `wr_id` varchar(15) NOT NULL DEFAULT '',
  `ms_datetime` datetime NOT NULL DEFAULT '0000-00-00 00:00:00',
  PRIMARY KEY (`ms_id`),
  KEY `mb_id` (`mb_id`)
) ENGINE=InnoDB DEFAULT CHARSET=utf8;
/*!40101 SET character_set_client = @saved_cs_client */;

--
-- Dumping data for table `g5_scrap`
--

LOCK TABLES `g5_scrap` WRITE;
/*!40000 ALTER TABLE `g5_scrap` DISABLE KEYS */;
/*!40000 ALTER TABLE `g5_scrap` ENABLE KEYS */;
UNLOCK TABLES;

--
-- Table structure for table `g5_service_menu`
--

DROP TABLE IF EXISTS `g5_service_menu`;
/*!40101 SET @saved_cs_client     = @@character_set_client */;
/*!40101 SET character_set_client = utf8 */;
CREATE TABLE `g5_service_menu` (
  `sme_id` int(11) NOT NULL AUTO_INCREMENT,
  `client_menu` varchar(255) NOT NULL COMMENT '가사서비스 / 아가마지',
  `client_service` varchar(255) NOT NULL COMMENT '고객 서비스',
  `sme_code` varchar(50) NOT NULL COMMENT 'Code Number',
  `sme_name` varchar(100) NOT NULL COMMENT '구분명',
  `sme_info` varchar(100) NOT NULL COMMENT '간략 안내',
  `sme_order` int(11) NOT NULL COMMENT '우선순위',
  `sme_use` tinyint(4) NOT NULL COMMENT '사용여부 (1:사용, 0:미사용)',
  `reg_date` datetime NOT NULL DEFAULT CURRENT_TIMESTAMP,
  PRIMARY KEY (`sme_id`)
) ENGINE=InnoDB AUTO_INCREMENT=47 DEFAULT CHARSET=utf8 COMMENT='고객 서비스 구분';
/*!40101 SET character_set_client = @saved_cs_client */;

--
-- Dumping data for table `g5_service_menu`
--

LOCK TABLES `g5_service_menu` WRITE;
/*!40000 ALTER TABLE `g5_service_menu` DISABLE KEYS */;
INSERT INTO `g5_service_menu` VALUES (1,'20','아가마지','10','바우처','',0,1,'2024-02-27 10:38:45'),(2,'20','아가마지','20','유료','',1,1,'2024-02-27 10:43:01'),(3,'20','아가마지','1010','단태아','',0,1,'2024-02-27 10:43:49'),(4,'20','아가마지','1020','쌍태아','',1,1,'2024-02-27 10:43:49'),(5,'20','아가마지','1030','삼태아','',2,1,'2024-02-27 10:43:49'),(6,'20','아가마지','2010','단태아','',0,1,'2024-02-27 10:43:01'),(7,'20','아가마지','2020','쌍태아','',1,1,'2024-02-27 10:43:01'),(8,'20','아가마지','101010','A-가-①형','첫째아(자격확인)',0,1,'2024-02-27 10:43:49'),(9,'20','아가마지','101020','A-통합-①형','첫째아(150%이하)',1,1,'2024-02-27 10:43:49'),(10,'20','아가마지','101030','A-라-①형','첫째아(150%초과)',2,1,'2024-02-27 10:43:49'),(11,'20','아가마지','101040','A-가-②형','둘째아(자격확인)',3,1,'2024-02-27 10:43:49'),(12,'20','아가마지','101050','A-통합-②형','둘째아(150%이하)',4,1,'2024-02-27 10:43:49'),(13,'20','아가마지','101060','A-라-②형','둘째아(150%초과)',5,1,'2024-02-27 10:43:49'),(14,'20','아가마지','101070','A-가-③형','셋째아 이상(자격확인)',6,1,'2024-02-27 10:43:49'),(15,'20','아가마지','101080','A-통합-③형','셋째아 이상(150%이하)',7,1,'2024-02-27 10:43:49'),(16,'20','아가마지','101090','A-라-③형','셋째아 이상(150%초과)',8,1,'2024-02-27 10:43:49'),(17,'20','아가마지','102010','B-가-①형','인력1명(자격확인)',0,1,'2024-02-27 10:43:49'),(18,'20','아가마지','102020','B-통합-①형','인력1명(150%이하)',1,1,'2024-02-27 10:43:49'),(19,'20','아가마지','102030','B-라-①형','인력1명(150%초과)',2,1,'2024-02-27 10:43:49'),(20,'20','아가마지','102040','B-가-②형','인력2명(자격확인)',3,1,'2024-02-27 10:43:49'),(21,'20','아가마지','102050','B-통합-②형','인력2명(150%이하)',4,1,'2024-02-27 10:43:49'),(22,'20','아가마지','102060','B-라-②형','인력2명(150%초과)',5,1,'2024-02-27 10:43:49'),(23,'20','아가마지','103010','C-가-①형','인력2명(자격확인)',0,1,'2024-02-27 10:43:49'),(24,'20','아가마지','103020','C-통합-①형','인력2명(150%이하)',1,1,'2024-02-27 10:43:49'),(25,'20','아가마지','103030','C-라-①형','인력2명(150%초과)',2,1,'2024-02-27 10:43:49'),(26,'20','아가마지','201010','베이직','',0,1,'2024-02-27 10:43:01'),(27,'20','아가마지','201020','프리미엄','',1,1,'2024-02-27 10:43:01'),(28,'20','아가마지','202010','쌍둥이','',0,1,'2024-02-27 10:43:01'),(29,'10','반찬','30','반찬','',2,1,'2024-02-27 10:43:01'),(30,'10','반찬','3010','반찬','',0,1,'2024-02-27 10:43:01'),(31,'10','반찬','301010','국+반찬(3가지)','',0,1,'2024-02-27 10:43:01'),(32,'10','반찬','301020','국+반찬(3가지)+찌개나 조림','',1,1,'2024-02-27 10:43:01'),(33,'10','반찬','301030','국+반찬(3가지)+특식','',2,1,'2024-02-27 10:43:01'),(35,'10','베이비시터','40','베이비시터','',0,1,'2024-02-27 10:43:01'),(36,'10','베이비시터','4010','베이비시터','',0,1,'2024-02-27 10:43:01'),(37,'10','베이비시터','401010','베이비시터','베이비시터',0,1,'2024-02-27 10:43:01'),(38,'10','베이비시터','401020','프리미엄','프리미엄(베이비시터&가사)',1,1,'2024-02-27 10:43:01'),(39,'10','청소','50','청소','',1,1,'2024-02-27 10:43:01'),(40,'10','청소','5010','청소','',0,1,'2024-02-27 10:43:01'),(41,'10','청소','501010','~9평','',2,1,'2024-02-27 10:43:01'),(42,'10','청소','501020','10~19평','',3,1,'2024-02-27 10:43:01'),(43,'10','청소','501030','20~35평','',4,1,'2024-02-27 10:43:01'),(44,'10','청소','501040','36~45평','',5,1,'2024-02-27 10:43:01'),(45,'10','청소','501050','46평~','',6,1,'2024-02-27 10:43:01'),(46,'10','청소','501060','한부모','',1,1,'2024-02-27 10:43:01');
/*!40000 ALTER TABLE `g5_service_menu` ENABLE KEYS */;
UNLOCK TABLES;

--
-- Table structure for table `g5_service_option`
--

DROP TABLE IF EXISTS `g5_service_option`;
/*!40101 SET @saved_cs_client     = @@character_set_client */;
/*!40101 SET character_set_client = utf8 */;
CREATE TABLE `g5_service_option` (
  `sop_id` int(11) NOT NULL AUTO_INCREMENT,
  `client_service` varchar(255) NOT NULL DEFAULT '' COMMENT '고객 서비스',
  `sop_cate` varchar(255) NOT NULL COMMENT '옵션 분류',
  `sop_name` varchar(50) NOT NULL COMMENT '옵션명',
  `sop_period` int(1) NOT NULL COMMENT '옵션 서비스 기간',
  `sop_period_hour` int(1) NOT NULL COMMENT '옵션 서비스 시간',
  `sop_info` varchar(100) NOT NULL COMMENT '간략 안내',
  `sop_use` tinyint(4) NOT NULL COMMENT '사용여부 (1:사용, 0:미사용)',
  `reg_date` datetime NOT NULL DEFAULT CURRENT_TIMESTAMP,
  PRIMARY KEY (`sop_id`) USING BTREE
) ENGINE=InnoDB AUTO_INCREMENT=11 DEFAULT CHARSET=utf8 COMMENT='고객 서비스 옵션';
/*!40101 SET character_set_client = @saved_cs_client */;

--
-- Dumping data for table `g5_service_option`
--

LOCK TABLES `g5_service_option` WRITE;
/*!40000 ALTER TABLE `g5_service_option` DISABLE KEYS */;
INSERT INTO `g5_service_option` VALUES (1,'청소','overtime','연장근무',1,1,'',1,'2024-02-29 15:51:04'),(2,'청소','service','다림질',1,0,'',1,'2024-02-29 15:51:04'),(3,'베이비시터','surcharge','쌍둥이',1,1,'',1,'2024-02-29 15:51:04'),(4,'베이비시터','surcharge','큰아이',1,1,'',1,'2024-02-29 15:51:04'),(5,'베이비시터','overtime','연장근무',1,1,'',1,'2024-02-29 15:51:04'),(6,'베이비시터','pre_interview','사전면접비',1,0,'',1,'2024-02-29 15:51:04'),(7,'아가마지','select','관리사 지정',1,0,'',1,'2024-02-29 15:51:04'),(8,'아가마지','premium','프리미엄',1,0,'',1,'2024-02-29 15:51:04'),(9,'아가마지','school','취학',1,0,'',1,'2024-02-29 15:51:04'),(10,'아가마지','preschool','미취학',1,0,'',1,'2024-02-29 15:51:04');
/*!40000 ALTER TABLE `g5_service_option` ENABLE KEYS */;
UNLOCK TABLES;

--
-- Table structure for table `g5_service_option_price`
--

DROP TABLE IF EXISTS `g5_service_option_price`;
/*!40101 SET @saved_cs_client     = @@character_set_client */;
/*!40101 SET character_set_client = utf8 */;
CREATE TABLE `g5_service_option_price` (
  `spp_id` int(11) NOT NULL AUTO_INCREMENT,
  `sop_id` int(11) NOT NULL COMMENT '고객 서비스 옵션 Index',
  `branch_id` varchar(255) NOT NULL COMMENT '지점 Index',
  `spp_year` varchar(10) NOT NULL COMMENT '금액 설정 년도',
  `spp_price` int(3) NOT NULL COMMENT '설정 금액',
  `spp_info` varchar(100) NOT NULL COMMENT '간략정보',
  `reg_date` datetime NOT NULL DEFAULT CURRENT_TIMESTAMP,
  PRIMARY KEY (`spp_id`)
) ENGINE=InnoDB AUTO_INCREMENT=55 DEFAULT CHARSET=utf8 COMMENT='고객 서비스 옵션 금액';
/*!40101 SET character_set_client = @saved_cs_client */;

--
-- Dumping data for table `g5_service_option_price`
--

LOCK TABLES `g5_service_option_price` WRITE;
/*!40000 ALTER TABLE `g5_service_option_price` DISABLE KEYS */;
INSERT INTO `g5_service_option_price` VALUES (1,1,'2','2023',15000,'연장근무','2024-03-06 17:05:35'),(2,2,'2','2023',5000,'다림질','2024-03-06 17:05:35'),(3,1,'2','2024',15000,'연장근무','2024-03-06 17:21:26'),(4,2,'2','2024',5000,'다림질','2024-03-06 17:21:26'),(5,1,'2','2025',15000,'연장근무','2024-03-06 17:25:45'),(6,2,'2','2025',5000,'다림질','2024-03-06 17:25:45'),(7,3,'2','2023',4000,'쌍둥이','2024-03-06 17:25:45'),(8,4,'2','2023',3000,'큰아이','2024-03-06 17:25:45'),(9,5,'2','2023',13000,'연장근무','2024-03-06 17:25:45'),(10,6,'2','2023',10000,'사전면접비','2024-03-06 17:25:45'),(11,3,'2','2024',4000,'쌍둥이','2024-03-06 18:37:37'),(12,3,'2','2025',4000,'쌍둥이','2024-03-06 18:37:37'),(13,4,'2','2024',3000,'큰아이','2024-03-06 18:37:37'),(14,4,'2','2025',3000,'큰아이','2024-03-06 18:37:37'),(15,5,'2','2024',13000,'연장근무','2024-03-06 18:37:37'),(16,5,'2','2025',13000,'연장근무','2024-03-06 18:37:37'),(17,6,'2','2024',10000,'사전면접비','2024-03-06 18:37:37'),(18,6,'2','2025',10000,'사전면접비','2024-03-06 18:37:37'),(19,7,'2','2023',5000,'관리사 지정','2024-03-06 18:37:37'),(20,7,'2','2025',5000,'관리사 지정','2024-03-07 13:45:58'),(21,7,'2','2024',5000,'관리사 지정','2024-03-07 13:52:59'),(22,8,'2','2023',20000,'프리미엄','2024-03-07 13:52:59'),(23,9,'2','2023',5000,'취학','2024-03-07 13:52:59'),(24,10,'2','2023',8000,'미취학','2024-03-07 13:52:59'),(25,8,'2','2024',20000,'프리미엄','2024-03-07 13:54:19'),(26,8,'2','2025',20000,'프리미엄','2024-03-07 13:54:19'),(27,9,'2','2024',5000,'취학','2024-03-07 13:54:19'),(28,9,'2','2025',5000,'취학','2024-03-07 13:54:19'),(29,10,'2','2024',8000,'미취학','2024-03-07 13:54:19'),(30,10,'2','2025',8000,'미취학','2024-03-07 13:54:19'),(31,7,'1','2024',5000,'관리사 지정','2024-03-11 11:39:05'),(32,8,'1','2024',20000,'프리미엄','2024-03-11 11:39:05'),(33,9,'1','2024',5000,'취학','2024-03-11 11:39:05'),(34,10,'1','2024',8000,'미취학','2024-03-11 11:39:05'),(35,0,'1','2024',0,'','2024-03-11 16:05:10'),(36,0,'1','2024',0,'','2024-03-11 16:05:10'),(37,0,'1','2024',0,'','2024-03-11 16:05:10'),(38,0,'1','2024',0,'','2024-03-11 16:05:10'),(39,3,'1','2024',4000,'쌍둥이','2024-03-11 16:11:20'),(40,4,'1','2024',3000,'큰아이','2024-03-11 16:11:20'),(41,5,'1','2024',13000,'연장근무','2024-03-11 16:11:20'),(42,6,'1','2024',10000,'사전면접비','2024-03-11 16:11:20'),(43,7,'1','2025',5000,'관리사 지정','2024-03-11 16:11:21'),(44,8,'1','2025',20000,'프리미엄','2024-03-11 16:11:21'),(45,9,'1','2025',5000,'취학','2024-03-11 16:11:21'),(46,10,'1','2025',8000,'미취학','2024-03-11 16:11:21'),(47,3,'1','2025',4000,'쌍둥이','2024-03-11 16:11:23'),(48,4,'1','2025',3000,'큰아이','2024-03-11 16:11:23'),(49,5,'1','2025',13000,'연장근무','2024-03-11 16:11:23'),(50,6,'1','2025',10000,'사전면접비','2024-03-11 16:11:23'),(51,1,'1','2024',15000,'연장근무','2024-03-11 16:12:42'),(52,2,'1','2024',5000,'다림질','2024-03-11 16:12:42'),(53,1,'1','2025',15000,'연장근무','2024-03-11 16:12:42'),(54,2,'1','2025',5000,'다림질','2024-03-11 16:12:42');
/*!40000 ALTER TABLE `g5_service_option_price` ENABLE KEYS */;
UNLOCK TABLES;

--
-- Table structure for table `g5_service_period`
--

DROP TABLE IF EXISTS `g5_service_period`;
/*!40101 SET @saved_cs_client     = @@character_set_client */;
/*!40101 SET character_set_client = utf8 */;
CREATE TABLE `g5_service_period` (
  `spe_id` int(11) NOT NULL AUTO_INCREMENT,
  `sme_id` int(11) NOT NULL COMMENT '고객 서비스 구분 Index',
  `client_service` varchar(255) NOT NULL COMMENT '고객 서비스',
  `spe_cate` varchar(50) NOT NULL COMMENT '기간 분류',
  `spe_name` varchar(50) NOT NULL COMMENT '고객 서비스 기간명',
  `spe_period` int(1) NOT NULL COMMENT '서비스 기간',
  `spe_period_hour` int(1) NOT NULL COMMENT '서비스 시간',
  `spe_week` varchar(50) NOT NULL COMMENT '평일 / 주말&공휴일',
  `spe_info` varchar(100) NOT NULL COMMENT '간략 안내',
  `spe_order` int(11) NOT NULL COMMENT '우선순위',
  `spe_use` tinyint(4) NOT NULL COMMENT '사용여부 (1:사용, 0:미사용)',
  `reg_date` datetime NOT NULL DEFAULT CURRENT_TIMESTAMP,
  PRIMARY KEY (`spe_id`)
) ENGINE=InnoDB AUTO_INCREMENT=87 DEFAULT CHARSET=utf8 COMMENT='고객 서비스 기간';
/*!40101 SET character_set_client = @saved_cs_client */;

--
-- Dumping data for table `g5_service_period`
--

LOCK TABLES `g5_service_period` WRITE;
/*!40000 ALTER TABLE `g5_service_period` DISABLE KEYS */;
INSERT INTO `g5_service_period` VALUES (1,31,'반찬','반찬','국+반찬(3가지)',1,3,'weekdays','3시간',0,1,'2024-03-06 14:41:45'),(2,32,'반찬','반찬','국+반찬(3가지)+찌개나 조림',1,3,'weekdays','3시간',0,1,'2024-03-06 14:41:45'),(3,33,'반찬','반찬','국+반찬(3가지)+특식',1,4,'weekdays','4시간',0,1,'2024-03-06 14:41:45'),(4,41,'청소','4시간','~9평',1,4,'weekdays','4시간',2,1,'2024-03-06 14:41:45'),(5,41,'청소','8시간','~9평',1,8,'weekdays','8시간',3,1,'2024-03-06 14:41:45'),(6,42,'청소','4시간','10~19평',1,4,'weekdays','4시간',4,1,'2024-03-06 14:41:45'),(7,42,'청소','8시간','10~19평',1,8,'weekdays','8시간',5,1,'2024-03-06 14:41:45'),(8,43,'청소','4시간','20~35평',1,4,'weekdays','4시간',6,1,'2024-03-06 14:41:45'),(9,43,'청소','8시간','20~35평',1,8,'weekdays','8시간',7,1,'2024-03-06 14:41:45'),(10,44,'청소','4시간','36~45평',1,4,'weekdays','4시간',8,1,'2024-03-06 14:41:45'),(11,44,'청소','8시간','36~45평',1,8,'weekdays','8시간',9,1,'2024-03-06 14:41:45'),(12,45,'청소','4시간','46평~',1,4,'weekdays','4시간',10,1,'2024-03-06 14:41:45'),(13,45,'청소','8시간','46평~',1,8,'weekdays','8시간',11,1,'2024-03-06 14:41:45'),(14,37,'베이비시터','4시간','베이비시터',1,4,'weekdays','기본 4시간',0,1,'2024-03-06 14:41:45'),(15,37,'베이비시터','1일','베이비시터',1,9,'weekdays','1일',0,1,'2024-03-06 14:41:45'),(16,38,'베이비시터','1일','프리미엄',1,9,'weekdays','1일',0,1,'2024-03-06 14:41:45'),(17,8,'아가마지','단축','단축',5,0,'weekdays','5일',0,1,'2024-03-06 14:41:45'),(18,8,'아가마지','표준','표준',10,0,'weekdays','10일',0,1,'2024-03-06 14:41:45'),(19,8,'아가마지','연장','연장',15,0,'weekdays','15일',0,1,'2024-03-06 14:41:45'),(20,9,'아가마지','단축','단축',5,0,'weekdays','5일',0,1,'2024-03-06 14:41:45'),(21,9,'아가마지','표준','표준',10,0,'weekdays','10일',0,1,'2024-03-06 14:41:45'),(22,9,'아가마지','연장','연장',15,0,'weekdays','15일',0,1,'2024-03-06 14:41:45'),(23,10,'아가마지','단축','단축',5,0,'weekdays','5일',0,1,'2024-03-06 14:41:45'),(24,10,'아가마지','표준','표준',10,0,'weekdays','10일',0,1,'2024-03-06 14:41:45'),(25,10,'아가마지','연장','연장',15,0,'weekdays','15일',0,1,'2024-03-06 14:41:45'),(26,11,'아가마지','단축','단축',10,0,'weekdays','10일',0,1,'2024-03-06 14:41:45'),(27,11,'아가마지','표준','표준',15,0,'weekdays','15일',0,1,'2024-03-06 14:41:45'),(28,11,'아가마지','연장','연장',20,0,'weekdays','20일',0,1,'2024-03-06 14:41:45'),(29,12,'아가마지','단축','단축',10,0,'weekdays','10일',0,1,'2024-03-06 14:41:45'),(30,12,'아가마지','표준','표준',15,0,'weekdays','15일',0,1,'2024-03-06 14:41:45'),(31,12,'아가마지','연장','연장',20,0,'weekdays','20일',0,1,'2024-03-06 14:41:45'),(32,13,'아가마지','단축','단축',10,0,'weekdays','10일',0,1,'2024-03-06 14:41:45'),(33,13,'아가마지','표준','표준',15,0,'weekdays','15일',0,1,'2024-03-06 14:41:45'),(34,13,'아가마지','연장','연장',20,0,'weekdays','20일',0,1,'2024-03-06 14:41:45'),(35,14,'아가마지','단축','단축',10,0,'weekdays','10일',0,1,'2024-03-06 14:41:45'),(36,14,'아가마지','표준','표준',15,0,'weekdays','15일',0,1,'2024-03-06 14:41:45'),(37,14,'아가마지','연장','연장',20,0,'weekdays','20일',0,1,'2024-03-06 14:41:45'),(38,15,'아가마지','단축','단축',10,0,'weekdays','10일',0,1,'2024-03-06 14:41:45'),(39,15,'아가마지','표준','표준',15,0,'weekdays','15일',0,1,'2024-03-06 14:41:45'),(40,15,'아가마지','연장','연장',20,0,'weekdays','20일',0,1,'2024-03-06 14:41:45'),(41,16,'아가마지','단축','단축',10,0,'weekdays','10일',0,1,'2024-03-06 14:41:45'),(42,16,'아가마지','표준','표준',15,0,'weekdays','15일',0,1,'2024-03-06 14:41:45'),(43,16,'아가마지','연장','연장',20,0,'weekdays','20일',0,1,'2024-03-06 14:41:45'),(44,17,'아가마지','단축','단축',10,0,'weekdays','10일',0,1,'2024-03-06 14:41:45'),(45,17,'아가마지','표준','표준',15,0,'weekdays','15일',0,1,'2024-03-06 14:41:45'),(46,17,'아가마지','연장','연장',20,0,'weekdays','20일',0,1,'2024-03-06 14:41:45'),(47,18,'아가마지','단축','단축',10,0,'weekdays','10일',0,1,'2024-03-06 14:41:45'),(48,18,'아가마지','표준','표준',15,0,'weekdays','15일',0,1,'2024-03-06 14:41:45'),(49,18,'아가마지','연장','연장',20,0,'weekdays','20일',0,1,'2024-03-06 14:41:45'),(50,19,'아가마지','단축','단축',10,0,'weekdays','10일',0,1,'2024-03-06 14:41:45'),(51,19,'아가마지','표준','표준',15,0,'weekdays','15일',0,1,'2024-03-06 14:41:45'),(52,19,'아가마지','연장','연장',20,0,'weekdays','20일',0,1,'2024-03-06 14:41:45'),(53,20,'아가마지','단축','단축',10,0,'weekdays','10일',0,1,'2024-03-06 14:41:45'),(54,20,'아가마지','표준','표준',15,0,'weekdays','15일',0,1,'2024-03-06 14:41:45'),(55,20,'아가마지','연장','연장',20,0,'weekdays','20일',0,1,'2024-03-06 14:41:45'),(56,21,'아가마지','단축','단축',10,0,'weekdays','10일',0,1,'2024-03-06 14:41:45'),(57,21,'아가마지','표준','표준',15,0,'weekdays','15일',0,1,'2024-03-06 14:41:45'),(58,21,'아가마지','연장','연장',20,0,'weekdays','20일',0,1,'2024-03-06 14:41:45'),(59,22,'아가마지','단축','단축',10,0,'weekdays','10일',0,1,'2024-03-06 14:41:45'),(60,22,'아가마지','표준','표준',15,0,'weekdays','15일',0,1,'2024-03-06 14:41:45'),(61,22,'아가마지','연장','연장',20,0,'weekdays','20일',0,1,'2024-03-06 14:41:45'),(62,23,'아가마지','단축','단축',15,0,'weekdays','15일',0,1,'2024-03-06 14:41:45'),(63,23,'아가마지','표준','표준',25,0,'weekdays','25일',0,1,'2024-03-06 14:41:45'),(64,23,'아가마지','연장','연장',40,0,'weekdays','40일',0,1,'2024-03-06 14:41:45'),(65,24,'아가마지','단축','단축',15,0,'weekdays','15일',0,1,'2024-03-06 14:41:45'),(66,24,'아가마지','표준','표준',25,0,'weekdays','25일',0,1,'2024-03-06 14:41:45'),(67,24,'아가마지','연장','연장',40,0,'weekdays','40일',0,1,'2024-03-06 14:41:45'),(68,25,'아가마지','단축','단축',15,0,'weekdays','15일',0,1,'2024-03-06 14:41:45'),(69,25,'아가마지','표준','표준',25,0,'weekdays','25일',0,1,'2024-03-06 14:41:45'),(70,25,'아가마지','연장','연장',40,0,'weekdays','40일',0,1,'2024-03-06 14:41:45'),(71,26,'아가마지','베이직','5일',5,0,'weekdays','5일',0,1,'2024-03-06 14:41:45'),(72,26,'아가마지','베이직','10일',10,0,'weekdays','10일',0,1,'2024-03-06 14:41:45'),(73,26,'아가마지','베이직','15일',15,0,'weekdays','15일',0,1,'2024-03-06 14:41:45'),(74,26,'아가마지','베이직','20일',20,0,'weekdays','20일',0,1,'2024-03-06 14:41:45'),(75,27,'아가마지','프리미엄','5일',5,0,'weekdays','5일',0,1,'2024-03-06 14:41:45'),(76,27,'아가마지','프리미엄','10일',10,0,'weekdays','10일',0,1,'2024-03-06 14:41:45'),(77,27,'아가마지','프리미엄','15일',15,0,'weekdays','15일',0,1,'2024-03-06 14:41:45'),(78,27,'아가마지','프리미엄','20일',20,0,'weekdays','20일',0,1,'2024-03-06 14:41:45'),(79,28,'아가마지','쌍둥이','5일',5,0,'weekdays','5일',0,1,'2024-03-06 14:41:45'),(80,28,'아가마지','쌍둥이','10일',10,0,'weekdays','10일',0,1,'2024-03-06 14:41:45'),(81,28,'아가마지','쌍둥이','15일',15,0,'weekdays','15일',0,1,'2024-03-06 14:41:45'),(82,28,'아가마지','쌍둥이','20일',20,0,'weekdays','20일',0,1,'2024-03-06 14:41:45'),(83,26,'아가마지','베이직','1일',1,0,'holiday','1일',0,1,'2024-03-06 14:41:45'),(84,27,'아가마지','프리미엄','1일',1,0,'holiday','1일',0,1,'2024-03-06 14:41:45'),(85,28,'아가마지','쌍둥이','1일',1,0,'holiday','1일',0,1,'2024-03-06 14:41:45'),(86,46,'청소','3시간','한부모',1,3,'weekdays','3시간',1,1,'2024-03-06 14:41:45');
/*!40000 ALTER TABLE `g5_service_period` ENABLE KEYS */;
UNLOCK TABLES;

--
-- Table structure for table `g5_service_period_price`
--

DROP TABLE IF EXISTS `g5_service_period_price`;
/*!40101 SET @saved_cs_client     = @@character_set_client */;
/*!40101 SET character_set_client = utf8 */;
CREATE TABLE `g5_service_period_price` (
  `spp_id` int(11) NOT NULL AUTO_INCREMENT,
  `spe_id` int(11) NOT NULL COMMENT '고객 서비스 기간 Index',
  `branch_id` varchar(255) NOT NULL COMMENT '지점 Index',
  `spp_year` varchar(10) NOT NULL COMMENT '년도',
  `spp_subsiby` int(3) NOT NULL COMMENT '정부지원금',
  `spp_deductible` int(3) NOT NULL COMMENT '본인부담금',
  `spp_info` varchar(100) NOT NULL COMMENT '간략 안내',
  `reg_date` datetime NOT NULL DEFAULT CURRENT_TIMESTAMP,
  PRIMARY KEY (`spp_id`)
) ENGINE=InnoDB AUTO_INCREMENT=430 DEFAULT CHARSET=utf8 COMMENT='고객 서비스 기간 금액';
/*!40101 SET character_set_client = @saved_cs_client */;

--
-- Dumping data for table `g5_service_period_price`
--

LOCK TABLES `g5_service_period_price` WRITE;
/*!40000 ALTER TABLE `g5_service_period_price` DISABLE KEYS */;
INSERT INTO `g5_service_period_price` VALUES (1,1,'2','2023',0,50000,'3시간','2024-03-06 15:00:14'),(2,2,'2','2023',0,60000,'3시간','2024-03-06 15:00:14'),(3,3,'2','2023',0,70000,'4시간','2024-03-06 15:00:14'),(4,1,'2','2024',0,50000,'3시간','2024-03-06 15:21:30'),(5,2,'2','2024',0,60000,'3시간','2024-03-06 15:21:30'),(6,3,'2','2024',0,70000,'4시간','2024-03-06 15:21:30'),(7,1,'2','2025',0,50000,'3시간','2024-03-06 15:37:55'),(8,2,'2','2025',0,60000,'3시간','2024-03-06 15:37:55'),(9,3,'2','2025',0,70000,'4시간','2024-03-06 15:37:55'),(10,4,'2','2023',0,60000,'4시간','2024-03-06 15:37:55'),(11,5,'2','2023',0,120000,'8시간','2024-03-06 15:37:55'),(12,6,'2','2023',0,70000,'4시간','2024-03-06 15:37:55'),(13,7,'2','2023',0,130000,'8시간','2024-03-06 15:37:55'),(14,8,'2','2023',0,75000,'4시간','2024-03-06 15:37:55'),(15,9,'2','2023',0,135000,'8시간','2024-03-06 15:37:55'),(16,10,'2','2023',0,80000,'4시간','2024-03-06 15:37:55'),(17,11,'2','2023',0,140000,'8시간','2024-03-06 15:37:55'),(18,12,'2','2023',0,85000,'4시간','2024-03-06 15:37:55'),(19,13,'2','2023',0,145000,'8시간','2024-03-06 15:37:55'),(20,4,'2','2024',0,60000,'4시간','2024-03-06 16:45:38'),(21,4,'2','2025',0,60000,'4시간','2024-03-06 16:45:38'),(22,6,'2','2024',0,70000,'4시간','2024-03-06 16:45:38'),(23,6,'2','2025',0,70000,'4시간','2024-03-06 16:45:38'),(24,8,'2','2024',0,75000,'4시간','2024-03-06 16:45:38'),(25,8,'2','2025',0,75000,'4시간','2024-03-06 16:45:38'),(26,10,'2','2024',0,80000,'4시간','2024-03-06 16:45:38'),(27,10,'2','2025',0,80000,'4시간','2024-03-06 16:45:38'),(28,12,'2','2024',0,85000,'4시간','2024-03-06 16:45:38'),(29,12,'2','2025',0,85000,'4시간','2024-03-06 16:45:38'),(30,5,'2','2024',0,120000,'8시간','2024-03-06 16:45:38'),(31,5,'2','2025',0,120000,'8시간','2024-03-06 16:45:38'),(32,7,'2','2024',0,130000,'8시간','2024-03-06 16:45:38'),(33,7,'2','2025',0,130000,'8시간','2024-03-06 16:45:38'),(34,9,'2','2024',0,135000,'8시간','2024-03-06 16:45:38'),(35,9,'2','2025',0,135000,'8시간','2024-03-06 16:45:38'),(36,11,'2','2024',0,140000,'8시간','2024-03-06 16:45:38'),(37,11,'2','2025',0,140000,'8시간','2024-03-06 16:45:38'),(38,13,'2','2024',0,145000,'8시간','2024-03-06 16:45:38'),(39,13,'2','2025',0,145000,'8시간','2024-03-06 16:45:38'),(40,14,'2','2023',0,60000,'4시간','2024-03-06 16:45:38'),(41,15,'2','2023',0,120000,'1일','2024-03-06 16:45:38'),(42,16,'2','2023',0,140000,'1일','2024-03-06 16:45:38'),(43,14,'2','2024',0,60000,'4시간','2024-03-06 18:27:12'),(44,14,'2','2025',0,60000,'4시간','2024-03-06 18:27:12'),(45,15,'2','2024',0,120000,'1일','2024-03-06 18:27:12'),(46,15,'2','2025',0,120000,'1일','2024-03-06 18:27:12'),(47,16,'2','2024',0,140000,'1일','2024-03-06 18:27:12'),(48,16,'2','2025',0,140000,'1일','2024-03-06 18:27:12'),(49,17,'2','2023',620000,68000,'단축','2024-03-06 18:27:12'),(50,18,'2','2023',1100000,276000,'표준','2024-03-06 18:27:12'),(51,19,'2','2023',1444000,620000,'연장','2024-03-06 18:27:12'),(52,20,'2','2023',537000,151000,'단축','2024-03-06 18:27:12'),(53,21,'2','2023',949000,427000,'표준','2024-03-06 18:27:12'),(54,22,'2','2023',1238000,826000,'연장','2024-03-06 18:27:12'),(55,23,'2','2023',433000,255000,'단축','2024-03-06 18:27:12'),(56,24,'2','2023',729000,647000,'표준','2024-03-06 18:27:12'),(57,25,'2','2023',991000,1073000,'연장','2024-03-06 18:27:12'),(58,26,'2','2023',1266000,110000,'단축','2024-03-06 18:27:12'),(59,27,'2','2023',1692000,372000,'표준','2024-03-06 18:27:12'),(60,28,'2','2023',1981000,771000,'연장','2024-03-06 18:27:12'),(61,29,'2','2023',1100000,276000,'단축','2024-03-06 18:27:12'),(62,30,'2','2023',1444000,620000,'표준','2024-03-06 18:27:12'),(63,31,'2','2023',1679000,1073000,'연장','2024-03-06 18:27:12'),(64,32,'2','2023',894000,482000,'단축','2024-03-06 18:27:12'),(65,33,'2','2023',1136000,928000,'표준','2024-03-06 18:27:12'),(66,34,'2','2023',1376000,1376000,'연장','2024-03-06 18:27:12'),(67,35,'2','2023',1293000,83000,'단축','2024-03-06 18:27:12'),(68,36,'2','2023',1733000,331000,'표준','2024-03-06 18:27:12'),(69,37,'2','2023',2036000,716000,'연장','2024-03-06 18:27:12'),(70,38,'2','2023',1128000,248000,'단축','2024-03-06 18:27:12'),(71,39,'2','2023',1465000,599000,'표준','2024-03-06 18:27:12'),(72,40,'2','2023',1707000,1045000,'연장','2024-03-06 18:27:12'),(73,41,'2','2023',922000,454000,'단축','2024-03-06 18:27:12'),(74,42,'2','2023',1176000,888000,'표준','2024-03-06 18:27:12'),(75,43,'2','2023',1431000,1321000,'연장','2024-03-06 18:27:12'),(76,44,'2','2023',1651000,69000,'단축','2024-03-06 18:27:12'),(77,45,'2','2023',2219000,361000,'표준','2024-03-06 18:27:12'),(78,46,'2','2023',2614000,826000,'연장','2024-03-06 18:27:12'),(79,47,'2','2023',1479000,241000,'단축','2024-03-06 18:27:12'),(80,48,'2','2023',1935000,645000,'표준','2024-03-06 18:27:12'),(81,49,'2','2023',2305000,1135000,'연장','2024-03-06 18:27:12'),(82,50,'2','2023',1204000,516000,'단축','2024-03-06 18:27:12'),(83,51,'2','2023',1523000,1057000,'표준','2024-03-06 18:27:12'),(84,52,'2','2023',1857000,1583000,'연장','2024-03-06 18:27:12'),(85,53,'2','2023',2441000,215000,'단축','2024-03-06 18:27:12'),(86,54,'2','2023',3254000,639000,'표준','2024-03-06 18:27:12'),(87,55,'2','2023',4019000,1131000,'연장','2024-03-06 18:27:12'),(88,56,'2','2023',2216000,440000,'단축','2024-03-06 18:27:12'),(89,57,'2','2023',2967000,890000,'표준','2024-03-06 18:27:12'),(90,58,'2','2023',3675000,1432000,'연장','2024-03-06 18:27:12'),(91,59,'2','2023',1880000,776000,'단축','2024-03-06 18:27:12'),(92,60,'2','2023',2537000,1266000,'표준','2024-03-06 18:27:12'),(93,61,'2','2023',3159000,1884000,'연장','2024-03-06 18:27:12'),(94,62,'2','2023',5056000,104000,'단축','2024-03-06 18:27:12'),(95,63,'2','2023',7740000,860000,'표준','2024-03-06 18:27:12'),(96,64,'2','2023',11284000,2476000,'연장','2024-03-06 18:27:12'),(97,65,'2','2023',4645000,515000,'단축','2024-03-06 18:27:12'),(98,66,'2','2023',6881000,1719000,'표준','2024-03-06 18:27:12'),(99,67,'2','2023',10320000,3440000,'연장','2024-03-06 18:27:12'),(100,68,'2','2023',3974000,1186000,'단축','2024-03-06 18:27:12'),(101,69,'2','2023',5934000,2666000,'표준','2024-03-06 18:27:12'),(102,70,'2','2023',8944000,4816000,'연장','2024-03-06 18:27:12'),(103,17,'2','2024',620000,68000,'단축','2024-03-07 11:56:50'),(104,18,'2','2024',1100000,276000,'표준','2024-03-07 11:56:50'),(105,19,'2','2024',1444000,620000,'연장','2024-03-07 11:56:50'),(106,20,'2','2024',537000,151000,'단축','2024-03-07 11:56:50'),(107,21,'2','2024',949000,427000,'표준','2024-03-07 11:56:50'),(108,22,'2','2024',1238000,826000,'연장','2024-03-07 11:56:50'),(109,23,'2','2024',433000,255000,'단축','2024-03-07 11:56:50'),(110,24,'2','2024',729000,647000,'표준','2024-03-07 11:56:50'),(111,25,'2','2024',991000,1073000,'연장','2024-03-07 11:56:50'),(112,26,'2','2024',1266000,110000,'단축','2024-03-07 11:56:50'),(113,27,'2','2024',1692000,372000,'표준','2024-03-07 11:56:50'),(114,28,'2','2024',1981000,771000,'연장','2024-03-07 11:56:50'),(115,29,'2','2024',1100000,276000,'단축','2024-03-07 11:56:50'),(116,30,'2','2024',1444000,620000,'표준','2024-03-07 11:56:50'),(117,31,'2','2024',1679000,1073000,'연장','2024-03-07 11:56:50'),(118,32,'2','2024',894000,482000,'단축','2024-03-07 11:56:50'),(119,33,'2','2024',1136000,928000,'표준','2024-03-07 11:56:50'),(120,34,'2','2024',1376000,1376000,'연장','2024-03-07 11:56:50'),(121,35,'2','2024',1293000,83000,'단축','2024-03-07 11:56:50'),(122,36,'2','2024',1733000,331000,'표준','2024-03-07 11:56:50'),(123,37,'2','2024',2036000,716000,'연장','2024-03-07 11:56:50'),(124,38,'2','2024',1128000,248000,'단축','2024-03-07 11:56:50'),(125,39,'2','2024',1465000,599000,'표준','2024-03-07 11:56:50'),(126,40,'2','2024',1707000,1045000,'연장','2024-03-07 11:56:50'),(127,41,'2','2024',922000,454000,'단축','2024-03-07 11:56:50'),(128,42,'2','2024',1176000,888000,'표준','2024-03-07 11:56:50'),(129,43,'2','2024',1431000,1321000,'연장','2024-03-07 11:56:50'),(130,44,'2','2024',1651000,69000,'단축','2024-03-07 11:56:50'),(131,45,'2','2024',2219000,361000,'표준','2024-03-07 11:56:50'),(132,46,'2','2024',2614000,826000,'연장','2024-03-07 11:56:50'),(133,47,'2','2024',1479000,241000,'단축','2024-03-07 11:56:50'),(134,48,'2','2024',1935000,645000,'표준','2024-03-07 11:56:50'),(135,49,'2','2024',2305000,1135000,'연장','2024-03-07 11:56:50'),(136,50,'2','2024',1204000,516000,'단축','2024-03-07 11:56:50'),(137,51,'2','2024',1523000,1057000,'표준','2024-03-07 11:56:50'),(138,52,'2','2024',1857000,1583000,'연장','2024-03-07 11:56:50'),(139,53,'2','2024',2441000,215000,'단축','2024-03-07 11:56:50'),(140,54,'2','2024',3254000,639000,'표준','2024-03-07 11:56:50'),(141,55,'2','2024',4019000,1131000,'연장','2024-03-07 11:56:50'),(142,56,'2','2024',2216000,440000,'단축','2024-03-07 11:56:50'),(143,57,'2','2024',2967000,890000,'표준','2024-03-07 11:56:50'),(144,58,'2','2024',3675000,1432000,'연장','2024-03-07 11:56:50'),(145,59,'2','2024',1880000,776000,'단축','2024-03-07 11:56:50'),(146,60,'2','2024',2537000,1266000,'표준','2024-03-07 11:56:50'),(147,61,'2','2024',3159000,1884000,'연장','2024-03-07 11:56:50'),(148,62,'2','2024',5056000,104000,'단축','2024-03-07 11:56:50'),(149,63,'2','2024',7740000,860000,'표준','2024-03-07 11:56:50'),(150,64,'2','2024',11284000,2476000,'연장','2024-03-07 11:56:50'),(151,65,'2','2024',4645000,515000,'단축','2024-03-07 11:56:50'),(152,66,'2','2024',6881000,1719000,'표준','2024-03-07 11:56:50'),(153,67,'2','2024',10320000,3440000,'연장','2024-03-07 11:56:50'),(154,68,'2','2024',3974000,1186000,'단축','2024-03-07 11:56:50'),(155,69,'2','2024',5934000,2666000,'표준','2024-03-07 11:56:50'),(156,70,'2','2024',8944000,4816000,'연장','2024-03-07 11:56:50'),(157,17,'2','2025',620000,68000,'단축','2024-03-07 11:59:53'),(158,18,'2','2025',1100000,276000,'표준','2024-03-07 11:59:53'),(159,19,'2','2025',1444000,620000,'연장','2024-03-07 11:59:53'),(160,20,'2','2025',537000,151000,'단축','2024-03-07 11:59:53'),(161,21,'2','2025',949000,427000,'표준','2024-03-07 11:59:53'),(162,22,'2','2025',1238000,826000,'연장','2024-03-07 11:59:53'),(163,23,'2','2025',433000,255000,'단축','2024-03-07 11:59:53'),(164,24,'2','2025',729000,647000,'표준','2024-03-07 11:59:53'),(165,25,'2','2025',991000,1073000,'연장','2024-03-07 11:59:53'),(166,26,'2','2025',1266000,110000,'단축','2024-03-07 11:59:53'),(167,27,'2','2025',1692000,372000,'표준','2024-03-07 11:59:53'),(168,28,'2','2025',1981000,771000,'연장','2024-03-07 11:59:53'),(169,29,'2','2025',1100000,276000,'단축','2024-03-07 11:59:53'),(170,30,'2','2025',1444000,620000,'표준','2024-03-07 11:59:53'),(171,31,'2','2025',1679000,1073000,'연장','2024-03-07 11:59:53'),(172,32,'2','2025',894000,482000,'단축','2024-03-07 11:59:53'),(173,33,'2','2025',1136000,928000,'표준','2024-03-07 11:59:53'),(174,34,'2','2025',1376000,1376000,'연장','2024-03-07 11:59:53'),(175,35,'2','2025',1293000,83000,'단축','2024-03-07 11:59:53'),(176,36,'2','2025',1733000,331000,'표준','2024-03-07 11:59:53'),(177,37,'2','2025',2036000,716000,'연장','2024-03-07 11:59:53'),(178,38,'2','2025',1128000,248000,'단축','2024-03-07 11:59:53'),(179,39,'2','2025',1465000,599000,'표준','2024-03-07 11:59:53'),(180,40,'2','2025',1707000,1045000,'연장','2024-03-07 11:59:53'),(181,41,'2','2025',922000,454000,'단축','2024-03-07 11:59:53'),(182,42,'2','2025',1176000,888000,'표준','2024-03-07 11:59:53'),(183,43,'2','2025',1431000,1321000,'연장','2024-03-07 11:59:53'),(184,44,'2','2025',1651000,69000,'단축','2024-03-07 11:59:53'),(185,45,'2','2025',2219000,361000,'표준','2024-03-07 11:59:53'),(186,46,'2','2025',2614000,826000,'연장','2024-03-07 11:59:53'),(187,47,'2','2025',1479000,241000,'단축','2024-03-07 11:59:53'),(188,48,'2','2025',1935000,645000,'표준','2024-03-07 11:59:53'),(189,49,'2','2025',2305000,1135000,'연장','2024-03-07 11:59:53'),(190,50,'2','2025',1204000,516000,'단축','2024-03-07 11:59:53'),(191,51,'2','2025',1523000,1057000,'표준','2024-03-07 11:59:53'),(192,52,'2','2025',1857000,1583000,'연장','2024-03-07 11:59:53'),(193,53,'2','2025',2441000,215000,'단축','2024-03-07 11:59:53'),(194,54,'2','2025',3254000,639000,'표준','2024-03-07 11:59:53'),(195,55,'2','2025',4019000,1131000,'연장','2024-03-07 11:59:53'),(196,56,'2','2025',2216000,440000,'단축','2024-03-07 11:59:53'),(197,57,'2','2025',2967000,890000,'표준','2024-03-07 11:59:53'),(198,58,'2','2025',3675000,1432000,'연장','2024-03-07 11:59:53'),(199,59,'2','2025',1880000,776000,'단축','2024-03-07 11:59:53'),(200,60,'2','2025',2537000,1266000,'표준','2024-03-07 11:59:53'),(201,61,'2','2025',3159000,1884000,'연장','2024-03-07 11:59:53'),(202,62,'2','2025',5056000,104000,'단축','2024-03-07 11:59:53'),(203,63,'2','2025',7740000,860000,'표준','2024-03-07 11:59:53'),(204,64,'2','2025',11284000,2476000,'연장','2024-03-07 11:59:53'),(205,65,'2','2025',4645000,515000,'단축','2024-03-07 11:59:53'),(206,66,'2','2025',6881000,1719000,'표준','2024-03-07 11:59:53'),(207,67,'2','2025',10320000,3440000,'연장','2024-03-07 11:59:53'),(208,68,'2','2025',3974000,1186000,'단축','2024-03-07 11:59:53'),(209,69,'2','2025',5934000,2666000,'표준','2024-03-07 11:59:53'),(210,70,'2','2025',8944000,4816000,'연장','2024-03-07 11:59:53'),(211,71,'2','2023',0,740000,'5일','2024-03-07 11:59:53'),(212,72,'2','2023',0,1480000,'10일','2024-03-07 11:59:53'),(213,73,'2','2023',0,2220000,'15일','2024-03-07 11:59:53'),(214,74,'2','2023',0,2960000,'20일','2024-03-07 11:59:53'),(215,75,'2','2023',0,840000,'5일','2024-03-07 11:59:53'),(216,76,'2','2023',0,1680000,'10일','2024-03-07 11:59:53'),(217,77,'2','2023',0,2520000,'15일','2024-03-07 11:59:53'),(218,78,'2','2023',0,3360000,'20일','2024-03-07 11:59:53'),(219,79,'2','2023',0,940000,'5일','2024-03-07 11:59:53'),(220,80,'2','2023',0,1880000,'10일','2024-03-07 11:59:53'),(221,81,'2','2023',0,2820000,'15일','2024-03-07 11:59:53'),(222,82,'2','2023',0,3760000,'20일','2024-03-07 11:59:53'),(223,83,'2','2023',0,199000,'1일','2024-03-07 11:59:53'),(224,84,'2','2023',0,230000,'1일','2024-03-07 11:59:53'),(225,85,'2','2023',0,260000,'1일','2024-03-07 11:59:53'),(226,83,'2','2024',0,199000,'1일','2024-03-07 13:48:23'),(227,83,'2','2025',0,199000,'1일','2024-03-07 13:48:23'),(228,84,'2','2024',0,230000,'1일','2024-03-07 13:48:23'),(229,84,'2','2025',0,230000,'1일','2024-03-07 13:48:23'),(230,85,'2','2024',0,260000,'1일','2024-03-07 13:48:23'),(231,85,'2','2025',0,260000,'1일','2024-03-07 13:48:23'),(232,71,'2','2024',0,740000,'5일','2024-03-07 13:49:06'),(233,71,'2','2025',0,740000,'5일','2024-03-07 13:49:06'),(234,72,'2','2024',0,1480000,'10일','2024-03-07 13:49:06'),(235,72,'2','2025',0,1480000,'10일','2024-03-07 13:49:06'),(236,73,'2','2024',0,2220000,'15일','2024-03-07 13:49:06'),(237,73,'2','2025',0,2220000,'15일','2024-03-07 13:49:06'),(238,74,'2','2024',0,2960000,'20일','2024-03-07 13:49:06'),(239,74,'2','2025',0,2960000,'20일','2024-03-07 13:49:06'),(240,75,'2','2024',0,840000,'5일','2024-03-07 13:49:06'),(241,75,'2','2025',0,840000,'5일','2024-03-07 13:49:06'),(242,76,'2','2024',0,1680000,'10일','2024-03-07 13:49:06'),(243,76,'2','2025',0,1680000,'10일','2024-03-07 13:49:06'),(244,77,'2','2024',0,2520000,'15일','2024-03-07 13:49:06'),(245,77,'2','2025',0,2520000,'15일','2024-03-07 13:49:06'),(246,78,'2','2024',0,3360000,'20일','2024-03-07 13:49:06'),(247,78,'2','2025',0,3360000,'20일','2024-03-07 13:49:06'),(248,79,'2','2024',0,940000,'5일','2024-03-07 13:49:06'),(249,79,'2','2025',0,940000,'5일','2024-03-07 13:49:06'),(250,80,'2','2024',0,1880000,'10일','2024-03-07 13:49:06'),(251,80,'2','2025',0,1880000,'10일','2024-03-07 13:49:06'),(252,81,'2','2024',0,2820000,'15일','2024-03-07 13:49:06'),(253,81,'2','2025',0,2820000,'15일','2024-03-07 13:49:06'),(254,82,'2','2024',0,3760000,'20일','2024-03-07 13:49:06'),(255,82,'2','2025',0,3760000,'20일','2024-03-07 13:49:06'),(256,17,'1','2024',620000,68000,'단축','2024-03-11 11:39:05'),(257,18,'1','2024',1100000,276000,'표준','2024-03-11 11:39:05'),(258,19,'1','2024',1444000,620000,'연장','2024-03-11 11:39:05'),(259,20,'1','2024',537000,151000,'단축','2024-03-11 11:39:05'),(260,21,'1','2024',949000,427000,'표준','2024-03-11 11:39:05'),(261,22,'1','2024',1238000,826000,'연장','2024-03-11 11:39:05'),(262,23,'1','2024',433000,255000,'단축','2024-03-11 11:39:05'),(263,24,'1','2024',729000,647000,'표준','2024-03-11 11:39:05'),(264,25,'1','2024',991000,1073000,'연장','2024-03-11 11:39:05'),(265,26,'1','2024',1266000,110000,'단축','2024-03-11 11:39:05'),(266,27,'1','2024',1692000,372000,'표준','2024-03-11 11:39:05'),(267,28,'1','2024',1981000,771000,'연장','2024-03-11 11:39:05'),(268,29,'1','2024',1100000,276000,'단축','2024-03-11 11:39:05'),(269,30,'1','2024',1444000,620000,'표준','2024-03-11 11:39:05'),(270,31,'1','2024',1679000,1073000,'연장','2024-03-11 11:39:05'),(271,32,'1','2024',894000,482000,'단축','2024-03-11 11:39:05'),(272,33,'1','2024',1136000,928000,'표준','2024-03-11 11:39:05'),(273,34,'1','2024',1376000,1376000,'연장','2024-03-11 11:39:05'),(274,35,'1','2024',1293000,83000,'단축','2024-03-11 11:39:05'),(275,36,'1','2024',1733000,331000,'표준','2024-03-11 11:39:05'),(276,37,'1','2024',2036000,716000,'연장','2024-03-11 11:39:05'),(277,38,'1','2024',1128000,248000,'단축','2024-03-11 11:39:05'),(278,39,'1','2024',1465000,599000,'표준','2024-03-11 11:39:05'),(279,40,'1','2024',1707000,1045000,'연장','2024-03-11 11:39:05'),(280,41,'1','2024',922000,454000,'단축','2024-03-11 11:39:05'),(281,42,'1','2024',1176000,888000,'표준','2024-03-11 11:39:05'),(282,43,'1','2024',1431000,1321000,'연장','2024-03-11 11:39:05'),(283,44,'1','2024',1651000,69000,'단축','2024-03-11 11:39:05'),(284,45,'1','2024',2219000,361000,'표준','2024-03-11 11:39:05'),(285,46,'1','2024',2614000,826000,'연장','2024-03-11 11:39:05'),(286,47,'1','2024',1479000,241000,'단축','2024-03-11 11:39:05'),(287,48,'1','2024',1935000,645000,'표준','2024-03-11 11:39:05'),(288,49,'1','2024',2305000,1135000,'연장','2024-03-11 11:39:05'),(289,50,'1','2024',1204000,516000,'단축','2024-03-11 11:39:05'),(290,51,'1','2024',1523000,1057000,'표준','2024-03-11 11:39:05'),(291,52,'1','2024',1857000,1583000,'연장','2024-03-11 11:39:05'),(292,53,'1','2024',2441000,215000,'단축','2024-03-11 11:39:05'),(293,54,'1','2024',3254000,639000,'표준','2024-03-11 11:39:05'),(294,55,'1','2024',4019000,1131000,'연장','2024-03-11 11:39:05'),(295,56,'1','2024',2216000,440000,'단축','2024-03-11 11:39:05'),(296,57,'1','2024',2967000,890000,'표준','2024-03-11 11:39:05'),(297,58,'1','2024',3675000,1432000,'연장','2024-03-11 11:39:05'),(298,59,'1','2024',1880000,776000,'단축','2024-03-11 11:39:05'),(299,60,'1','2024',2537000,1266000,'표준','2024-03-11 11:39:05'),(300,61,'1','2024',3159000,1884000,'연장','2024-03-11 11:39:05'),(301,62,'1','2024',5056000,104000,'단축','2024-03-11 11:39:05'),(302,63,'1','2024',7740000,860000,'표준','2024-03-11 11:39:05'),(303,64,'1','2024',11284000,2476000,'연장','2024-03-11 11:39:05'),(304,65,'1','2024',4645000,515000,'단축','2024-03-11 11:39:05'),(305,66,'1','2024',6881000,1719000,'표준','2024-03-11 11:39:05'),(306,67,'1','2024',10320000,3440000,'연장','2024-03-11 11:39:05'),(307,68,'1','2024',3974000,1186000,'단축','2024-03-11 11:39:05'),(308,69,'1','2024',5934000,2666000,'표준','2024-03-11 11:39:05'),(309,70,'1','2024',8944000,4816000,'연장','2024-03-11 11:39:05'),(310,71,'1','2024',0,740000,'5일','2024-03-11 11:39:05'),(311,72,'1','2024',0,1480000,'10일','2024-03-11 11:39:05'),(312,73,'1','2024',0,2220000,'15일','2024-03-11 11:39:05'),(313,74,'1','2024',0,2960000,'20일','2024-03-11 11:39:05'),(314,75,'1','2024',0,840000,'5일','2024-03-11 11:39:05'),(315,76,'1','2024',0,1680000,'10일','2024-03-11 11:39:05'),(316,77,'1','2024',0,2520000,'15일','2024-03-11 11:39:05'),(317,78,'1','2024',0,3360000,'20일','2024-03-11 11:39:05'),(318,79,'1','2024',0,940000,'5일','2024-03-11 11:39:05'),(319,80,'1','2024',0,1880000,'10일','2024-03-11 11:39:05'),(320,81,'1','2024',0,2820000,'15일','2024-03-11 11:39:05'),(321,82,'1','2024',0,3760000,'20일','2024-03-11 11:39:05'),(322,83,'1','2024',0,199000,'1일','2024-03-11 11:39:05'),(323,84,'1','2024',0,230000,'1일','2024-03-11 11:39:05'),(324,85,'1','2024',0,260000,'1일','2024-03-11 11:39:05'),(325,17,'1','2025',620000,68000,'단축','2024-03-11 11:39:12'),(326,18,'1','2025',1100000,276000,'표준','2024-03-11 15:45:37'),(327,19,'1','2025',1444000,620000,'연장','2024-03-11 15:45:37'),(328,20,'1','2025',537000,151000,'단축','2024-03-11 15:45:37'),(329,21,'1','2025',949000,427000,'표준','2024-03-11 15:45:37'),(330,22,'1','2025',1238000,826000,'연장','2024-03-11 15:45:37'),(331,23,'1','2025',433000,255000,'단축','2024-03-11 15:45:37'),(332,24,'1','2025',729000,647000,'표준','2024-03-11 15:45:37'),(333,25,'1','2025',991000,1073000,'연장','2024-03-11 15:45:37'),(334,26,'1','2025',1266000,110000,'단축','2024-03-11 15:45:37'),(335,27,'1','2025',1692000,372000,'표준','2024-03-11 15:45:37'),(336,28,'1','2025',1981000,771000,'연장','2024-03-11 15:45:37'),(337,29,'1','2025',1100000,276000,'단축','2024-03-11 15:45:37'),(338,30,'1','2025',1444000,620000,'표준','2024-03-11 15:45:37'),(339,31,'1','2025',1679000,1073000,'연장','2024-03-11 15:45:37'),(340,32,'1','2025',894000,482000,'단축','2024-03-11 15:45:37'),(341,33,'1','2025',1136000,928000,'표준','2024-03-11 15:45:37'),(342,34,'1','2025',1376000,1376000,'연장','2024-03-11 15:45:37'),(343,35,'1','2025',1293000,83000,'단축','2024-03-11 15:45:37'),(344,36,'1','2025',1733000,331000,'표준','2024-03-11 15:45:37'),(345,37,'1','2025',2036000,716000,'연장','2024-03-11 15:45:37'),(346,38,'1','2025',1128000,248000,'단축','2024-03-11 15:45:37'),(347,39,'1','2025',1465000,599000,'표준','2024-03-11 15:45:37'),(348,40,'1','2025',1707000,1045000,'연장','2024-03-11 15:45:37'),(349,41,'1','2025',922000,454000,'단축','2024-03-11 15:45:37'),(350,42,'1','2025',1176000,888000,'표준','2024-03-11 15:45:37'),(351,43,'1','2025',1431000,1321000,'연장','2024-03-11 15:45:37'),(352,44,'1','2025',1651000,69000,'단축','2024-03-11 15:45:37'),(353,45,'1','2025',2219000,361000,'표준','2024-03-11 15:45:37'),(354,46,'1','2025',2614000,826000,'연장','2024-03-11 15:45:37'),(355,47,'1','2025',1479000,241000,'단축','2024-03-11 15:45:37'),(356,48,'1','2025',1935000,645000,'표준','2024-03-11 15:45:37'),(357,49,'1','2025',2305000,1135000,'연장','2024-03-11 15:45:37'),(358,50,'1','2025',1204000,516000,'단축','2024-03-11 15:45:37'),(359,51,'1','2025',1523000,1057000,'표준','2024-03-11 15:45:37'),(360,52,'1','2025',1857000,1583000,'연장','2024-03-11 15:45:37'),(361,53,'1','2025',2441000,215000,'단축','2024-03-11 15:45:37'),(362,54,'1','2025',3254000,639000,'표준','2024-03-11 15:45:37'),(363,55,'1','2025',4019000,1131000,'연장','2024-03-11 15:45:37'),(364,56,'1','2025',2216000,440000,'단축','2024-03-11 15:45:37'),(365,57,'1','2025',2967000,890000,'표준','2024-03-11 15:45:37'),(366,58,'1','2025',3675000,1432000,'연장','2024-03-11 15:45:37'),(367,59,'1','2025',1880000,776000,'단축','2024-03-11 15:45:37'),(368,60,'1','2025',2537000,1266000,'표준','2024-03-11 15:45:37'),(369,61,'1','2025',3159000,1884000,'연장','2024-03-11 15:45:37'),(370,62,'1','2025',5056000,104000,'단축','2024-03-11 15:45:37'),(371,63,'1','2025',7740000,860000,'표준','2024-03-11 15:45:37'),(372,64,'1','2025',11284000,2476000,'연장','2024-03-11 15:45:37'),(373,65,'1','2025',4645000,515000,'단축','2024-03-11 15:45:37'),(374,66,'1','2025',6881000,1719000,'표준','2024-03-11 15:45:37'),(375,67,'1','2025',10320000,3440000,'연장','2024-03-11 15:45:37'),(376,68,'1','2025',3974000,1186000,'단축','2024-03-11 15:45:37'),(377,69,'1','2025',5934000,2666000,'표준','2024-03-11 15:45:37'),(378,70,'1','2025',8944000,4816000,'연장','2024-03-11 15:45:37'),(379,71,'1','2025',0,740000,'5일','2024-03-11 15:45:37'),(380,72,'1','2025',0,1480000,'10일','2024-03-11 15:45:37'),(381,73,'1','2025',0,2220000,'15일','2024-03-11 15:45:37'),(382,74,'1','2025',0,2960000,'20일','2024-03-11 15:45:37'),(383,75,'1','2025',0,840000,'5일','2024-03-11 15:45:37'),(384,76,'1','2025',0,1680000,'10일','2024-03-11 15:45:37'),(385,77,'1','2025',0,2520000,'15일','2024-03-11 15:45:37'),(386,78,'1','2025',0,3360000,'20일','2024-03-11 15:45:37'),(387,79,'1','2025',0,940000,'5일','2024-03-11 15:45:37'),(388,80,'1','2025',0,1880000,'10일','2024-03-11 15:45:37'),(389,81,'1','2025',0,2820000,'15일','2024-03-11 15:45:37'),(390,82,'1','2025',0,3760000,'20일','2024-03-11 15:45:37'),(391,83,'1','2025',0,199000,'1일','2024-03-11 15:45:37'),(392,84,'1','2025',0,230000,'1일','2024-03-11 15:45:37'),(393,85,'1','2025',0,260000,'1일','2024-03-11 15:45:37'),(394,14,'1','2024',0,60000,'4시간','2024-03-11 15:45:49'),(395,15,'1','2024',0,120000,'1일','2024-03-11 15:45:49'),(396,16,'1','2024',0,140000,'1일','2024-03-11 15:45:49'),(397,14,'1','2025',0,60000,'4시간','2024-03-11 15:45:49'),(398,15,'1','2025',0,120000,'1일','2024-03-11 15:45:49'),(399,16,'1','2025',0,140000,'1일','2024-03-11 15:45:49'),(400,4,'1','2024',0,60000,'4시간','2024-03-11 15:47:29'),(401,6,'1','2024',0,70000,'4시간','2024-03-11 15:47:29'),(402,8,'1','2024',0,75000,'4시간','2024-03-11 15:47:29'),(403,10,'1','2024',0,80000,'4시간','2024-03-11 15:47:29'),(404,12,'1','2024',0,85000,'4시간','2024-03-11 15:47:29'),(405,5,'1','2024',0,120000,'8시간','2024-03-11 15:47:29'),(406,7,'1','2024',0,130000,'8시간','2024-03-11 15:47:29'),(407,9,'1','2024',0,135000,'8시간','2024-03-11 15:47:29'),(408,11,'1','2024',0,140000,'8시간','2024-03-11 15:47:29'),(409,13,'1','2024',0,145000,'8시간','2024-03-11 15:47:29'),(410,4,'1','2025',0,60000,'4시간','2024-03-11 15:47:30'),(411,6,'1','2025',0,70000,'4시간','2024-03-11 15:47:30'),(412,8,'1','2025',0,75000,'4시간','2024-03-11 15:47:30'),(413,10,'1','2025',0,80000,'4시간','2024-03-11 15:47:30'),(414,12,'1','2025',0,85000,'4시간','2024-03-11 15:47:30'),(415,5,'1','2025',0,120000,'8시간','2024-03-11 15:47:30'),(416,7,'1','2025',0,130000,'8시간','2024-03-11 15:47:30'),(417,9,'1','2025',0,135000,'8시간','2024-03-11 15:47:30'),(418,11,'1','2025',0,140000,'8시간','2024-03-11 15:47:30'),(419,13,'1','2025',0,145000,'8시간','2024-03-11 15:47:30'),(420,1,'1','2024',0,50000,'3시간','2024-03-11 16:12:49'),(421,2,'1','2024',0,60000,'3시간','2024-03-11 16:12:49'),(422,3,'1','2024',0,70000,'4시간','2024-03-11 16:12:49'),(423,1,'1','2025',0,50000,'3시간','2024-03-11 16:12:49'),(424,2,'1','2025',0,60000,'3시간','2024-03-11 16:12:49'),(425,3,'1','2025',0,70000,'4시간','2024-03-11 16:12:49'),(426,86,'2','2024',0,1000,'한부모','2024-04-03 23:31:21'),(427,0,'2','2024',0,2000,'','2024-04-03 23:31:21'),(428,86,'2','2025',0,1000,'한부모','2024-04-03 23:31:22'),(429,0,'2','2025',0,85000,'','2024-04-03 23:31:22');
/*!40000 ALTER TABLE `g5_service_period_price` ENABLE KEYS */;
UNLOCK TABLES;

--
-- Table structure for table `g5_shop_banner`
--

DROP TABLE IF EXISTS `g5_shop_banner`;
/*!40101 SET @saved_cs_client     = @@character_set_client */;
/*!40101 SET character_set_client = utf8 */;
CREATE TABLE `g5_shop_banner` (
  `bn_id` int(11) NOT NULL AUTO_INCREMENT,
  `bn_alt` varchar(255) NOT NULL DEFAULT '',
  `bn_url` varchar(255) NOT NULL DEFAULT '',
  `bn_device` varchar(10) NOT NULL DEFAULT '',
  `bn_position` varchar(255) NOT NULL DEFAULT '',
  `bn_border` tinyint(4) NOT NULL DEFAULT '0',
  `bn_new_win` tinyint(4) NOT NULL DEFAULT '0',
  `bn_begin_time` datetime NOT NULL DEFAULT '0000-00-00 00:00:00',
  `bn_end_time` datetime NOT NULL DEFAULT '0000-00-00 00:00:00',
  `bn_time` datetime NOT NULL DEFAULT '0000-00-00 00:00:00',
  `bn_hit` int(11) NOT NULL DEFAULT '0',
  `bn_order` int(11) NOT NULL DEFAULT '0',
  PRIMARY KEY (`bn_id`)
) ENGINE=InnoDB DEFAULT CHARSET=utf8;
/*!40101 SET character_set_client = @saved_cs_client */;

--
-- Dumping data for table `g5_shop_banner`
--

LOCK TABLES `g5_shop_banner` WRITE;
/*!40000 ALTER TABLE `g5_shop_banner` DISABLE KEYS */;
/*!40000 ALTER TABLE `g5_shop_banner` ENABLE KEYS */;
UNLOCK TABLES;

--
-- Table structure for table `g5_shop_cart`
--

DROP TABLE IF EXISTS `g5_shop_cart`;
/*!40101 SET @saved_cs_client     = @@character_set_client */;
/*!40101 SET character_set_client = utf8 */;
CREATE TABLE `g5_shop_cart` (
  `ct_id` int(11) NOT NULL AUTO_INCREMENT,
  `od_id` bigint(20) unsigned NOT NULL,
  `mb_id` varchar(255) NOT NULL DEFAULT '',
  `it_id` varchar(20) NOT NULL DEFAULT '',
  `it_name` varchar(255) NOT NULL DEFAULT '',
  `it_sc_type` tinyint(4) NOT NULL DEFAULT '0',
  `it_sc_method` tinyint(4) NOT NULL DEFAULT '0',
  `it_sc_price` int(11) NOT NULL DEFAULT '0',
  `it_sc_minimum` int(11) NOT NULL DEFAULT '0',
  `it_sc_qty` int(11) NOT NULL DEFAULT '0',
  `ct_status` varchar(255) NOT NULL DEFAULT '',
  `ct_history` text NOT NULL,
  `ct_price` int(11) NOT NULL DEFAULT '0',
  `ct_point` int(11) NOT NULL DEFAULT '0',
  `cp_price` int(11) NOT NULL DEFAULT '0',
  `ct_point_use` tinyint(4) NOT NULL DEFAULT '0',
  `ct_stock_use` tinyint(4) NOT NULL DEFAULT '0',
  `ct_option` varchar(255) NOT NULL DEFAULT '',
  `ct_qty` int(11) NOT NULL DEFAULT '0',
  `ct_notax` tinyint(4) NOT NULL DEFAULT '0',
  `io_id` varchar(255) NOT NULL DEFAULT '',
  `io_type` tinyint(4) NOT NULL DEFAULT '0',
  `io_price` int(11) NOT NULL DEFAULT '0',
  `ct_time` datetime NOT NULL DEFAULT '0000-00-00 00:00:00',
  `ct_ip` varchar(25) NOT NULL DEFAULT '',
  `ct_send_cost` tinyint(4) NOT NULL DEFAULT '0',
  `ct_direct` tinyint(4) NOT NULL DEFAULT '0',
  `ct_select` tinyint(4) NOT NULL DEFAULT '0',
  `ct_select_time` datetime NOT NULL DEFAULT '0000-00-00 00:00:00',
  PRIMARY KEY (`ct_id`),
  KEY `od_id` (`od_id`),
  KEY `it_id` (`it_id`),
  KEY `ct_status` (`ct_status`)
) ENGINE=InnoDB DEFAULT CHARSET=utf8;
/*!40101 SET character_set_client = @saved_cs_client */;

--
-- Dumping data for table `g5_shop_cart`
--

LOCK TABLES `g5_shop_cart` WRITE;
/*!40000 ALTER TABLE `g5_shop_cart` DISABLE KEYS */;
/*!40000 ALTER TABLE `g5_shop_cart` ENABLE KEYS */;
UNLOCK TABLES;

--
-- Table structure for table `g5_shop_category`
--

DROP TABLE IF EXISTS `g5_shop_category`;
/*!40101 SET @saved_cs_client     = @@character_set_client */;
/*!40101 SET character_set_client = utf8 */;
CREATE TABLE `g5_shop_category` (
  `ca_id` varchar(10) NOT NULL DEFAULT '0',
  `ca_name` varchar(255) NOT NULL DEFAULT '',
  `ca_order` int(11) NOT NULL DEFAULT '0',
  `ca_skin_dir` varchar(255) NOT NULL DEFAULT '',
  `ca_mobile_skin_dir` varchar(255) NOT NULL DEFAULT '',
  `ca_skin` varchar(255) NOT NULL DEFAULT '',
  `ca_mobile_skin` varchar(255) NOT NULL DEFAULT '',
  `ca_img_width` int(11) NOT NULL DEFAULT '0',
  `ca_img_height` int(11) NOT NULL DEFAULT '0',
  `ca_mobile_img_width` int(11) NOT NULL DEFAULT '0',
  `ca_mobile_img_height` int(11) NOT NULL DEFAULT '0',
  `ca_sell_email` varchar(255) NOT NULL DEFAULT '',
  `ca_use` tinyint(4) NOT NULL DEFAULT '0',
  `ca_stock_qty` int(11) NOT NULL DEFAULT '0',
  `ca_explan_html` tinyint(4) NOT NULL DEFAULT '0',
  `ca_head_html` text NOT NULL,
  `ca_tail_html` text NOT NULL,
  `ca_mobile_head_html` text NOT NULL,
  `ca_mobile_tail_html` text NOT NULL,
  `ca_list_mod` int(11) NOT NULL DEFAULT '0',
  `ca_list_row` int(11) NOT NULL DEFAULT '0',
  `ca_mobile_list_mod` int(11) NOT NULL DEFAULT '0',
  `ca_mobile_list_row` int(11) NOT NULL DEFAULT '0',
  `ca_include_head` varchar(255) NOT NULL DEFAULT '',
  `ca_include_tail` varchar(255) NOT NULL DEFAULT '',
  `ca_mb_id` varchar(255) NOT NULL DEFAULT '',
  `ca_cert_use` tinyint(4) NOT NULL DEFAULT '0',
  `ca_adult_use` tinyint(4) NOT NULL DEFAULT '0',
  `ca_nocoupon` tinyint(4) NOT NULL DEFAULT '0',
  `ca_1_subj` varchar(255) NOT NULL DEFAULT '',
  `ca_2_subj` varchar(255) NOT NULL DEFAULT '',
  `ca_3_subj` varchar(255) NOT NULL DEFAULT '',
  `ca_4_subj` varchar(255) NOT NULL DEFAULT '',
  `ca_5_subj` varchar(255) NOT NULL DEFAULT '',
  `ca_6_subj` varchar(255) NOT NULL DEFAULT '',
  `ca_7_subj` varchar(255) NOT NULL DEFAULT '',
  `ca_8_subj` varchar(255) NOT NULL DEFAULT '',
  `ca_9_subj` varchar(255) NOT NULL DEFAULT '',
  `ca_10_subj` varchar(255) NOT NULL DEFAULT '',
  `ca_1` varchar(255) NOT NULL DEFAULT '',
  `ca_2` varchar(255) NOT NULL DEFAULT '',
  `ca_3` varchar(255) NOT NULL DEFAULT '',
  `ca_4` varchar(255) NOT NULL DEFAULT '',
  `ca_5` varchar(255) NOT NULL DEFAULT '',
  `ca_6` varchar(255) NOT NULL DEFAULT '',
  `ca_7` varchar(255) NOT NULL DEFAULT '',
  `ca_8` varchar(255) NOT NULL DEFAULT '',
  `ca_9` varchar(255) NOT NULL DEFAULT '',
  `ca_10` varchar(255) NOT NULL DEFAULT '',
  PRIMARY KEY (`ca_id`),
  KEY `ca_order` (`ca_order`)
) ENGINE=InnoDB DEFAULT CHARSET=utf8;
/*!40101 SET character_set_client = @saved_cs_client */;

--
-- Dumping data for table `g5_shop_category`
--

LOCK TABLES `g5_shop_category` WRITE;
/*!40000 ALTER TABLE `g5_shop_category` DISABLE KEYS */;
/*!40000 ALTER TABLE `g5_shop_category` ENABLE KEYS */;
UNLOCK TABLES;

--
-- Table structure for table `g5_shop_coupon`
--

DROP TABLE IF EXISTS `g5_shop_coupon`;
/*!40101 SET @saved_cs_client     = @@character_set_client */;
/*!40101 SET character_set_client = utf8 */;
CREATE TABLE `g5_shop_coupon` (
  `cp_no` int(11) NOT NULL AUTO_INCREMENT,
  `cp_id` varchar(100) NOT NULL DEFAULT '',
  `cp_subject` varchar(255) NOT NULL DEFAULT '',
  `cp_method` tinyint(4) NOT NULL DEFAULT '0',
  `cp_target` varchar(255) NOT NULL DEFAULT '',
  `mb_id` varchar(255) NOT NULL DEFAULT '',
  `cz_id` int(11) NOT NULL DEFAULT '0',
  `cp_start` date NOT NULL DEFAULT '0000-00-00',
  `cp_end` date NOT NULL DEFAULT '0000-00-00',
  `cp_price` int(11) NOT NULL DEFAULT '0',
  `cp_type` tinyint(4) NOT NULL DEFAULT '0',
  `cp_trunc` int(11) NOT NULL DEFAULT '0',
  `cp_minimum` int(11) NOT NULL DEFAULT '0',
  `cp_maximum` int(11) NOT NULL DEFAULT '0',
  `od_id` bigint(20) unsigned NOT NULL,
  `cp_datetime` datetime NOT NULL DEFAULT '0000-00-00 00:00:00',
  PRIMARY KEY (`cp_no`),
  UNIQUE KEY `cp_id` (`cp_id`),
  KEY `mb_id` (`mb_id`)
) ENGINE=InnoDB DEFAULT CHARSET=utf8;
/*!40101 SET character_set_client = @saved_cs_client */;

--
-- Dumping data for table `g5_shop_coupon`
--

LOCK TABLES `g5_shop_coupon` WRITE;
/*!40000 ALTER TABLE `g5_shop_coupon` DISABLE KEYS */;
/*!40000 ALTER TABLE `g5_shop_coupon` ENABLE KEYS */;
UNLOCK TABLES;

--
-- Table structure for table `g5_shop_coupon_log`
--

DROP TABLE IF EXISTS `g5_shop_coupon_log`;
/*!40101 SET @saved_cs_client     = @@character_set_client */;
/*!40101 SET character_set_client = utf8 */;
CREATE TABLE `g5_shop_coupon_log` (
  `cl_id` int(11) NOT NULL AUTO_INCREMENT,
  `cp_id` varchar(100) NOT NULL DEFAULT '',
  `mb_id` varchar(100) NOT NULL DEFAULT '',
  `od_id` bigint(20) NOT NULL,
  `cp_price` int(11) NOT NULL DEFAULT '0',
  `cl_datetime` datetime NOT NULL DEFAULT '0000-00-00 00:00:00',
  PRIMARY KEY (`cl_id`),
  KEY `mb_id` (`mb_id`),
  KEY `od_id` (`od_id`)
) ENGINE=InnoDB DEFAULT CHARSET=utf8;
/*!40101 SET character_set_client = @saved_cs_client */;

--
-- Dumping data for table `g5_shop_coupon_log`
--

LOCK TABLES `g5_shop_coupon_log` WRITE;
/*!40000 ALTER TABLE `g5_shop_coupon_log` DISABLE KEYS */;
/*!40000 ALTER TABLE `g5_shop_coupon_log` ENABLE KEYS */;
UNLOCK TABLES;

--
-- Table structure for table `g5_shop_coupon_zone`
--

DROP TABLE IF EXISTS `g5_shop_coupon_zone`;
/*!40101 SET @saved_cs_client     = @@character_set_client */;
/*!40101 SET character_set_client = utf8 */;
CREATE TABLE `g5_shop_coupon_zone` (
  `cz_id` int(11) NOT NULL AUTO_INCREMENT,
  `cz_type` tinyint(4) NOT NULL DEFAULT '0',
  `cz_subject` varchar(255) NOT NULL DEFAULT '',
  `cz_start` date NOT NULL DEFAULT '0000-00-00',
  `cz_end` date NOT NULL DEFAULT '0000-00-00',
  `cz_file` varchar(255) NOT NULL DEFAULT '',
  `cz_period` int(11) NOT NULL DEFAULT '0',
  `cz_point` int(11) NOT NULL DEFAULT '0',
  `cp_method` tinyint(4) NOT NULL DEFAULT '0',
  `cp_target` varchar(255) NOT NULL DEFAULT '',
  `cp_price` int(11) NOT NULL DEFAULT '0',
  `cp_type` tinyint(4) NOT NULL DEFAULT '0',
  `cp_trunc` int(11) NOT NULL DEFAULT '0',
  `cp_minimum` int(11) NOT NULL DEFAULT '0',
  `cp_maximum` int(11) NOT NULL DEFAULT '0',
  `cz_download` int(11) NOT NULL DEFAULT '0',
  `cz_datetime` datetime NOT NULL DEFAULT '0000-00-00 00:00:00',
  PRIMARY KEY (`cz_id`)
) ENGINE=InnoDB DEFAULT CHARSET=utf8;
/*!40101 SET character_set_client = @saved_cs_client */;

--
-- Dumping data for table `g5_shop_coupon_zone`
--

LOCK TABLES `g5_shop_coupon_zone` WRITE;
/*!40000 ALTER TABLE `g5_shop_coupon_zone` DISABLE KEYS */;
/*!40000 ALTER TABLE `g5_shop_coupon_zone` ENABLE KEYS */;
UNLOCK TABLES;

--
-- Table structure for table `g5_shop_default`
--

DROP TABLE IF EXISTS `g5_shop_default`;
/*!40101 SET @saved_cs_client     = @@character_set_client */;
/*!40101 SET character_set_client = utf8 */;
CREATE TABLE `g5_shop_default` (
  `de_admin_company_owner` varchar(255) NOT NULL DEFAULT '',
  `de_admin_company_name` varchar(255) NOT NULL DEFAULT '',
  `de_admin_company_saupja_no` varchar(255) NOT NULL DEFAULT '',
  `de_admin_company_tel` varchar(255) NOT NULL DEFAULT '',
  `de_admin_company_fax` varchar(255) NOT NULL DEFAULT '',
  `de_admin_tongsin_no` varchar(255) NOT NULL DEFAULT '',
  `de_admin_company_zip` varchar(255) NOT NULL DEFAULT '',
  `de_admin_company_addr` varchar(255) NOT NULL DEFAULT '',
  `de_admin_info_name` varchar(255) NOT NULL DEFAULT '',
  `de_admin_info_email` varchar(255) NOT NULL DEFAULT '',
  `de_shop_skin` varchar(255) NOT NULL DEFAULT '',
  `de_shop_mobile_skin` varchar(255) NOT NULL DEFAULT '',
  `de_type1_list_use` tinyint(4) NOT NULL DEFAULT '0',
  `de_type1_list_skin` varchar(255) NOT NULL DEFAULT '',
  `de_type1_list_mod` int(11) NOT NULL DEFAULT '0',
  `de_type1_list_row` int(11) NOT NULL DEFAULT '0',
  `de_type1_img_width` int(11) NOT NULL DEFAULT '0',
  `de_type1_img_height` int(11) NOT NULL DEFAULT '0',
  `de_type2_list_use` tinyint(4) NOT NULL DEFAULT '0',
  `de_type2_list_skin` varchar(255) NOT NULL DEFAULT '',
  `de_type2_list_mod` int(11) NOT NULL DEFAULT '0',
  `de_type2_list_row` int(11) NOT NULL DEFAULT '0',
  `de_type2_img_width` int(11) NOT NULL DEFAULT '0',
  `de_type2_img_height` int(11) NOT NULL DEFAULT '0',
  `de_type3_list_use` tinyint(4) NOT NULL DEFAULT '0',
  `de_type3_list_skin` varchar(255) NOT NULL DEFAULT '',
  `de_type3_list_mod` int(11) NOT NULL DEFAULT '0',
  `de_type3_list_row` int(11) NOT NULL DEFAULT '0',
  `de_type3_img_width` int(11) NOT NULL DEFAULT '0',
  `de_type3_img_height` int(11) NOT NULL DEFAULT '0',
  `de_type4_list_use` tinyint(4) NOT NULL DEFAULT '0',
  `de_type4_list_skin` varchar(255) NOT NULL DEFAULT '',
  `de_type4_list_mod` int(11) NOT NULL DEFAULT '0',
  `de_type4_list_row` int(11) NOT NULL DEFAULT '0',
  `de_type4_img_width` int(11) NOT NULL DEFAULT '0',
  `de_type4_img_height` int(11) NOT NULL DEFAULT '0',
  `de_type5_list_use` tinyint(4) NOT NULL DEFAULT '0',
  `de_type5_list_skin` varchar(255) NOT NULL DEFAULT '',
  `de_type5_list_mod` int(11) NOT NULL DEFAULT '0',
  `de_type5_list_row` int(11) NOT NULL DEFAULT '0',
  `de_type5_img_width` int(11) NOT NULL DEFAULT '0',
  `de_type5_img_height` int(11) NOT NULL DEFAULT '0',
  `de_mobile_type1_list_use` tinyint(4) NOT NULL DEFAULT '0',
  `de_mobile_type1_list_skin` varchar(255) NOT NULL DEFAULT '',
  `de_mobile_type1_list_mod` int(11) NOT NULL DEFAULT '0',
  `de_mobile_type1_list_row` int(11) NOT NULL DEFAULT '0',
  `de_mobile_type1_img_width` int(11) NOT NULL DEFAULT '0',
  `de_mobile_type1_img_height` int(11) NOT NULL DEFAULT '0',
  `de_mobile_type2_list_use` tinyint(4) NOT NULL DEFAULT '0',
  `de_mobile_type2_list_skin` varchar(255) NOT NULL DEFAULT '',
  `de_mobile_type2_list_mod` int(11) NOT NULL DEFAULT '0',
  `de_mobile_type2_list_row` int(11) NOT NULL DEFAULT '0',
  `de_mobile_type2_img_width` int(11) NOT NULL DEFAULT '0',
  `de_mobile_type2_img_height` int(11) NOT NULL DEFAULT '0',
  `de_mobile_type3_list_use` tinyint(4) NOT NULL DEFAULT '0',
  `de_mobile_type3_list_skin` varchar(255) NOT NULL DEFAULT '',
  `de_mobile_type3_list_mod` int(11) NOT NULL DEFAULT '0',
  `de_mobile_type3_list_row` int(11) NOT NULL DEFAULT '0',
  `de_mobile_type3_img_width` int(11) NOT NULL DEFAULT '0',
  `de_mobile_type3_img_height` int(11) NOT NULL DEFAULT '0',
  `de_mobile_type4_list_use` tinyint(4) NOT NULL DEFAULT '0',
  `de_mobile_type4_list_skin` varchar(255) NOT NULL DEFAULT '',
  `de_mobile_type4_list_mod` int(11) NOT NULL DEFAULT '0',
  `de_mobile_type4_list_row` int(11) NOT NULL DEFAULT '0',
  `de_mobile_type4_img_width` int(11) NOT NULL DEFAULT '0',
  `de_mobile_type4_img_height` int(11) NOT NULL DEFAULT '0',
  `de_mobile_type5_list_use` tinyint(4) NOT NULL DEFAULT '0',
  `de_mobile_type5_list_skin` varchar(255) NOT NULL DEFAULT '',
  `de_mobile_type5_list_mod` int(11) NOT NULL DEFAULT '0',
  `de_mobile_type5_list_row` int(11) NOT NULL DEFAULT '0',
  `de_mobile_type5_img_width` int(11) NOT NULL DEFAULT '0',
  `de_mobile_type5_img_height` int(11) NOT NULL DEFAULT '0',
  `de_rel_list_use` tinyint(4) NOT NULL DEFAULT '0',
  `de_rel_list_skin` varchar(255) NOT NULL DEFAULT '',
  `de_rel_list_mod` int(11) NOT NULL DEFAULT '0',
  `de_rel_img_width` int(11) NOT NULL DEFAULT '0',
  `de_rel_img_height` int(11) NOT NULL DEFAULT '0',
  `de_mobile_rel_list_use` tinyint(4) NOT NULL DEFAULT '0',
  `de_mobile_rel_list_skin` varchar(255) NOT NULL DEFAULT '',
  `de_mobile_rel_list_mod` int(11) NOT NULL DEFAULT '0',
  `de_mobile_rel_img_width` int(11) NOT NULL DEFAULT '0',
  `de_mobile_rel_img_height` int(11) NOT NULL DEFAULT '0',
  `de_search_list_skin` varchar(255) NOT NULL DEFAULT '',
  `de_search_list_mod` int(11) NOT NULL DEFAULT '0',
  `de_search_list_row` int(11) NOT NULL DEFAULT '0',
  `de_search_img_width` int(11) NOT NULL DEFAULT '0',
  `de_search_img_height` int(11) NOT NULL DEFAULT '0',
  `de_mobile_search_list_skin` varchar(255) NOT NULL DEFAULT '',
  `de_mobile_search_list_mod` int(11) NOT NULL DEFAULT '0',
  `de_mobile_search_list_row` int(11) NOT NULL DEFAULT '0',
  `de_mobile_search_img_width` int(11) NOT NULL DEFAULT '0',
  `de_mobile_search_img_height` int(11) NOT NULL DEFAULT '0',
  `de_listtype_list_skin` varchar(255) NOT NULL DEFAULT '',
  `de_listtype_list_mod` int(11) NOT NULL DEFAULT '0',
  `de_listtype_list_row` int(11) NOT NULL DEFAULT '0',
  `de_listtype_img_width` int(11) NOT NULL DEFAULT '0',
  `de_listtype_img_height` int(11) NOT NULL DEFAULT '0',
  `de_mobile_listtype_list_skin` varchar(255) NOT NULL DEFAULT '',
  `de_mobile_listtype_list_mod` int(11) NOT NULL DEFAULT '0',
  `de_mobile_listtype_list_row` int(11) NOT NULL DEFAULT '0',
  `de_mobile_listtype_img_width` int(11) NOT NULL DEFAULT '0',
  `de_mobile_listtype_img_height` int(11) NOT NULL DEFAULT '0',
  `de_bank_use` int(11) NOT NULL DEFAULT '0',
  `de_bank_account` text NOT NULL,
  `de_card_test` int(11) NOT NULL DEFAULT '0',
  `de_card_use` int(11) NOT NULL DEFAULT '0',
  `de_card_noint_use` tinyint(4) NOT NULL DEFAULT '0',
  `de_card_point` int(11) NOT NULL DEFAULT '0',
  `de_settle_min_point` int(11) NOT NULL DEFAULT '0',
  `de_settle_max_point` int(11) NOT NULL DEFAULT '0',
  `de_settle_point_unit` int(11) NOT NULL DEFAULT '0',
  `de_level_sell` int(11) NOT NULL DEFAULT '0',
  `de_delivery_company` varchar(255) NOT NULL DEFAULT '',
  `de_send_cost_case` varchar(255) NOT NULL DEFAULT '',
  `de_send_cost_limit` varchar(255) NOT NULL DEFAULT '',
  `de_send_cost_list` varchar(255) NOT NULL DEFAULT '',
  `de_hope_date_use` int(11) NOT NULL DEFAULT '0',
  `de_hope_date_after` int(11) NOT NULL DEFAULT '0',
  `de_baesong_content` text NOT NULL,
  `de_change_content` text NOT NULL,
  `de_point_days` int(11) NOT NULL DEFAULT '0',
  `de_simg_width` int(11) NOT NULL DEFAULT '0',
  `de_simg_height` int(11) NOT NULL DEFAULT '0',
  `de_mimg_width` int(11) NOT NULL DEFAULT '0',
  `de_mimg_height` int(11) NOT NULL DEFAULT '0',
  `de_sms_cont1` text NOT NULL,
  `de_sms_cont2` text NOT NULL,
  `de_sms_cont3` text NOT NULL,
  `de_sms_cont4` text NOT NULL,
  `de_sms_cont5` text NOT NULL,
  `de_sms_use1` tinyint(4) NOT NULL DEFAULT '0',
  `de_sms_use2` tinyint(4) NOT NULL DEFAULT '0',
  `de_sms_use3` tinyint(4) NOT NULL DEFAULT '0',
  `de_sms_use4` tinyint(4) NOT NULL DEFAULT '0',
  `de_sms_use5` tinyint(4) NOT NULL DEFAULT '0',
  `de_sms_hp` varchar(255) NOT NULL DEFAULT '',
  `de_pg_service` varchar(255) NOT NULL DEFAULT '',
  `de_kcp_mid` varchar(255) NOT NULL DEFAULT '',
  `de_kcp_site_key` varchar(255) NOT NULL DEFAULT '',
  `de_inicis_mid` varchar(255) NOT NULL DEFAULT '',
  `de_inicis_iniapi_key` varchar(30) NOT NULL DEFAULT '',
  `de_inicis_iniapi_iv` varchar(30) NOT NULL DEFAULT '',
  `de_inicis_sign_key` varchar(255) NOT NULL DEFAULT '',
  `de_iche_use` tinyint(4) NOT NULL DEFAULT '0',
  `de_easy_pay_use` tinyint(4) NOT NULL DEFAULT '0',
  `de_easy_pay_services` varchar(255) NOT NULL DEFAULT '',
  `de_samsung_pay_use` tinyint(4) NOT NULL DEFAULT '0',
  `de_inicis_lpay_use` tinyint(4) NOT NULL DEFAULT '0',
  `de_inicis_kakaopay_use` tinyint(4) NOT NULL DEFAULT '0',
  `de_inicis_cartpoint_use` tinyint(4) NOT NULL DEFAULT '0',
  `de_item_use_use` tinyint(4) NOT NULL DEFAULT '0',
  `de_item_use_write` tinyint(4) NOT NULL DEFAULT '0',
  `de_code_dup_use` tinyint(4) NOT NULL DEFAULT '0',
  `de_cart_keep_term` int(11) NOT NULL DEFAULT '0',
  `de_guest_cart_use` tinyint(4) NOT NULL DEFAULT '0',
  `de_admin_buga_no` varchar(255) NOT NULL DEFAULT '',
  `de_vbank_use` varchar(255) NOT NULL DEFAULT '',
  `de_taxsave_use` tinyint(4) NOT NULL,
  `de_taxsave_types` set('account','vbank','transfer') NOT NULL DEFAULT 'account',
  `de_guest_privacy` text NOT NULL,
  `de_hp_use` tinyint(4) NOT NULL DEFAULT '0',
  `de_escrow_use` tinyint(4) NOT NULL DEFAULT '0',
  `de_tax_flag_use` tinyint(4) NOT NULL DEFAULT '0',
  `de_kakaopay_mid` varchar(255) NOT NULL DEFAULT '',
  `de_kakaopay_key` varchar(255) NOT NULL DEFAULT '',
  `de_kakaopay_enckey` varchar(255) NOT NULL DEFAULT '',
  `de_kakaopay_hashkey` varchar(255) NOT NULL DEFAULT '',
  `de_kakaopay_cancelpwd` varchar(255) NOT NULL DEFAULT '',
  `de_naverpay_mid` varchar(255) NOT NULL DEFAULT '',
  `de_naverpay_cert_key` varchar(255) NOT NULL DEFAULT '',
  `de_naverpay_button_key` varchar(255) NOT NULL DEFAULT '',
  `de_naverpay_test` tinyint(4) NOT NULL DEFAULT '0',
  `de_naverpay_mb_id` varchar(255) NOT NULL DEFAULT '',
  `de_naverpay_sendcost` varchar(255) NOT NULL DEFAULT '',
  `de_member_reg_coupon_use` tinyint(4) NOT NULL DEFAULT '0',
  `de_member_reg_coupon_term` int(11) NOT NULL DEFAULT '0',
  `de_member_reg_coupon_price` int(11) NOT NULL DEFAULT '0',
  `de_member_reg_coupon_minimum` int(11) NOT NULL DEFAULT '0'
) ENGINE=InnoDB DEFAULT CHARSET=utf8;
/*!40101 SET character_set_client = @saved_cs_client */;

--
-- Dumping data for table `g5_shop_default`
--

LOCK TABLES `g5_shop_default` WRITE;
/*!40000 ALTER TABLE `g5_shop_default` DISABLE KEYS */;
INSERT INTO `g5_shop_default` VALUES ('안혜경','(사)부산돌봄사회서비스센터','123-45-67890','051-851-3544','051-852-0565','제 OO구 - 123호','123-456','부산 연제구 거제3동 457-10 이안빌딩 6층','정보책임자명','정보책임자 E-mail','basic','basic',1,'main.10.skin.php',5,1,160,160,1,'main.20.skin.php',4,1,215,215,1,'main.40.skin.php',4,1,215,215,1,'main.50.skin.php',5,1,215,215,1,'main.30.skin.php',4,1,215,215,1,'main.30.skin.php',2,4,230,230,1,'main.10.skin.php',2,2,230,230,1,'main.10.skin.php',2,4,300,300,1,'main.20.skin.php',2,2,80,80,1,'main.10.skin.php',2,2,230,230,1,'relation.10.skin.php',5,215,215,1,'relation.10.skin.php',3,230,230,'list.10.skin.php',5,5,225,225,'list.10.skin.php',2,5,230,230,'list.10.skin.php',5,5,225,225,'list.10.skin.php',2,5,230,230,1,'OO은행 12345-67-89012 예금주명',1,0,0,0,5000,50000,100,1,'','차등','20000;30000;40000','4000;3000;2000',0,3,'배송 안내 입력전입니다.','교환/반품 안내 입력전입니다.',7,230,230,300,300,'{이름}님의 회원가입을 축하드립니다.\r\nID:{회원아이디}\r\n{회사명}','{이름}님 주문해주셔서 고맙습니다.\r\n{주문번호}\r\n{주문금액}원\r\n{회사명}','{이름}님께서 주문하셨습니다.\r\n{주문번호}\r\n{주문금액}원\r\n{회사명}','{이름}님 입금 감사합니다.\r\n{입금액}원\r\n주문번호:\r\n{주문번호}\r\n{회사명}','{이름}님 배송합니다.\r\n택배:{택배회사}\r\n운송장번호:\r\n{운송장번호}\r\n{회사명}',0,0,0,0,0,'','kcp','','','','','','',0,0,'',0,0,0,0,1,0,0,15,0,'12345호','0',0,'account','',0,0,0,'','','','','1111','','','',0,'','',0,0,0,0);
/*!40000 ALTER TABLE `g5_shop_default` ENABLE KEYS */;
UNLOCK TABLES;

--
-- Table structure for table `g5_shop_event`
--

DROP TABLE IF EXISTS `g5_shop_event`;
/*!40101 SET @saved_cs_client     = @@character_set_client */;
/*!40101 SET character_set_client = utf8 */;
CREATE TABLE `g5_shop_event` (
  `ev_id` int(11) NOT NULL AUTO_INCREMENT,
  `ev_skin` varchar(255) NOT NULL DEFAULT '',
  `ev_mobile_skin` varchar(255) NOT NULL DEFAULT '',
  `ev_img_width` int(11) NOT NULL DEFAULT '0',
  `ev_img_height` int(11) NOT NULL DEFAULT '0',
  `ev_list_mod` int(11) NOT NULL DEFAULT '0',
  `ev_list_row` int(11) NOT NULL DEFAULT '0',
  `ev_mobile_img_width` int(11) NOT NULL DEFAULT '0',
  `ev_mobile_img_height` int(11) NOT NULL DEFAULT '0',
  `ev_mobile_list_mod` int(11) NOT NULL DEFAULT '0',
  `ev_mobile_list_row` int(11) NOT NULL DEFAULT '0',
  `ev_subject` varchar(255) NOT NULL DEFAULT '',
  `ev_subject_strong` tinyint(4) NOT NULL DEFAULT '0',
  `ev_head_html` text NOT NULL,
  `ev_tail_html` text NOT NULL,
  `ev_use` tinyint(4) NOT NULL DEFAULT '0',
  PRIMARY KEY (`ev_id`)
) ENGINE=InnoDB DEFAULT CHARSET=utf8;
/*!40101 SET character_set_client = @saved_cs_client */;

--
-- Dumping data for table `g5_shop_event`
--

LOCK TABLES `g5_shop_event` WRITE;
/*!40000 ALTER TABLE `g5_shop_event` DISABLE KEYS */;
/*!40000 ALTER TABLE `g5_shop_event` ENABLE KEYS */;
UNLOCK TABLES;

--
-- Table structure for table `g5_shop_event_item`
--

DROP TABLE IF EXISTS `g5_shop_event_item`;
/*!40101 SET @saved_cs_client     = @@character_set_client */;
/*!40101 SET character_set_client = utf8 */;
CREATE TABLE `g5_shop_event_item` (
  `ev_id` int(11) NOT NULL DEFAULT '0',
  `it_id` varchar(20) NOT NULL DEFAULT '',
  PRIMARY KEY (`ev_id`,`it_id`),
  KEY `it_id` (`it_id`)
) ENGINE=InnoDB DEFAULT CHARSET=utf8;
/*!40101 SET character_set_client = @saved_cs_client */;

--
-- Dumping data for table `g5_shop_event_item`
--

LOCK TABLES `g5_shop_event_item` WRITE;
/*!40000 ALTER TABLE `g5_shop_event_item` DISABLE KEYS */;
/*!40000 ALTER TABLE `g5_shop_event_item` ENABLE KEYS */;
UNLOCK TABLES;

--
-- Table structure for table `g5_shop_inicis_log`
--

DROP TABLE IF EXISTS `g5_shop_inicis_log`;
/*!40101 SET @saved_cs_client     = @@character_set_client */;
/*!40101 SET character_set_client = utf8 */;
CREATE TABLE `g5_shop_inicis_log` (
  `oid` bigint(20) unsigned NOT NULL,
  `P_TID` varchar(255) NOT NULL DEFAULT '',
  `P_MID` varchar(255) NOT NULL DEFAULT '',
  `P_AUTH_DT` varchar(255) NOT NULL DEFAULT '',
  `P_STATUS` varchar(255) NOT NULL DEFAULT '',
  `P_TYPE` varchar(255) NOT NULL DEFAULT '',
  `P_OID` varchar(255) NOT NULL DEFAULT '',
  `P_FN_NM` varchar(255) NOT NULL DEFAULT '',
  `P_AUTH_NO` varchar(255) NOT NULL DEFAULT '',
  `P_AMT` int(11) NOT NULL DEFAULT '0',
  `P_RMESG1` varchar(255) NOT NULL DEFAULT '',
  `post_data` text NOT NULL,
  `is_mail_send` tinyint(4) NOT NULL DEFAULT '1',
  PRIMARY KEY (`oid`)
) ENGINE=InnoDB DEFAULT CHARSET=utf8;
/*!40101 SET character_set_client = @saved_cs_client */;

--
-- Dumping data for table `g5_shop_inicis_log`
--

LOCK TABLES `g5_shop_inicis_log` WRITE;
/*!40000 ALTER TABLE `g5_shop_inicis_log` DISABLE KEYS */;
/*!40000 ALTER TABLE `g5_shop_inicis_log` ENABLE KEYS */;
UNLOCK TABLES;

--
-- Table structure for table `g5_shop_item`
--

DROP TABLE IF EXISTS `g5_shop_item`;
/*!40101 SET @saved_cs_client     = @@character_set_client */;
/*!40101 SET character_set_client = utf8 */;
CREATE TABLE `g5_shop_item` (
  `it_id` varchar(20) NOT NULL DEFAULT '',
  `ca_id` varchar(10) NOT NULL DEFAULT '0',
  `ca_id2` varchar(255) NOT NULL DEFAULT '',
  `ca_id3` varchar(255) NOT NULL DEFAULT '',
  `it_skin` varchar(255) NOT NULL DEFAULT '',
  `it_mobile_skin` varchar(255) NOT NULL DEFAULT '',
  `it_name` varchar(255) NOT NULL DEFAULT '',
  `it_seo_title` varchar(200) NOT NULL DEFAULT '',
  `it_maker` varchar(255) NOT NULL DEFAULT '',
  `it_origin` varchar(255) NOT NULL DEFAULT '',
  `it_brand` varchar(255) NOT NULL DEFAULT '',
  `it_model` varchar(255) NOT NULL DEFAULT '',
  `it_option_subject` varchar(255) NOT NULL DEFAULT '',
  `it_supply_subject` varchar(255) NOT NULL DEFAULT '',
  `it_type1` tinyint(4) NOT NULL DEFAULT '0',
  `it_type2` tinyint(4) NOT NULL DEFAULT '0',
  `it_type3` tinyint(4) NOT NULL DEFAULT '0',
  `it_type4` tinyint(4) NOT NULL DEFAULT '0',
  `it_type5` tinyint(4) NOT NULL DEFAULT '0',
  `it_basic` text NOT NULL,
  `it_explan` mediumtext NOT NULL,
  `it_explan2` mediumtext NOT NULL,
  `it_mobile_explan` mediumtext NOT NULL,
  `it_cust_price` int(11) NOT NULL DEFAULT '0',
  `it_price` int(11) NOT NULL DEFAULT '0',
  `it_point` int(11) NOT NULL DEFAULT '0',
  `it_point_type` tinyint(4) NOT NULL DEFAULT '0',
  `it_supply_point` int(11) NOT NULL DEFAULT '0',
  `it_notax` tinyint(4) NOT NULL DEFAULT '0',
  `it_sell_email` varchar(255) NOT NULL DEFAULT '',
  `it_use` tinyint(4) NOT NULL DEFAULT '0',
  `it_nocoupon` tinyint(4) NOT NULL DEFAULT '0',
  `it_soldout` tinyint(4) NOT NULL DEFAULT '0',
  `it_stock_qty` int(11) NOT NULL DEFAULT '0',
  `it_stock_sms` tinyint(4) NOT NULL DEFAULT '0',
  `it_noti_qty` int(11) NOT NULL DEFAULT '0',
  `it_sc_type` tinyint(4) NOT NULL DEFAULT '0',
  `it_sc_method` tinyint(4) NOT NULL DEFAULT '0',
  `it_sc_price` int(11) NOT NULL DEFAULT '0',
  `it_sc_minimum` int(11) NOT NULL DEFAULT '0',
  `it_sc_qty` int(11) NOT NULL DEFAULT '0',
  `it_buy_min_qty` int(11) NOT NULL DEFAULT '0',
  `it_buy_max_qty` int(11) NOT NULL DEFAULT '0',
  `it_head_html` text NOT NULL,
  `it_tail_html` text NOT NULL,
  `it_mobile_head_html` text NOT NULL,
  `it_mobile_tail_html` text NOT NULL,
  `it_hit` int(11) NOT NULL DEFAULT '0',
  `it_time` datetime NOT NULL DEFAULT '0000-00-00 00:00:00',
  `it_update_time` datetime NOT NULL DEFAULT '0000-00-00 00:00:00',
  `it_ip` varchar(25) NOT NULL DEFAULT '',
  `it_order` int(11) NOT NULL DEFAULT '0',
  `it_tel_inq` tinyint(4) NOT NULL DEFAULT '0',
  `it_info_gubun` varchar(50) NOT NULL DEFAULT '',
  `it_info_value` text NOT NULL,
  `it_sum_qty` int(11) NOT NULL DEFAULT '0',
  `it_use_cnt` int(11) NOT NULL DEFAULT '0',
  `it_use_avg` decimal(2,1) NOT NULL,
  `it_shop_memo` text NOT NULL,
  `ec_mall_pid` varchar(255) NOT NULL DEFAULT '',
  `it_img1` varchar(255) NOT NULL DEFAULT '',
  `it_img2` varchar(255) NOT NULL DEFAULT '',
  `it_img3` varchar(255) NOT NULL DEFAULT '',
  `it_img4` varchar(255) NOT NULL DEFAULT '',
  `it_img5` varchar(255) NOT NULL DEFAULT '',
  `it_img6` varchar(255) NOT NULL DEFAULT '',
  `it_img7` varchar(255) NOT NULL DEFAULT '',
  `it_img8` varchar(255) NOT NULL DEFAULT '',
  `it_img9` varchar(255) NOT NULL DEFAULT '',
  `it_img10` varchar(255) NOT NULL DEFAULT '',
  `it_1_subj` varchar(255) NOT NULL DEFAULT '',
  `it_2_subj` varchar(255) NOT NULL DEFAULT '',
  `it_3_subj` varchar(255) NOT NULL DEFAULT '',
  `it_4_subj` varchar(255) NOT NULL DEFAULT '',
  `it_5_subj` varchar(255) NOT NULL DEFAULT '',
  `it_6_subj` varchar(255) NOT NULL DEFAULT '',
  `it_7_subj` varchar(255) NOT NULL DEFAULT '',
  `it_8_subj` varchar(255) NOT NULL DEFAULT '',
  `it_9_subj` varchar(255) NOT NULL DEFAULT '',
  `it_10_subj` varchar(255) NOT NULL DEFAULT '',
  `it_1` varchar(255) NOT NULL DEFAULT '',
  `it_2` varchar(255) NOT NULL DEFAULT '',
  `it_3` varchar(255) NOT NULL DEFAULT '',
  `it_4` varchar(255) NOT NULL DEFAULT '',
  `it_5` varchar(255) NOT NULL DEFAULT '',
  `it_6` varchar(255) NOT NULL DEFAULT '',
  `it_7` varchar(255) NOT NULL DEFAULT '',
  `it_8` varchar(255) NOT NULL DEFAULT '',
  `it_9` varchar(255) NOT NULL DEFAULT '',
  `it_10` varchar(255) NOT NULL DEFAULT '',
  PRIMARY KEY (`it_id`),
  KEY `ca_id` (`ca_id`),
  KEY `it_name` (`it_name`),
  KEY `it_seo_title` (`it_seo_title`),
  KEY `it_order` (`it_order`)
) ENGINE=InnoDB DEFAULT CHARSET=utf8;
/*!40101 SET character_set_client = @saved_cs_client */;

--
-- Dumping data for table `g5_shop_item`
--

LOCK TABLES `g5_shop_item` WRITE;
/*!40000 ALTER TABLE `g5_shop_item` DISABLE KEYS */;
/*!40000 ALTER TABLE `g5_shop_item` ENABLE KEYS */;
UNLOCK TABLES;

--
-- Table structure for table `g5_shop_item_option`
--

DROP TABLE IF EXISTS `g5_shop_item_option`;
/*!40101 SET @saved_cs_client     = @@character_set_client */;
/*!40101 SET character_set_client = utf8 */;
CREATE TABLE `g5_shop_item_option` (
  `io_no` int(11) NOT NULL AUTO_INCREMENT,
  `io_id` varchar(255) NOT NULL DEFAULT '0',
  `io_type` tinyint(4) NOT NULL DEFAULT '0',
  `it_id` varchar(20) NOT NULL DEFAULT '',
  `io_price` int(11) NOT NULL DEFAULT '0',
  `io_stock_qty` int(11) NOT NULL DEFAULT '0',
  `io_noti_qty` int(11) NOT NULL DEFAULT '0',
  `io_use` tinyint(4) NOT NULL DEFAULT '0',
  PRIMARY KEY (`io_no`),
  KEY `io_id` (`io_id`),
  KEY `it_id` (`it_id`)
) ENGINE=InnoDB DEFAULT CHARSET=utf8;
/*!40101 SET character_set_client = @saved_cs_client */;

--
-- Dumping data for table `g5_shop_item_option`
--

LOCK TABLES `g5_shop_item_option` WRITE;
/*!40000 ALTER TABLE `g5_shop_item_option` DISABLE KEYS */;
/*!40000 ALTER TABLE `g5_shop_item_option` ENABLE KEYS */;
UNLOCK TABLES;

--
-- Table structure for table `g5_shop_item_qa`
--

DROP TABLE IF EXISTS `g5_shop_item_qa`;
/*!40101 SET @saved_cs_client     = @@character_set_client */;
/*!40101 SET character_set_client = utf8 */;
CREATE TABLE `g5_shop_item_qa` (
  `iq_id` int(11) NOT NULL AUTO_INCREMENT,
  `it_id` varchar(20) NOT NULL DEFAULT '',
  `mb_id` varchar(255) NOT NULL DEFAULT '',
  `iq_secret` tinyint(4) NOT NULL DEFAULT '0',
  `iq_name` varchar(255) NOT NULL DEFAULT '',
  `iq_email` varchar(255) NOT NULL DEFAULT '',
  `iq_hp` varchar(255) NOT NULL DEFAULT '',
  `iq_password` varchar(255) NOT NULL DEFAULT '',
  `iq_subject` varchar(255) NOT NULL DEFAULT '',
  `iq_question` text NOT NULL,
  `iq_answer` text NOT NULL,
  `iq_time` datetime NOT NULL DEFAULT '0000-00-00 00:00:00',
  `iq_ip` varchar(25) NOT NULL DEFAULT '',
  PRIMARY KEY (`iq_id`)
) ENGINE=InnoDB DEFAULT CHARSET=utf8;
/*!40101 SET character_set_client = @saved_cs_client */;

--
-- Dumping data for table `g5_shop_item_qa`
--

LOCK TABLES `g5_shop_item_qa` WRITE;
/*!40000 ALTER TABLE `g5_shop_item_qa` DISABLE KEYS */;
/*!40000 ALTER TABLE `g5_shop_item_qa` ENABLE KEYS */;
UNLOCK TABLES;

--
-- Table structure for table `g5_shop_item_relation`
--

DROP TABLE IF EXISTS `g5_shop_item_relation`;
/*!40101 SET @saved_cs_client     = @@character_set_client */;
/*!40101 SET character_set_client = utf8 */;
CREATE TABLE `g5_shop_item_relation` (
  `it_id` varchar(20) NOT NULL DEFAULT '',
  `it_id2` varchar(20) NOT NULL DEFAULT '',
  `ir_no` int(11) NOT NULL DEFAULT '0',
  PRIMARY KEY (`it_id`,`it_id2`)
) ENGINE=InnoDB DEFAULT CHARSET=utf8;
/*!40101 SET character_set_client = @saved_cs_client */;

--
-- Dumping data for table `g5_shop_item_relation`
--

LOCK TABLES `g5_shop_item_relation` WRITE;
/*!40000 ALTER TABLE `g5_shop_item_relation` DISABLE KEYS */;
/*!40000 ALTER TABLE `g5_shop_item_relation` ENABLE KEYS */;
UNLOCK TABLES;

--
-- Table structure for table `g5_shop_item_stocksms`
--

DROP TABLE IF EXISTS `g5_shop_item_stocksms`;
/*!40101 SET @saved_cs_client     = @@character_set_client */;
/*!40101 SET character_set_client = utf8 */;
CREATE TABLE `g5_shop_item_stocksms` (
  `ss_id` int(11) NOT NULL AUTO_INCREMENT,
  `it_id` varchar(20) NOT NULL DEFAULT '',
  `ss_hp` varchar(255) NOT NULL DEFAULT '',
  `ss_send` tinyint(4) NOT NULL DEFAULT '0',
  `ss_send_time` datetime NOT NULL DEFAULT '0000-00-00 00:00:00',
  `ss_datetime` datetime NOT NULL DEFAULT '0000-00-00 00:00:00',
  `ss_ip` varchar(25) NOT NULL DEFAULT '',
  PRIMARY KEY (`ss_id`)
) ENGINE=InnoDB DEFAULT CHARSET=utf8;
/*!40101 SET character_set_client = @saved_cs_client */;

--
-- Dumping data for table `g5_shop_item_stocksms`
--

LOCK TABLES `g5_shop_item_stocksms` WRITE;
/*!40000 ALTER TABLE `g5_shop_item_stocksms` DISABLE KEYS */;
/*!40000 ALTER TABLE `g5_shop_item_stocksms` ENABLE KEYS */;
UNLOCK TABLES;

--
-- Table structure for table `g5_shop_item_use`
--

DROP TABLE IF EXISTS `g5_shop_item_use`;
/*!40101 SET @saved_cs_client     = @@character_set_client */;
/*!40101 SET character_set_client = utf8 */;
CREATE TABLE `g5_shop_item_use` (
  `is_id` int(11) NOT NULL AUTO_INCREMENT,
  `it_id` varchar(20) NOT NULL DEFAULT '0',
  `mb_id` varchar(255) NOT NULL DEFAULT '',
  `is_name` varchar(255) NOT NULL DEFAULT '',
  `is_password` varchar(255) NOT NULL DEFAULT '',
  `is_score` tinyint(4) NOT NULL DEFAULT '0',
  `is_subject` varchar(255) NOT NULL DEFAULT '',
  `is_content` text NOT NULL,
  `is_time` datetime NOT NULL DEFAULT '0000-00-00 00:00:00',
  `is_ip` varchar(25) NOT NULL DEFAULT '',
  `is_confirm` tinyint(4) NOT NULL DEFAULT '0',
  PRIMARY KEY (`is_id`),
  KEY `index1` (`it_id`)
) ENGINE=InnoDB DEFAULT CHARSET=utf8;
/*!40101 SET character_set_client = @saved_cs_client */;

--
-- Dumping data for table `g5_shop_item_use`
--

LOCK TABLES `g5_shop_item_use` WRITE;
/*!40000 ALTER TABLE `g5_shop_item_use` DISABLE KEYS */;
/*!40000 ALTER TABLE `g5_shop_item_use` ENABLE KEYS */;
UNLOCK TABLES;

--
-- Table structure for table `g5_shop_order`
--

DROP TABLE IF EXISTS `g5_shop_order`;
/*!40101 SET @saved_cs_client     = @@character_set_client */;
/*!40101 SET character_set_client = utf8 */;
CREATE TABLE `g5_shop_order` (
  `od_id` bigint(20) unsigned NOT NULL,
  `mb_id` varchar(255) NOT NULL DEFAULT '',
  `od_name` varchar(20) NOT NULL DEFAULT '',
  `od_email` varchar(100) NOT NULL DEFAULT '',
  `od_tel` varchar(20) NOT NULL DEFAULT '',
  `od_hp` varchar(20) NOT NULL DEFAULT '',
  `od_zip1` char(3) NOT NULL DEFAULT '',
  `od_zip2` char(3) NOT NULL DEFAULT '',
  `od_addr1` varchar(100) NOT NULL DEFAULT '',
  `od_addr2` varchar(100) NOT NULL DEFAULT '',
  `od_addr3` varchar(255) NOT NULL DEFAULT '',
  `od_addr_jibeon` varchar(255) NOT NULL DEFAULT '',
  `od_deposit_name` varchar(20) NOT NULL DEFAULT '',
  `od_b_name` varchar(20) NOT NULL DEFAULT '',
  `od_b_tel` varchar(20) NOT NULL DEFAULT '',
  `od_b_hp` varchar(20) NOT NULL DEFAULT '',
  `od_b_zip1` char(3) NOT NULL DEFAULT '',
  `od_b_zip2` char(3) NOT NULL DEFAULT '',
  `od_b_addr1` varchar(100) NOT NULL DEFAULT '',
  `od_b_addr2` varchar(100) NOT NULL DEFAULT '',
  `od_b_addr3` varchar(255) NOT NULL DEFAULT '',
  `od_b_addr_jibeon` varchar(255) NOT NULL DEFAULT '',
  `od_memo` text NOT NULL,
  `od_cart_count` int(11) NOT NULL DEFAULT '0',
  `od_cart_price` int(11) NOT NULL DEFAULT '0',
  `od_cart_coupon` int(11) NOT NULL DEFAULT '0',
  `od_send_cost` int(11) NOT NULL DEFAULT '0',
  `od_send_cost2` int(11) NOT NULL DEFAULT '0',
  `od_send_coupon` int(11) NOT NULL DEFAULT '0',
  `od_receipt_price` int(11) NOT NULL DEFAULT '0',
  `od_cancel_price` int(11) NOT NULL DEFAULT '0',
  `od_receipt_point` int(11) NOT NULL DEFAULT '0',
  `od_refund_price` int(11) NOT NULL DEFAULT '0',
  `od_bank_account` varchar(255) NOT NULL DEFAULT '',
  `od_receipt_time` datetime NOT NULL DEFAULT '0000-00-00 00:00:00',
  `od_coupon` int(11) NOT NULL DEFAULT '0',
  `od_misu` int(11) NOT NULL DEFAULT '0',
  `od_shop_memo` text NOT NULL,
  `od_mod_history` text NOT NULL,
  `od_status` varchar(255) NOT NULL DEFAULT '',
  `od_hope_date` date NOT NULL DEFAULT '0000-00-00',
  `od_settle_case` varchar(255) NOT NULL DEFAULT '',
  `od_other_pay_type` varchar(100) NOT NULL DEFAULT '',
  `od_test` tinyint(4) NOT NULL DEFAULT '0',
  `od_mobile` tinyint(4) NOT NULL DEFAULT '0',
  `od_pg` varchar(255) NOT NULL DEFAULT '',
  `od_tno` varchar(255) NOT NULL DEFAULT '',
  `od_app_no` varchar(20) NOT NULL DEFAULT '',
  `od_escrow` tinyint(4) NOT NULL DEFAULT '0',
  `od_casseqno` varchar(255) NOT NULL DEFAULT '',
  `od_tax_flag` tinyint(4) NOT NULL DEFAULT '0',
  `od_tax_mny` int(11) NOT NULL DEFAULT '0',
  `od_vat_mny` int(11) NOT NULL DEFAULT '0',
  `od_free_mny` int(11) NOT NULL DEFAULT '0',
  `od_delivery_company` varchar(255) NOT NULL DEFAULT '0',
  `od_invoice` varchar(255) NOT NULL DEFAULT '',
  `od_invoice_time` datetime NOT NULL DEFAULT '0000-00-00 00:00:00',
  `od_cash` tinyint(4) NOT NULL,
  `od_cash_no` varchar(255) NOT NULL,
  `od_cash_info` text NOT NULL,
  `od_time` datetime NOT NULL DEFAULT '0000-00-00 00:00:00',
  `od_pwd` varchar(255) NOT NULL DEFAULT '',
  `od_ip` varchar(25) NOT NULL DEFAULT '',
  PRIMARY KEY (`od_id`),
  KEY `index2` (`mb_id`)
) ENGINE=InnoDB DEFAULT CHARSET=utf8;
/*!40101 SET character_set_client = @saved_cs_client */;

--
-- Dumping data for table `g5_shop_order`
--

LOCK TABLES `g5_shop_order` WRITE;
/*!40000 ALTER TABLE `g5_shop_order` DISABLE KEYS */;
/*!40000 ALTER TABLE `g5_shop_order` ENABLE KEYS */;
UNLOCK TABLES;

--
-- Table structure for table `g5_shop_order_address`
--

DROP TABLE IF EXISTS `g5_shop_order_address`;
/*!40101 SET @saved_cs_client     = @@character_set_client */;
/*!40101 SET character_set_client = utf8 */;
CREATE TABLE `g5_shop_order_address` (
  `ad_id` int(11) NOT NULL AUTO_INCREMENT,
  `mb_id` varchar(255) NOT NULL DEFAULT '',
  `ad_subject` varchar(255) NOT NULL DEFAULT '',
  `ad_default` tinyint(4) NOT NULL DEFAULT '0',
  `ad_name` varchar(255) NOT NULL DEFAULT '',
  `ad_tel` varchar(255) NOT NULL DEFAULT '',
  `ad_hp` varchar(255) NOT NULL DEFAULT '',
  `ad_zip1` char(3) NOT NULL DEFAULT '',
  `ad_zip2` char(3) NOT NULL DEFAULT '',
  `ad_addr1` varchar(255) NOT NULL DEFAULT '',
  `ad_addr2` varchar(255) NOT NULL DEFAULT '',
  `ad_addr3` varchar(255) NOT NULL DEFAULT '',
  `ad_jibeon` varchar(255) NOT NULL DEFAULT '',
  PRIMARY KEY (`ad_id`),
  KEY `mb_id` (`mb_id`)
) ENGINE=InnoDB DEFAULT CHARSET=utf8;
/*!40101 SET character_set_client = @saved_cs_client */;

--
-- Dumping data for table `g5_shop_order_address`
--

LOCK TABLES `g5_shop_order_address` WRITE;
/*!40000 ALTER TABLE `g5_shop_order_address` DISABLE KEYS */;
/*!40000 ALTER TABLE `g5_shop_order_address` ENABLE KEYS */;
UNLOCK TABLES;

--
-- Table structure for table `g5_shop_order_data`
--

DROP TABLE IF EXISTS `g5_shop_order_data`;
/*!40101 SET @saved_cs_client     = @@character_set_client */;
/*!40101 SET character_set_client = utf8 */;
CREATE TABLE `g5_shop_order_data` (
  `od_id` bigint(20) unsigned NOT NULL,
  `cart_id` bigint(20) unsigned NOT NULL,
  `mb_id` varchar(20) NOT NULL DEFAULT '',
  `dt_pg` varchar(255) NOT NULL DEFAULT '',
  `dt_data` text NOT NULL,
  `dt_time` datetime NOT NULL DEFAULT '0000-00-00 00:00:00',
  KEY `od_id` (`od_id`)
) ENGINE=InnoDB DEFAULT CHARSET=utf8;
/*!40101 SET character_set_client = @saved_cs_client */;

--
-- Dumping data for table `g5_shop_order_data`
--

LOCK TABLES `g5_shop_order_data` WRITE;
/*!40000 ALTER TABLE `g5_shop_order_data` DISABLE KEYS */;
/*!40000 ALTER TABLE `g5_shop_order_data` ENABLE KEYS */;
UNLOCK TABLES;

--
-- Table structure for table `g5_shop_order_delete`
--

DROP TABLE IF EXISTS `g5_shop_order_delete`;
/*!40101 SET @saved_cs_client     = @@character_set_client */;
/*!40101 SET character_set_client = utf8 */;
CREATE TABLE `g5_shop_order_delete` (
  `de_id` int(11) NOT NULL AUTO_INCREMENT,
  `de_key` varchar(255) NOT NULL DEFAULT '',
  `de_data` longtext NOT NULL,
  `mb_id` varchar(20) NOT NULL DEFAULT '',
  `de_ip` varchar(255) NOT NULL DEFAULT '',
  `de_datetime` datetime NOT NULL DEFAULT '0000-00-00 00:00:00',
  PRIMARY KEY (`de_id`)
) ENGINE=InnoDB DEFAULT CHARSET=utf8;
/*!40101 SET character_set_client = @saved_cs_client */;

--
-- Dumping data for table `g5_shop_order_delete`
--

LOCK TABLES `g5_shop_order_delete` WRITE;
/*!40000 ALTER TABLE `g5_shop_order_delete` DISABLE KEYS */;
/*!40000 ALTER TABLE `g5_shop_order_delete` ENABLE KEYS */;
UNLOCK TABLES;

--
-- Table structure for table `g5_shop_order_post_log`
--

DROP TABLE IF EXISTS `g5_shop_order_post_log`;
/*!40101 SET @saved_cs_client     = @@character_set_client */;
/*!40101 SET character_set_client = utf8 */;
CREATE TABLE `g5_shop_order_post_log` (
  `log_id` int(11) NOT NULL AUTO_INCREMENT,
  `oid` bigint(20) unsigned NOT NULL,
  `mb_id` varchar(255) NOT NULL DEFAULT '',
  `post_data` text NOT NULL,
  `ol_code` varchar(255) NOT NULL DEFAULT '',
  `ol_msg` text NOT NULL,
  `ol_datetime` datetime NOT NULL DEFAULT '0000-00-00 00:00:00',
  `ol_ip` varchar(25) NOT NULL DEFAULT '',
  PRIMARY KEY (`log_id`)
) ENGINE=InnoDB DEFAULT CHARSET=utf8;
/*!40101 SET character_set_client = @saved_cs_client */;

--
-- Dumping data for table `g5_shop_order_post_log`
--

LOCK TABLES `g5_shop_order_post_log` WRITE;
/*!40000 ALTER TABLE `g5_shop_order_post_log` DISABLE KEYS */;
/*!40000 ALTER TABLE `g5_shop_order_post_log` ENABLE KEYS */;
UNLOCK TABLES;

--
-- Table structure for table `g5_shop_personalpay`
--

DROP TABLE IF EXISTS `g5_shop_personalpay`;
/*!40101 SET @saved_cs_client     = @@character_set_client */;
/*!40101 SET character_set_client = utf8 */;
CREATE TABLE `g5_shop_personalpay` (
  `pp_id` bigint(20) unsigned NOT NULL,
  `od_id` bigint(20) unsigned NOT NULL,
  `pp_name` varchar(255) NOT NULL DEFAULT '',
  `pp_email` varchar(255) NOT NULL DEFAULT '',
  `pp_hp` varchar(255) NOT NULL DEFAULT '',
  `pp_content` text NOT NULL,
  `pp_use` tinyint(4) NOT NULL DEFAULT '0',
  `pp_price` int(11) NOT NULL DEFAULT '0',
  `pp_pg` varchar(255) NOT NULL DEFAULT '',
  `pp_tno` varchar(255) NOT NULL DEFAULT '',
  `pp_app_no` varchar(20) NOT NULL DEFAULT '',
  `pp_casseqno` varchar(255) NOT NULL DEFAULT '',
  `pp_receipt_price` int(11) NOT NULL DEFAULT '0',
  `pp_settle_case` varchar(255) NOT NULL DEFAULT '',
  `pp_bank_account` varchar(255) NOT NULL DEFAULT '',
  `pp_deposit_name` varchar(255) NOT NULL DEFAULT '',
  `pp_receipt_time` datetime NOT NULL DEFAULT '0000-00-00 00:00:00',
  `pp_receipt_ip` varchar(255) NOT NULL DEFAULT '',
  `pp_shop_memo` text NOT NULL,
  `pp_cash` tinyint(4) NOT NULL DEFAULT '0',
  `pp_cash_no` varchar(255) NOT NULL DEFAULT '',
  `pp_cash_info` text NOT NULL,
  `pp_ip` varchar(255) NOT NULL DEFAULT '',
  `pp_time` datetime NOT NULL DEFAULT '0000-00-00 00:00:00',
  PRIMARY KEY (`pp_id`),
  KEY `od_id` (`od_id`)
) ENGINE=InnoDB DEFAULT CHARSET=utf8;
/*!40101 SET character_set_client = @saved_cs_client */;

--
-- Dumping data for table `g5_shop_personalpay`
--

LOCK TABLES `g5_shop_personalpay` WRITE;
/*!40000 ALTER TABLE `g5_shop_personalpay` DISABLE KEYS */;
/*!40000 ALTER TABLE `g5_shop_personalpay` ENABLE KEYS */;
UNLOCK TABLES;

--
-- Table structure for table `g5_shop_sendcost`
--

DROP TABLE IF EXISTS `g5_shop_sendcost`;
/*!40101 SET @saved_cs_client     = @@character_set_client */;
/*!40101 SET character_set_client = utf8 */;
CREATE TABLE `g5_shop_sendcost` (
  `sc_id` int(11) NOT NULL AUTO_INCREMENT,
  `sc_name` varchar(255) NOT NULL DEFAULT '',
  `sc_zip1` varchar(10) NOT NULL DEFAULT '',
  `sc_zip2` varchar(10) NOT NULL DEFAULT '',
  `sc_price` int(11) NOT NULL DEFAULT '0',
  PRIMARY KEY (`sc_id`),
  KEY `sc_zip1` (`sc_zip1`),
  KEY `sc_zip2` (`sc_zip2`)
) ENGINE=InnoDB DEFAULT CHARSET=utf8;
/*!40101 SET character_set_client = @saved_cs_client */;

--
-- Dumping data for table `g5_shop_sendcost`
--

LOCK TABLES `g5_shop_sendcost` WRITE;
/*!40000 ALTER TABLE `g5_shop_sendcost` DISABLE KEYS */;
/*!40000 ALTER TABLE `g5_shop_sendcost` ENABLE KEYS */;
UNLOCK TABLES;

--
-- Table structure for table `g5_shop_wish`
--

DROP TABLE IF EXISTS `g5_shop_wish`;
/*!40101 SET @saved_cs_client     = @@character_set_client */;
/*!40101 SET character_set_client = utf8 */;
CREATE TABLE `g5_shop_wish` (
  `wi_id` int(11) NOT NULL AUTO_INCREMENT,
  `mb_id` varchar(255) NOT NULL DEFAULT '',
  `it_id` varchar(20) NOT NULL DEFAULT '0',
  `wi_time` datetime NOT NULL DEFAULT '0000-00-00 00:00:00',
  `wi_ip` varchar(25) NOT NULL DEFAULT '',
  PRIMARY KEY (`wi_id`),
  KEY `index1` (`mb_id`)
) ENGINE=InnoDB DEFAULT CHARSET=utf8;
/*!40101 SET character_set_client = @saved_cs_client */;

--
-- Dumping data for table `g5_shop_wish`
--

LOCK TABLES `g5_shop_wish` WRITE;
/*!40000 ALTER TABLE `g5_shop_wish` DISABLE KEYS */;
/*!40000 ALTER TABLE `g5_shop_wish` ENABLE KEYS */;
UNLOCK TABLES;

--
-- Table structure for table `g5_sms_message`
--

DROP TABLE IF EXISTS `g5_sms_message`;
/*!40101 SET @saved_cs_client     = @@character_set_client */;
/*!40101 SET character_set_client = utf8 */;
CREATE TABLE `g5_sms_message` (
  `idx` int(11) NOT NULL AUTO_INCREMENT,
  `message` text NOT NULL COMMENT 'SMS 내용',
  `message_hide` char(1) NOT NULL DEFAULT '' COMMENT '숨기기(삭제)',
  `reg_date` datetime NOT NULL,
  PRIMARY KEY (`idx`)
) ENGINE=InnoDB AUTO_INCREMENT=3 DEFAULT CHARSET=utf8 COMMENT='문자내용모음';
/*!40101 SET character_set_client = @saved_cs_client */;

--
-- Dumping data for table `g5_sms_message`
--

LOCK TABLES `g5_sms_message` WRITE;
/*!40000 ALTER TABLE `g5_sms_message` DISABLE KEYS */;
INSERT INTO `g5_sms_message` VALUES (1,'파견가능하신분 연락부탁드리겠습니다.','','2024-01-29 10:00:00'),(2,'급여관리가 되어있지않습니다.\r\n급여관리 부탁드리겠습니다.','','2024-01-29 10:00:00');
/*!40000 ALTER TABLE `g5_sms_message` ENABLE KEYS */;
UNLOCK TABLES;

--
-- Table structure for table `g5_sms_result`
--

DROP TABLE IF EXISTS `g5_sms_result`;
/*!40101 SET @saved_cs_client     = @@character_set_client */;
/*!40101 SET character_set_client = utf8 */;
CREATE TABLE `g5_sms_result` (
  `idx` int(11) NOT NULL AUTO_INCREMENT,
  `code_menu` varchar(255) NOT NULL COMMENT 'this_code',
  `user_category` varchar(30) NOT NULL COMMENT '회원종류(member,client,manager,etc)',
  `recv_id` varchar(255) NOT NULL COMMENT 'mb_id,client_idx',
  `recv_name` varchar(50) NOT NULL COMMENT '이름',
  `recv_hp` varchar(30) NOT NULL COMMENT '연락처',
  `send_hp` varchar(30) NOT NULL COMMENT 'Send 연락처',
  `booking_datetime` datetime NOT NULL COMMENT '예약일자',
  `send_message` text NOT NULL COMMENT '문자 내용',
  `reg_date` datetime NOT NULL,
  PRIMARY KEY (`idx`)
) ENGINE=InnoDB AUTO_INCREMENT=10 DEFAULT CHARSET=utf8 COMMENT='문자전송내역';
/*!40101 SET character_set_client = @saved_cs_client */;

--
-- Dumping data for table `g5_sms_result`
--

LOCK TABLES `g5_sms_result` WRITE;
/*!40000 ALTER TABLE `g5_sms_result` DISABLE KEYS */;
INSERT INTO `g5_sms_result` VALUES (1,'10','member','890715-1111111','우태하','010-5180-2446','051-505-2224','2024-01-28 23:35:00','테스트입니다.','2024-01-28 23:31:25'),(2,'10','client','3','우태하','010-5180-2446','051-505-2224','2024-01-28 23:35:00','테스트입니다.','2024-01-28 23:32:05'),(3,'10','member','890715-1111111','우태하','010-5180-2446','051-505-2224','0000-00-00 00:00:00','Test','2024-01-28 23:33:32'),(4,'10','member','890715-1111111','우태하','010-5180-2446','051-505-2224','0000-00-00 00:00:00','급여관리가 되어있지않습니다.\n급여관리 부탁드리겠습니다.','2024-01-28 23:42:43'),(5,'10','member','890715-1111111','우태하','010-5180-2446','051-505-2224','0000-00-00 00:00:00','파견가능하신분 연락부탁드리겠습니다.','2024-01-28 23:49:01'),(6,'10','member','890715-1111111','우태하','010-5180-2446','051-505-2224','0000-00-00 00:00:00','급여관리가 되어있지않습니다.\n급여관리 부탁드리겠습니다.','2024-01-29 00:02:44'),(7,'10','etc','','홍길동','010-5180-2446','051-505-2224','0000-00-00 00:00:00','급여관리가 되어있지않습니다.\n급여관리 부탁드리겠습니다.\n\nTest\nTest','2024-01-30 10:29:42'),(8,'10','etc','','가나다','010-5180-2446','051-505-2224','2024-01-30 10:41:00','10시 58분에 예약 준비해라','2024-01-30 10:35:39'),(9,'10','manager','tester001','이준현','010-1233-1233','051-505-2224','2024-02-02 09:40:00','테스트입니다!','2024-02-02 09:37:12');
/*!40000 ALTER TABLE `g5_sms_result` ENABLE KEYS */;
UNLOCK TABLES;

--
-- Table structure for table `g5_uniqid`
--

DROP TABLE IF EXISTS `g5_uniqid`;
/*!40101 SET @saved_cs_client     = @@character_set_client */;
/*!40101 SET character_set_client = utf8 */;
CREATE TABLE `g5_uniqid` (
  `uq_id` bigint(20) unsigned NOT NULL,
  `uq_ip` varchar(255) NOT NULL,
  PRIMARY KEY (`uq_id`)
) ENGINE=InnoDB DEFAULT CHARSET=utf8;
/*!40101 SET character_set_client = @saved_cs_client */;

--
-- Dumping data for table `g5_uniqid`
--

LOCK TABLES `g5_uniqid` WRITE;
/*!40000 ALTER TABLE `g5_uniqid` DISABLE KEYS */;
INSERT INTO `g5_uniqid` VALUES (2023103013210507,'119.198.183.33'),(2023103017330956,'119.198.183.33'),(2023103017370385,'119.198.183.33'),(2023103110341955,'119.198.183.33'),(2023103110383797,'119.198.183.33'),(2023103110393250,'119.198.183.33'),(2023103110395189,'119.198.183.33'),(2023103110403769,'119.198.183.33'),(2023103110405767,'119.198.183.33'),(2023103110425307,'119.198.183.33'),(2023103110463837,'119.198.183.33'),(2023103110482902,'119.198.183.33'),(2023103110484301,'119.198.183.33'),(2023103110540295,'119.198.183.33'),(2023103110590512,'119.198.183.33'),(2023103110592511,'119.198.183.33'),(2023103110595483,'119.198.183.33'),(2023103115445160,'119.198.183.33'),(2023103115445724,'119.198.183.33'),(2023103115450622,'119.198.183.33'),(2023103115452726,'119.198.183.33'),(2023103115460564,'119.198.183.33'),(2023103115462433,'119.198.183.33'),(2023103115571355,'119.198.183.33'),(2023103115572671,'119.198.183.33'),(2023110109171164,'119.198.183.33'),(2023110611445768,'119.198.183.33'),(2023110715272396,'119.198.183.33'),(2023110809413830,'119.198.183.33'),(2023110910103444,'119.198.183.33'),(2023111009373215,'119.198.183.33'),(2023111012363800,'119.198.183.33'),(2023111315234601,'119.198.183.33'),(2023111410305132,'119.198.183.33'),(2023111415093516,'119.198.166.126'),(2023111511432482,'119.198.183.33'),(2023111609310410,'119.198.183.33'),(2023111617054742,'119.198.183.33'),(2023113015025450,'119.198.183.33'),(2023120112451079,'119.198.183.33'),(2023120411091482,'119.198.183.33'),(2023120509455591,'119.198.183.33'),(2023120614471635,'119.198.183.33'),(2023120710124953,'119.198.183.33'),(2023121209293162,'119.198.183.33'),(2023121222482240,'175.199.199.148'),(2023121309260884,'119.198.183.33'),(2023121311063828,'119.198.166.126'),(2023121315221222,'119.198.183.33'),(2023121315423197,'1.223.251.138'),(2023121315434605,'119.198.183.33'),(2023121315451519,'119.198.183.33'),(2023121318075227,'119.198.183.33'),(2023121318155647,'119.198.183.33'),(2023121318483669,'119.198.183.33'),(2023121410295222,'119.198.183.33'),(2023121416562994,'119.198.183.33'),(2023121509235086,'119.198.183.33'),(2023121712501185,'175.199.199.148'),(2023121809155629,'119.198.183.33'),(2023121909184062,'119.198.183.33'),(2023121913211009,'119.198.183.33'),(2023121913263174,'119.198.183.33'),(2023121913310871,'119.198.183.33'),(2023122010585044,'119.198.183.33'),(2023122011143449,'119.198.183.33'),(2023122011223680,'119.198.183.33'),(2023122011235194,'119.198.183.33'),(2023122109580267,'119.198.183.33'),(2023122209320352,'119.198.183.33'),(2023122209335431,'119.198.183.33'),(2023122209541809,'119.198.183.33'),(2023122211375653,'119.198.166.126'),(2023122514440795,'175.199.199.148'),(2023122611383740,'119.198.183.33'),(2023122611553451,'119.198.183.33'),(2023122613002052,'119.198.183.33'),(2023122714303730,'119.198.183.33'),(2023122813493276,'119.198.183.33'),(2023122909142423,'119.198.183.33'),(2024010215255689,'119.198.183.33'),(2024010309484283,'119.198.183.33'),(2024010510064412,'119.198.183.33'),(2024010510131145,'119.198.183.33'),(2024010714442675,'218.146.200.150'),(2024010815534940,'218.146.200.150'),(2024010816214491,'218.146.200.150'),(2024010817270260,'218.146.200.150'),(2024010909141031,'119.198.183.33'),(2024010921345216,'218.146.200.150'),(2024011011305237,'119.198.183.33'),(2024011211104949,'119.198.183.33'),(2024011312380960,'218.146.200.150'),(2024011418261395,'218.146.200.150'),(2024011423184720,'218.146.200.150'),(2024011510594749,'119.198.183.33'),(2024011609120415,'119.198.183.33'),(2024011709394411,'119.198.183.33'),(2024011909151333,'119.198.183.33'),(2024012209115015,'119.198.183.33'),(2024012209515146,'119.198.183.33'),(2024012210450845,'1.223.251.138'),(2024012210485169,'223.39.218.35'),(2024012215171812,'119.198.183.33'),(2024012313534460,'119.198.183.33'),(2024012413100673,'119.198.183.33'),(2024012512484100,'119.198.183.33'),(2024012612564395,'119.198.183.33'),(2024012613280599,'119.198.183.33'),(2024012622511821,'14.42.144.29'),(2024012823440935,'14.42.144.29'),(2024012823483217,'14.42.144.29'),(2024012823533558,'14.42.144.29'),(2024012900014284,'14.42.144.29'),(2024012909201423,'119.198.183.33'),(2024012914390390,'119.198.183.33'),(2024012917573836,'119.198.183.33'),(2024012919304614,'14.42.144.29'),(2024013009403304,'119.198.183.33'),(2024013010082334,'119.198.183.33'),(2024013010255007,'119.198.183.33'),(2024013020483869,'14.42.144.29'),(2024013109584209,'119.198.183.33'),(2024013119424131,'14.42.144.29'),(2024013119541753,'14.42.144.29'),(2024013120221415,'14.42.144.29'),(2024013120223361,'14.42.144.29'),(2024020110132569,'119.198.183.33'),(2024020111374627,'119.198.166.126'),(2024020111411177,'119.198.166.126'),(2024020117181828,'119.198.183.33'),(2024020117211504,'119.198.183.33'),(2024020117240455,'119.198.183.33'),(2024020117285499,'119.198.183.33'),(2024020117290598,'119.198.183.33'),(2024020117421811,'119.198.183.33'),(2024020117423188,'119.198.183.33'),(2024020117514067,'119.198.183.33'),(2024020118043849,'119.198.183.33'),(2024020118132311,'119.198.183.33'),(2024020118145926,'119.198.183.33'),(2024020118152078,'119.198.183.33'),(2024020122251236,'14.42.144.29'),(2024020209232944,'119.198.183.33'),(2024020210134730,'119.198.183.33'),(2024020210435772,'119.198.183.33'),(2024020210461129,'119.198.183.33'),(2024020210572097,'119.198.183.33'),(2024020211043266,'119.198.183.33'),(2024020211045488,'119.198.183.33'),(2024020211085475,'119.198.183.33'),(2024020211091320,'119.198.183.33'),(2024020211093512,'119.198.183.33'),(2024020211094890,'119.198.183.33'),(2024020211101158,'119.198.183.33'),(2024020211102443,'119.198.183.33'),(2024020215264722,'119.198.183.33'),(2024020215300350,'119.198.183.33'),(2024020215301200,'119.198.183.33'),(2024020215302601,'119.198.183.33'),(2024020215303988,'119.198.183.33'),(2024020215472604,'119.198.183.33'),(2024020311384210,'14.42.144.29'),(2024020311392827,'14.42.144.29'),(2024020312422413,'14.42.144.29'),(2024020313050244,'14.42.144.29'),(2024020313052185,'14.42.144.29'),(2024020313072451,'14.42.144.29'),(2024020313080193,'14.42.144.29'),(2024020313164703,'14.42.144.29'),(2024020313172121,'14.42.144.29'),(2024020313173351,'14.42.144.29'),(2024020313175719,'14.42.144.29'),(2024020322084897,'14.42.144.29'),(2024020510455583,'119.198.183.33'),(2024020511071555,'119.198.183.33'),(2024020511502335,'119.198.183.33'),(2024020511505441,'119.198.183.33'),(2024020511512426,'119.198.183.33'),(2024020511522192,'119.198.183.33'),(2024020512143650,'119.198.183.33'),(2024020606445211,'14.42.144.29'),(2024020609071864,'119.198.183.33'),(2024020609104880,'119.198.183.33'),(2024020609111675,'119.198.183.33'),(2024020609204526,'119.198.183.33'),(2024020612494673,'119.198.183.33'),(2024020709040962,'119.198.183.33'),(2024020718374315,'119.198.183.33'),(2024020809454598,'119.198.183.33'),(2024020810533002,'119.198.183.33'),(2024020816103024,'119.198.183.33'),(2024021608070354,'158.247.202.75'),(2024021608514422,'180.16.55.5'),(2024021913504335,'119.198.183.33'),(2024022009171705,'119.198.183.33'),(2024022110105469,'119.198.183.33'),(2024022111374051,'119.198.183.33'),(2024022211053817,'119.198.183.33'),(2024022213122712,'119.198.183.33'),(2024022213240526,'119.198.183.33'),(2024022215260446,'119.198.183.33'),(2024022310230142,'119.198.183.33'),(2024022610140039,'119.198.183.33'),(2024022614523990,'119.198.183.33'),(2024022615061455,'119.198.183.33'),(2024022615064070,'119.198.183.33'),(2024022615070372,'119.198.183.33'),(2024022615072888,'119.198.183.33'),(2024022615252625,'119.198.183.33'),(2024022615254014,'119.198.183.33'),(2024022615255265,'119.198.183.33'),(2024022615260656,'119.198.183.33'),(2024022615265277,'119.198.183.33'),(2024022615270633,'119.198.183.33'),(2024022617164477,'119.198.183.33'),(2024022617170755,'119.198.183.33'),(2024022619073573,'119.198.183.33'),(2024022710171993,'119.198.183.33'),(2024022720064842,'14.42.144.178'),(2024022720170499,'14.42.144.178'),(2024022720522689,'14.42.144.178'),(2024022809460158,'223.39.216.201'),(2024022810293084,'223.39.216.142'),(2024022817363972,'119.198.183.33'),(2024022909512517,'119.198.183.33'),(2024030114450104,'14.42.144.178'),(2024030210370971,'223.39.217.40'),(2024030314215798,'14.42.144.178'),(2024030519405970,'14.42.144.178'),(2024030612361926,'119.198.183.33'),(2024030620072483,'14.42.144.178'),(2024030709125177,'119.198.183.33'),(2024030809073177,'119.198.183.33'),(2024030914115854,'118.38.51.91'),(2024031000232821,'118.38.51.91'),(2024031111255544,'119.198.183.33'),(2024031211164944,'119.198.183.33'),(2024031309314373,'119.198.183.33'),(2024031715131253,'118.38.51.91'),(2024031817143880,'119.198.183.33'),(2024031910390471,'119.198.183.33'),(2024032010482827,'119.198.183.33'),(2024032111131525,'119.198.183.33'),(2024032209440217,'119.198.183.33'),(2024032316301387,'118.38.51.91'),(2024032612455311,'118.38.51.91'),(2024032709103769,'119.198.183.33'),(2024032810324327,'119.198.183.33'),(2024032910335449,'119.198.183.33'),(2024033014241446,'118.38.51.91'),(2024033117274649,'118.38.51.91'),(2024040111020106,'119.198.183.33'),(2024040210004417,'119.198.183.33'),(2024040223124915,'118.38.54.20'),(2024040309263671,'223.39.211.24'),(2024040313273184,'119.198.183.33'),(2024040313341480,'119.198.183.33'),(2024040314070785,'119.198.183.33'),(2024040314174778,'119.198.183.33'),(2024040322373027,'118.38.54.20'),(2024040412531452,'119.198.183.33'),(2024040419473878,'59.20.41.44'),(2024040509005083,'119.198.183.33'),(2024040615404034,'59.20.41.44'),(2024040814555050,'119.198.183.33'),(2024040909280413,'119.198.183.33'),(2024051314344984,'119.198.183.33'),(2024051413052893,'119.198.183.33'),(2024051914484489,'220.119.211.36'),(2024052111223800,'119.198.183.33'),(2024052209081995,'119.198.183.33'),(2024052311544362,'119.198.183.33'),(2024052409190839,'119.198.183.33'),(2024052716413825,'119.198.183.33'),(2024052809373804,'119.198.183.33'),(2024052813150544,'119.198.183.33'),(2024052813151799,'119.198.183.33'),(2024052813393926,'119.198.183.33'),(2024052910245880,'119.198.183.33'),(2024053009183246,'119.198.183.33'),(2024060310520787,'119.198.183.33'),(2024060403314639,'220.119.211.245'),(2024060409324595,'119.198.183.33'),(2024061013430096,'119.198.183.33'),(2024061110453780,'119.198.183.33'),(2024062112035931,'119.198.183.33'),(2024062711224727,'119.198.183.33'),(2024070309430488,'119.198.183.33'),(2024071411050659,'221.161.130.225'),(2024071509151943,'119.198.183.33'),(2024071609154246,'119.198.183.33'),(2024072021100239,'220.119.221.4'),(2024072213295381,'119.198.183.33'),(2024072215283666,'119.198.183.33'),(2024072221061444,'220.119.221.4'),(2024072308255584,'119.198.183.33'),(2024072511070755,'119.198.183.33'),(2024072609332593,'119.198.183.33'),(2024072813092867,'221.161.130.17');
/*!40000 ALTER TABLE `g5_uniqid` ENABLE KEYS */;
UNLOCK TABLES;

--
-- Table structure for table `g5_visit`
--

DROP TABLE IF EXISTS `g5_visit`;
/*!40101 SET @saved_cs_client     = @@character_set_client */;
/*!40101 SET character_set_client = utf8 */;
CREATE TABLE `g5_visit` (
  `vi_id` int(11) NOT NULL DEFAULT '0',
  `vi_ip` varchar(100) NOT NULL DEFAULT '',
  `vi_date` date NOT NULL DEFAULT '0000-00-00',
  `vi_time` time NOT NULL DEFAULT '00:00:00',
  `vi_referer` text NOT NULL,
  `vi_agent` varchar(200) NOT NULL DEFAULT '',
  `vi_browser` varchar(255) NOT NULL DEFAULT '',
  `vi_os` varchar(255) NOT NULL DEFAULT '',
  `vi_device` varchar(255) NOT NULL DEFAULT '',
  PRIMARY KEY (`vi_id`),
  UNIQUE KEY `index1` (`vi_ip`,`vi_date`),
  KEY `index2` (`vi_date`)
) ENGINE=InnoDB DEFAULT CHARSET=utf8;
/*!40101 SET character_set_client = @saved_cs_client */;

--
-- Dumping data for table `g5_visit`
--

LOCK TABLES `g5_visit` WRITE;
/*!40000 ALTER TABLE `g5_visit` DISABLE KEYS */;
INSERT INTO `g5_visit` VALUES (464,'119.207.72.84','2024-01-30','01:14:27','','Mozilla/5.0 (compatible; MSIE 9.0; Windows NT 6.1; WOW64; Trident/5.0)','','',''),(465,'119.198.183.33','2024-01-30','09:40:28','','Mozilla/5.0 (Windows NT 10.0; Win64; x64) AppleWebKit/537.36 (KHTML, like Gecko) Chrome/121.0.0.0 Safari/537.36 Edg/121.0.0.0','','',''),(466,'34.64.82.72','2024-01-30','09:41:06','','Mozilla/5.0 (compatible; Googlebot/2.1; +http://www.google.com/bot.html)','','',''),(467,'34.64.82.78','2024-01-30','09:41:11','','Mozilla/5.0 (compatible; Googlebot/2.1; +http://www.google.com/bot.html)','','',''),(468,'34.64.82.64','2024-01-30','09:41:23','','Mozilla/5.0 (Linux; Android 6.0.1; Nexus 5X Build/MMB29P) AppleWebKit/537.36 (KHTML, like Gecko) Chrome/121.0.6167.85 Mobile Safari/537.36 (compatible; Googlebot/2.1; +http://www.google.com/bot.html)','','',''),(469,'34.64.82.75','2024-01-30','09:41:25','','Mozilla/5.0 (Linux; Android 6.0.1; Nexus 5X Build/MMB29P) AppleWebKit/537.36 (KHTML, like Gecko) Chrome/121.0.6167.85 Mobile Safari/537.36 (compatible; Googlebot/2.1; +http://www.google.com/bot.html)','','',''),(470,'52.167.144.238','2024-01-30','14:47:49','','Mozilla/5.0 AppleWebKit/537.36 (KHTML, like Gecko; compatible; bingbot/2.0; +http://www.bing.com/bingbot.htm) Chrome/116.0.1938.76 Safari/537.36','','',''),(471,'222.122.190.40','2024-01-30','20:06:14','','Mozilla/5.0 (Windows NT 10.0; ZumBot/1.0; Win64; x64) AppleWebKit/537.36 (KHTML, like Gecko) Chrome/79.0.3945.130 Safari/537.36','','',''),(472,'14.42.144.29','2024-01-30','22:51:17','https://rnattl1.cafe24.com/bbs/client_complaints.php?this_code=10','Mozilla/5.0 (Windows NT 10.0; Win64; x64) AppleWebKit/537.36 (KHTML, like Gecko) Chrome/121.0.0.0 Safari/537.36','','',''),(473,'119.207.72.84','2024-01-31','01:56:28','','Mozilla/5.0 (compatible; MSIE 9.0; Windows NT 6.1; WOW64; Trident/5.0)','','',''),(474,'119.207.72.198','2024-01-31','02:53:10','','Mozilla/5.0 (Windows NT 10.0; WOW64; Trident/7.0; rv:11.0) like Gecko','','',''),(475,'119.198.183.33','2024-01-31','09:58:38','','Mozilla/5.0 (Windows NT 10.0; Win64; x64) AppleWebKit/537.36 (KHTML, like Gecko) Chrome/121.0.0.0 Safari/537.36 Edg/121.0.0.0','','',''),(476,'14.42.144.29','2024-01-31','19:42:37','','Mozilla/5.0 (Windows NT 10.0; Win64; x64) AppleWebKit/537.36 (KHTML, like Gecko) Chrome/111.0.0.0 Safari/537.36 Edg/111.0.1661.54','','',''),(477,'222.122.190.76','2024-01-31','20:06:29','','Mozilla/5.0 (Windows NT 10.0; ZumBot/1.0; Win64; x64) AppleWebKit/537.36 (KHTML, like Gecko) Chrome/79.0.3945.130 Safari/537.36','','',''),(478,'119.207.72.84','2024-02-01','00:46:09','','Mozilla/5.0 (compatible; MSIE 9.0; Windows NT 6.1; WOW64; Trident/5.0; SLCC2; .NET CLR 2.0.50727; .NET CLR 3.5.30729; .NET CLR 3.0.30729; Media Center PC 6.0; .NET4.0C; InfoPath.3; .NET4.0E)','','',''),(479,'119.198.183.33','2024-02-01','10:13:18','','Mozilla/5.0 (Windows NT 10.0; Win64; x64) AppleWebKit/537.36 (KHTML, like Gecko) Chrome/121.0.0.0 Safari/537.36 Edg/121.0.0.0','','',''),(480,'119.198.166.126','2024-02-01','11:29:03','','Mozilla/5.0 (Windows NT 10.0; Win64; x64) AppleWebKit/537.36 (KHTML, like Gecko) Chrome/120.0.0.0 Safari/537.36 Edg/120.0.0.0','','',''),(481,'110.92.23.121','2024-02-01','11:34:48','','Mozilla/5.0 (compatible; MSIE 9.0; Windows NT 6.1; wow64; Trident/5.0)','','',''),(482,'119.207.72.198','2024-02-01','15:09:03','','Mozilla/5.0 (Windows NT 10.0; WOW64; Trident/7.0; rv:11.0) like Gecko','','',''),(483,'222.122.190.78','2024-02-01','20:06:52','','Mozilla/5.0 (Windows NT 10.0; ZumBot/1.0; Win64; x64) AppleWebKit/537.36 (KHTML, like Gecko) Chrome/79.0.3945.130 Safari/537.36','','',''),(484,'14.42.144.29','2024-02-01','22:25:07','','Mozilla/5.0 (Windows NT 10.0; Win64; x64) AppleWebKit/537.36 (KHTML, like Gecko) Chrome/111.0.0.0 Safari/537.36 Edg/111.0.1661.54','','',''),(485,'119.207.72.84','2024-02-02','01:15:20','','Mozilla/5.0 (compatible; MSIE 9.0; Windows NT 6.1; WOW64; Trident/5.0)','','',''),(486,'112.217.205.154','2024-02-02','06:59:51','','Mozilla/5.0 (Windows NT 10.0; Win64; x64) AppleWebKit/537.36 (KHTML, like Gecko) Chrome/111.0.0.0 Safari/537.36','','',''),(487,'119.198.183.33','2024-02-02','10:13:19','https://rnattl1.cafe24.com/bbs/member.php?this_code=10','Mozilla/5.0 (Windows NT 10.0; Win64; x64) AppleWebKit/537.36 (KHTML, like Gecko) Chrome/121.0.0.0 Safari/537.36 Edg/121.0.0.0','','',''),(488,'222.122.190.51','2024-02-02','20:11:45','','Mozilla/5.0 (Windows NT 10.0; ZumBot/1.0; Win64; x64) AppleWebKit/537.36 (KHTML, like Gecko) Chrome/79.0.3945.130 Safari/537.36','','',''),(489,'119.207.72.197','2024-02-03','03:22:23','','Mozilla/5.0 (Windows NT 10.0; WOW64; Trident/7.0; rv:11.0) like Gecko','','',''),(490,'119.207.72.84','2024-02-03','06:41:35','','Mozilla/4.0 (compatible; MSIE 8.0; Windows NT 5.1; Trident/4.0; InfoPath.2)','','',''),(491,'14.42.144.29','2024-02-03','11:38:20','','Mozilla/5.0 (Windows NT 10.0; Win64; x64) AppleWebKit/537.36 (KHTML, like Gecko) Chrome/121.0.0.0 Safari/537.36','','',''),(492,'222.122.190.73','2024-02-03','20:12:19','','Mozilla/5.0 (Windows NT 10.0; ZumBot/1.0; Win64; x64) AppleWebKit/537.36 (KHTML, like Gecko) Chrome/79.0.3945.130 Safari/537.36','','',''),(493,'119.207.72.84','2024-02-04','08:47:09','','Mozilla/5.0 (compatible; MSIE 9.0; Windows NT 6.1; WOW64; Trident/5.0)','','',''),(494,'119.207.72.197','2024-02-04','15:36:13','','Mozilla/5.0 (Windows NT 10.0; WOW64; Trident/7.0; rv:11.0) like Gecko','','',''),(495,'14.42.144.29','2024-02-04','15:51:18','','Mozilla/5.0 (Windows NT 10.0; Win64; x64) AppleWebKit/537.36 (KHTML, like Gecko) Chrome/121.0.0.0 Safari/537.36','','',''),(496,'222.122.190.77','2024-02-04','20:14:00','','Mozilla/5.0 (Windows NT 10.0; ZumBot/1.0; Win64; x64) AppleWebKit/537.36 (KHTML, like Gecko) Chrome/79.0.3945.130 Safari/537.36','','',''),(497,'119.207.72.84','2024-02-05','05:51:36','','Mozilla/5.0 (compatible; MSIE 10.0; Windows NT 6.2; Trident/6.0)','','',''),(498,'119.198.183.33','2024-02-05','09:18:40','','Mozilla/5.0 (Windows NT 10.0; Win64; x64) AppleWebKit/537.36 (KHTML, like Gecko) Chrome/121.0.0.0 Safari/537.36 Edg/121.0.0.0','','',''),(499,'34.64.82.78','2024-02-05','12:40:07','','Mozilla/5.0 (compatible; Googlebot/2.1; +http://www.google.com/bot.html)','','',''),(500,'222.122.190.48','2024-02-05','20:14:22','','Mozilla/5.0 (Windows NT 10.0; ZumBot/1.0; Win64; x64) AppleWebKit/537.36 (KHTML, like Gecko) Chrome/79.0.3945.130 Safari/537.36','','',''),(501,'17.246.15.194','2024-02-05','22:04:17','http://www.handytool.co.kr/?ckattempt=1','Mozilla/5.0 (Macintosh; Intel Mac OS X 10_15_5) AppleWebKit/605.1.15 (KHTML, like Gecko) Version/13.1.1 Safari/605.1.15 (Applebot/0.1; +http://www.apple.com/go/applebot)','','',''),(502,'119.207.72.84','2024-02-06','01:30:06','','Mozilla/5.0 (compatible; MSIE 9.0; Windows NT 6.1; WOW64; Trident/5.0)','','',''),(503,'119.207.72.197','2024-02-06','03:51:54','','Mozilla/5.0 (Windows NT 10.0; WOW64; Trident/7.0; rv:11.0) like Gecko','','',''),(504,'14.42.144.29','2024-02-06','06:44:45','','Mozilla/5.0 (Windows NT 10.0; Win64; x64) AppleWebKit/537.36 (KHTML, like Gecko) Chrome/111.0.0.0 Safari/537.36 Edg/111.0.1661.54','','',''),(505,'119.198.183.33','2024-02-06','09:18:42','https://rnattl1.cafe24.com/bbs/member_qualification.php?this_code=10','Mozilla/5.0 (Windows NT 10.0; Win64; x64) AppleWebKit/537.36 (KHTML, like Gecko) Chrome/121.0.0.0 Safari/537.36 Edg/121.0.0.0','','',''),(506,'222.122.190.81','2024-02-06','20:14:29','','Mozilla/5.0 (Windows NT 10.0; ZumBot/1.0; Win64; x64) AppleWebKit/537.36 (KHTML, like Gecko) Chrome/79.0.3945.130 Safari/537.36','','',''),(507,'119.207.72.84','2024-02-07','00:13:35','','Mozilla/5.0 (compatible; MSIE 9.0; Windows NT 6.1; WOW64; Trident/5.0; SLCC2; .NET CLR 2.0.50727; .NET CLR 3.5.30729; .NET CLR 3.0.30729; Media Center PC 6.0; .NET4.0C; InfoPath.3; .NET4.0E)','','',''),(508,'119.198.183.33','2024-02-07','09:19:01','https://rnattl1.cafe24.com/?login_level=10','Mozilla/5.0 (Windows NT 10.0; Win64; x64) AppleWebKit/537.36 (KHTML, like Gecko) Chrome/121.0.0.0 Safari/537.36 Edg/121.0.0.0','','',''),(509,'119.198.166.126','2024-02-07','13:38:08','https://rnattl1.cafe24.com/?login_level=5','Mozilla/5.0 (Windows NT 10.0; Win64; x64) AppleWebKit/537.36 (KHTML, like Gecko) Chrome/120.0.0.0 Safari/537.36 Edg/120.0.0.0','','',''),(510,'119.207.72.198','2024-02-07','15:57:13','','Mozilla/5.0 (Windows NT 10.0; WOW64; Trident/7.0; rv:11.0) like Gecko','','',''),(511,'222.122.190.70','2024-02-07','20:18:36','','Mozilla/5.0 (Windows NT 10.0; ZumBot/1.0; Win64; x64) AppleWebKit/537.36 (KHTML, like Gecko) Chrome/79.0.3945.130 Safari/537.36','','',''),(512,'119.207.72.84','2024-02-08','06:08:36','','Mozilla/4.0 (compatible; MSIE 7.0; Windows NT 6.1; WOW64; Trident/5.0; SLCC2; .NET CLR 2.0.50727; .NET CLR 3.5.30729; .NET CLR 3.0.30729; Media Center PC 6.0; .NET4.0C; InfoPath.3; .NET4.0E)','','',''),(513,'222.122.190.48','2024-02-08','20:19:02','','Mozilla/5.0 (Windows NT 10.0; ZumBot/1.0; Win64; x64) AppleWebKit/537.36 (KHTML, like Gecko) Chrome/79.0.3945.130 Safari/537.36','','',''),(514,'119.207.72.84','2024-02-09','00:14:30','','Mozilla/5.0 (compatible; MSIE 9.0; Windows NT 6.1; WOW64; Trident/5.0; SLCC2; .NET CLR 2.0.50727; .NET CLR 3.5.30729; .NET CLR 3.0.30729; Media Center PC 6.0; .NET4.0C; InfoPath.3; .NET4.0E)','','',''),(515,'112.217.205.154','2024-02-09','03:03:53','','Mozilla/5.0 (Windows NT 10.0; Win64; x64) AppleWebKit/537.36 (KHTML, like Gecko) Chrome/111.0.0.0 Safari/537.36','','',''),(516,'119.207.72.197','2024-02-09','04:04:09','','Mozilla/5.0 (Windows NT 10.0; WOW64; Trident/7.0; rv:11.0) like Gecko','','',''),(517,'222.122.190.92','2024-02-09','20:19:18','','Mozilla/5.0 (Windows NT 10.0; ZumBot/1.0; Win64; x64) AppleWebKit/537.36 (KHTML, like Gecko) Chrome/79.0.3945.130 Safari/537.36','','',''),(518,'34.64.82.64','2024-02-09','20:46:28','','Mozilla/5.0 (Linux; Android 6.0.1; Nexus 5X Build/MMB29P) AppleWebKit/537.36 (KHTML, like Gecko) Chrome/121.0.6167.85 Mobile Safari/537.36 (compatible; Googlebot/2.1; +http://www.google.com/bot.html)','','',''),(519,'34.64.82.73','2024-02-09','20:54:30','','Mozilla/5.0 (Linux; Android 6.0.1; Nexus 5X Build/MMB29P) AppleWebKit/537.36 (KHTML, like Gecko) Chrome/121.0.6167.85 Mobile Safari/537.36 (compatible; Googlebot/2.1; +http://www.google.com/bot.html)','','',''),(520,'119.207.72.84','2024-02-10','05:25:52','','Mozilla/4.0 (compatible; MSIE 7.0; Windows NT 6.1; WOW64; Trident/5.0; SLCC2; .NET CLR 2.0.50727; .NET CLR 3.5.30729; .NET CLR 3.0.30729; Media Center PC 6.0; .NET4.0C; InfoPath.3; .NET4.0E)','','',''),(521,'119.207.72.197','2024-02-10','16:13:20','','Mozilla/5.0 (Windows NT 10.0; WOW64; Trident/7.0; rv:11.0) like Gecko','','',''),(522,'222.122.190.70','2024-02-10','20:19:25','','Mozilla/5.0 (Windows NT 10.0; ZumBot/1.0; Win64; x64) AppleWebKit/537.36 (KHTML, like Gecko) Chrome/79.0.3945.130 Safari/537.36','','',''),(523,'119.207.72.84','2024-02-11','07:08:52','','Mozilla/5.0 (compatible; MSIE 10.0; Windows NT 6.2; Trident/6.0)','','',''),(524,'52.167.144.171','2024-02-11','18:44:00','','Mozilla/5.0 AppleWebKit/537.36 (KHTML, like Gecko; compatible; bingbot/2.0; +http://www.bing.com/bingbot.htm) Chrome/116.0.1938.76 Safari/537.36','','',''),(525,'222.122.190.81','2024-02-11','20:19:27','','Mozilla/5.0 (Windows NT 10.0; ZumBot/1.0; Win64; x64) AppleWebKit/537.36 (KHTML, like Gecko) Chrome/79.0.3945.130 Safari/537.36','','',''),(526,'119.207.72.197','2024-02-12','04:10:27','','Mozilla/5.0 (Windows NT 10.0; WOW64; Trident/7.0; rv:11.0) like Gecko','','',''),(527,'119.207.72.84','2024-02-12','06:36:39','','Mozilla/5.0 (compatible; MSIE 9.0; Windows NT 6.1; WOW64; Trident/5.0; SLCC2; .NET CLR 2.0.50727; .NET CLR 3.5.30729; .NET CLR 3.0.30729; Media Center PC 6.0; .NET4.0C; InfoPath.3; .NET4.0E)','','',''),(528,'222.122.190.46','2024-02-12','20:19:48','','Mozilla/5.0 (Windows NT 10.0; ZumBot/1.0; Win64; x64) AppleWebKit/537.36 (KHTML, like Gecko) Chrome/79.0.3945.130 Safari/537.36','','',''),(529,'119.207.72.84','2024-02-13','03:50:22','','Mozilla/5.0 (compatible; MSIE 9.0; Windows NT 6.1; WOW64; Trident/5.0)','','',''),(530,'119.207.72.197','2024-02-13','16:11:55','','Mozilla/5.0 (Windows NT 10.0; WOW64; Trident/7.0; rv:11.0) like Gecko','','',''),(531,'222.122.190.38','2024-02-13','20:20:26','','Mozilla/5.0 (Windows NT 10.0; ZumBot/1.0; Win64; x64) AppleWebKit/537.36 (KHTML, like Gecko) Chrome/79.0.3945.130 Safari/537.36','','',''),(532,'119.207.72.84','2024-02-14','04:48:10','','Mozilla/4.0 (compatible; MSIE 7.0; Windows NT 6.1; WOW64; Trident/5.0; SLCC2; .NET CLR 2.0.50727; .NET CLR 3.5.30729; .NET CLR 3.0.30729; Media Center PC 6.0; .NET4.0C; InfoPath.3; .NET4.0E)','','',''),(533,'222.122.190.75','2024-02-14','20:20:34','','Mozilla/5.0 (Windows NT 10.0; ZumBot/1.0; Win64; x64) AppleWebKit/537.36 (KHTML, like Gecko) Chrome/79.0.3945.130 Safari/537.36','','',''),(534,'119.207.72.84','2024-02-15','03:30:47','','Mozilla/4.0 (compatible; MSIE 8.0; Windows NT 5.1; Trident/4.0; InfoPath.2)','','',''),(535,'119.207.72.197','2024-02-15','04:27:33','','Mozilla/5.0 (Windows NT 10.0; WOW64; Trident/7.0; rv:11.0) like Gecko','','',''),(536,'222.122.190.96','2024-02-15','20:21:02','','Mozilla/5.0 (Windows NT 10.0; ZumBot/1.0; Win64; x64) AppleWebKit/537.36 (KHTML, like Gecko) Chrome/79.0.3945.130 Safari/537.36','','',''),(537,'180.16.55.5','2024-02-16','08:06:53','https://rnattl1.cafe24.com/','Mozilla/5.0 (Windows NT 10.0; Win64; x64) AppleWebKit/537.36 (KHTML, like Gecko) Chrome/121.0.0.0 Safari/537.36','','',''),(538,'158.247.202.75','2024-02-16','08:06:53','https://rnattl1.cafe24.com/','Mozilla/5.0 (Windows NT 10.0; Win64; x64) AppleWebKit/537.36 (KHTML, like Gecko) Chrome/121.0.0.0 Safari/537.36','','',''),(539,'157.55.39.54','2024-02-16','08:25:40','','Mozilla/5.0 AppleWebKit/537.36 (KHTML, like Gecko; compatible; bingbot/2.0; +http://www.bing.com/bingbot.htm) Chrome/116.0.1938.76 Safari/537.36','','',''),(540,'158.247.236.12','2024-02-16','09:26:35','https://rnattl1.cafe24.com/bbs/member.php?this_code=10','Mozilla/5.0 (Windows NT 10.0; Win64; x64) AppleWebKit/537.36 (KHTML, like Gecko) Chrome/121.0.0.0 Safari/537.36','','',''),(541,'119.207.72.84','2024-02-16','11:39:54','','Mozilla/4.0 (compatible; MSIE 8.0; Windows NT 5.1; Trident/4.0; InfoPath.2)','','',''),(542,'119.207.72.197','2024-02-16','16:25:44','','Mozilla/5.0 (Windows NT 10.0; WOW64; Trident/7.0; rv:11.0) like Gecko','','',''),(543,'222.122.190.69','2024-02-16','20:21:21','','Mozilla/5.0 (Windows NT 10.0; ZumBot/1.0; Win64; x64) AppleWebKit/537.36 (KHTML, like Gecko) Chrome/79.0.3945.130 Safari/537.36','','',''),(544,'126.205.234.151','2024-02-16','21:10:15','https://rnattl1.cafe24.com/','Mozilla/5.0 (Windows NT 10.0; Win64; x64) AppleWebKit/537.36 (KHTML, like Gecko) Chrome/121.0.0.0 Safari/537.36 Edg/121.0.0.0','','',''),(545,'141.164.55.229','2024-02-16','21:38:47','https://rnattl1.cafe24.com/?login_level=10','Mozilla/5.0 (Windows NT 10.0; Win64; x64) AppleWebKit/537.36 (KHTML, like Gecko) Chrome/121.0.0.0 Safari/537.36','','',''),(546,'126.157.223.110','2024-02-16','22:19:38','https://rnattl1.cafe24.com/','Mozilla/5.0 (Windows NT 10.0; Win64; x64) AppleWebKit/537.36 (KHTML, like Gecko) Chrome/121.0.0.0 Safari/537.36 Edg/121.0.0.0','','',''),(547,'119.207.72.84','2024-02-17','02:34:37','','Mozilla/5.0 (compatible; MSIE 10.0; Windows NT 6.2; Trident/6.0)','','',''),(548,'222.122.190.53','2024-02-17','20:21:41','','Mozilla/5.0 (Windows NT 10.0; ZumBot/1.0; Win64; x64) AppleWebKit/537.36 (KHTML, like Gecko) Chrome/79.0.3945.130 Safari/537.36','','',''),(549,'119.207.72.84','2024-02-18','02:14:15','','Mozilla/5.0 (compatible; MSIE 9.0; Windows NT 6.1; WOW64; Trident/5.0)','','',''),(550,'119.207.72.198','2024-02-18','04:19:43','','Mozilla/5.0 (Windows NT 10.0; WOW64; Trident/7.0; rv:11.0) like Gecko','','',''),(551,'121.189.37.60','2024-02-18','20:25:32','','Mozilla/5.0 (Windows NT 10.0; ZumBot/1.0; Win64; x64) AppleWebKit/537.36 (KHTML, like Gecko) Chrome/79.0.3945.130 Safari/537.36','','',''),(552,'119.207.72.84','2024-02-19','02:18:59','','Mozilla/5.0 (compatible; MSIE 9.0; Windows NT 6.1; WOW64; Trident/5.0)','','',''),(553,'119.198.183.33','2024-02-19','10:44:22','','Mozilla/5.0 (Windows NT 10.0; Win64; x64) AppleWebKit/537.36 (KHTML, like Gecko) Chrome/121.0.0.0 Safari/537.36 Edg/121.0.0.0','','',''),(554,'119.207.72.198','2024-02-19','16:30:08','','Mozilla/5.0 (Windows NT 10.0; WOW64; Trident/7.0; rv:11.0) like Gecko','','',''),(555,'121.189.37.56','2024-02-19','20:27:09','','Mozilla/5.0 (Windows NT 10.0; ZumBot/1.0; Win64; x64) AppleWebKit/537.36 (KHTML, like Gecko) Chrome/79.0.3945.130 Safari/537.36','','',''),(556,'119.207.72.84','2024-02-20','02:06:45','','Mozilla/5.0 (compatible; MSIE 9.0; Windows NT 6.1; WOW64; Trident/5.0; SLCC2; .NET CLR 2.0.50727; .NET CLR 3.5.30729; .NET CLR 3.0.30729; Media Center PC 6.0; .NET4.0C; InfoPath.3; .NET4.0E)','','',''),(557,'119.198.183.33','2024-02-20','10:44:22','https://rnattl1.cafe24.com/bbs/member_education_list.php?set_idx=1','Mozilla/5.0 (Windows NT 10.0; Win64; x64) AppleWebKit/537.36 (KHTML, like Gecko) Chrome/121.0.0.0 Safari/537.36 Edg/121.0.0.0','','',''),(558,'222.122.190.70','2024-02-20','20:27:24','','Mozilla/5.0 (Windows NT 10.0; ZumBot/1.0; Win64; x64) AppleWebKit/537.36 (KHTML, like Gecko) Chrome/79.0.3945.130 Safari/537.36','','',''),(559,'119.207.72.84','2024-02-21','00:59:06','','Mozilla/5.0 (compatible; MSIE 9.0; Windows NT 6.1; WOW64; Trident/5.0)','','',''),(560,'119.207.72.197','2024-02-21','04:29:32','','Mozilla/5.0 (Windows NT 10.0; WOW64; Trident/7.0; rv:11.0) like Gecko','','',''),(561,'119.198.183.33','2024-02-21','10:44:22','https://rnattl1.cafe24.com/bbs/client_rental.php?this_code=20','Mozilla/5.0 (Windows NT 10.0; Win64; x64) AppleWebKit/537.36 (KHTML, like Gecko) Chrome/121.0.0.0 Safari/537.36 Edg/121.0.0.0','','',''),(562,'222.122.190.112','2024-02-21','20:27:37','','Mozilla/5.0 (Windows NT 10.0; ZumBot/1.0; Win64; x64) AppleWebKit/537.36 (KHTML, like Gecko) Chrome/79.0.3945.130 Safari/537.36','','',''),(563,'119.207.72.84','2024-02-22','02:05:17','','Mozilla/4.0 (compatible; MSIE 6.0; Windows NT 5.1; SV1)','','',''),(564,'119.198.183.33','2024-02-22','11:05:31','','Mozilla/5.0 (Windows NT 10.0; Win64; x64) AppleWebKit/537.36 (KHTML, like Gecko) Chrome/121.0.0.0 Safari/537.36 Edg/121.0.0.0','','',''),(565,'119.207.72.197','2024-02-22','16:10:56','','Mozilla/5.0 (Windows NT 10.0; WOW64; Trident/7.0; rv:11.0) like Gecko','','',''),(566,'222.122.190.75','2024-02-22','20:30:26','','Mozilla/5.0 (Windows NT 10.0; ZumBot/1.0; Win64; x64) AppleWebKit/537.36 (KHTML, like Gecko) Chrome/79.0.3945.130 Safari/537.36','','',''),(567,'118.130.18.100','2024-02-22','21:04:30','','Mozilla/5.0 (Windows NT 10.0; Win64; x64) AppleWebKit/537.36 (KHTML, like Gecko) Chrome/58.0.3029.110 Safari/537.3','','',''),(568,'119.207.72.84','2024-02-23','00:07:06','','Mozilla/5.0 (compatible; MSIE 10.0; Windows NT 6.2; Trident/6.0)','','',''),(569,'119.198.183.33','2024-02-23','13:24:07','https://rnattl1.cafe24.com/bbs/client.php?this_code=20','Mozilla/5.0 (Windows NT 10.0; Win64; x64) AppleWebKit/537.36 (KHTML, like Gecko) Chrome/121.0.0.0 Safari/537.36 Edg/121.0.0.0','','',''),(570,'40.77.167.20','2024-02-23','17:55:35','','Mozilla/5.0 AppleWebKit/537.36 (KHTML, like Gecko; compatible; bingbot/2.0; +http://www.bing.com/bingbot.htm) Chrome/116.0.1938.76 Safari/537.36','','',''),(571,'222.122.190.83','2024-02-23','20:30:37','','Mozilla/5.0 (Windows NT 10.0; ZumBot/1.0; Win64; x64) AppleWebKit/537.36 (KHTML, like Gecko) Chrome/79.0.3945.130 Safari/537.36','','',''),(572,'119.207.72.84','2024-02-24','01:05:17','','Mozilla/5.0 (compatible; MSIE 10.0; Windows NT 6.2; Trident/6.0)','','',''),(573,'119.207.72.198','2024-02-24','03:56:47','','Mozilla/5.0 (Windows NT 10.0; WOW64; Trident/7.0; rv:11.0) like Gecko','','',''),(574,'121.189.37.56','2024-02-24','20:31:11','','Mozilla/5.0 (Windows NT 10.0; ZumBot/1.0; Win64; x64) AppleWebKit/537.36 (KHTML, like Gecko) Chrome/79.0.3945.130 Safari/537.36','','',''),(575,'119.207.72.84','2024-02-25','00:48:53','','Mozilla/4.0 (compatible; MSIE 8.0; Windows NT 5.1; Trident/4.0; InfoPath.2)','','',''),(576,'119.207.72.197','2024-02-25','15:34:02','','Mozilla/5.0 (Windows NT 10.0; WOW64; Trident/7.0; rv:11.0) like Gecko','','',''),(577,'34.64.82.72','2024-02-25','19:22:02','','Mozilla/5.0 (Linux; Android 6.0.1; Nexus 5X Build/MMB29P) AppleWebKit/537.36 (KHTML, like Gecko) Chrome/121.0.6167.139 Mobile Safari/537.36 (compatible; Googlebot/2.1; +http://www.google.com/bot.html)','','',''),(578,'222.122.190.70','2024-02-25','20:31:26','','Mozilla/5.0 (Windows NT 10.0; ZumBot/1.0; Win64; x64) AppleWebKit/537.36 (KHTML, like Gecko) Chrome/79.0.3945.130 Safari/537.36','','',''),(579,'207.46.13.64','2024-02-25','22:08:05','','Mozilla/5.0 AppleWebKit/537.36 (KHTML, like Gecko; compatible; bingbot/2.0; +http://www.bing.com/bingbot.htm) Chrome/116.0.1938.76 Safari/537.36','','',''),(580,'119.207.72.84','2024-02-26','01:01:46','','Mozilla/5.0 (compatible; MSIE 9.0; Windows NT 6.1; WOW64; Trident/5.0)','','',''),(581,'34.64.82.69','2024-02-26','02:17:44','','Mozilla/5.0 (Linux; Android 6.0.1; Nexus 5X Build/MMB29P) AppleWebKit/537.36 (KHTML, like Gecko) Chrome/121.0.6167.139 Mobile Safari/537.36 (compatible; Googlebot/2.1; +http://www.google.com/bot.html)','','',''),(582,'34.64.82.66','2024-02-26','02:19:06','','Mozilla/5.0 (Linux; Android 6.0.1; Nexus 5X Build/MMB29P) AppleWebKit/537.36 (KHTML, like Gecko) Chrome/121.0.6167.139 Mobile Safari/537.36 (compatible; Googlebot/2.1; +http://www.google.com/bot.html)','','',''),(583,'34.64.82.64','2024-02-26','05:58:15','','Mozilla/5.0 (compatible; Googlebot/2.1; +http://www.google.com/bot.html)','','',''),(584,'34.64.82.73','2024-02-26','05:58:22','','Mozilla/5.0 (compatible; Googlebot/2.1; +http://www.google.com/bot.html)','','',''),(585,'119.198.183.33','2024-02-26','10:13:55','','Mozilla/5.0 (Windows NT 10.0; Win64; x64) AppleWebKit/537.36 (KHTML, like Gecko) Chrome/121.0.0.0 Safari/537.36 Edg/121.0.0.0','','',''),(586,'34.64.82.78','2024-02-26','11:41:49','','Mozilla/5.0 (Linux; Android 6.0.1; Nexus 5X Build/MMB29P) AppleWebKit/537.36 (KHTML, like Gecko) Chrome/121.0.6167.139 Mobile Safari/537.36 (compatible; Googlebot/2.1; +http://www.google.com/bot.html)','','',''),(587,'17.241.227.253','2024-02-26','13:24:49','http://www.handytool.co.kr/?ckattempt=1','Mozilla/5.0 (Macintosh; Intel Mac OS X 10_15_5) AppleWebKit/605.1.15 (KHTML, like Gecko) Version/13.1.1 Safari/605.1.15 (Applebot/0.1; +http://www.apple.com/go/applebot)','','',''),(588,'222.122.190.46','2024-02-26','20:31:35','','Mozilla/5.0 (Windows NT 10.0; ZumBot/1.0; Win64; x64) AppleWebKit/537.36 (KHTML, like Gecko) Chrome/79.0.3945.130 Safari/537.36','','',''),(589,'119.207.72.197','2024-02-27','03:09:18','','Mozilla/5.0 (Windows NT 10.0; WOW64; Trident/7.0; rv:11.0) like Gecko','','',''),(590,'119.207.72.84','2024-02-27','03:46:03','','Mozilla/4.0 (compatible; MSIE 7.0; Windows NT 6.1; WOW64; Trident/5.0; SLCC2; .NET CLR 2.0.50727; .NET CLR 3.5.30729; .NET CLR 3.0.30729; Media Center PC 6.0; .NET4.0C; InfoPath.3; .NET4.0E)','','',''),(591,'119.198.183.33','2024-02-27','10:47:59','https://rnattl1.cafe24.com/bbs/work.php?this_code=20','Mozilla/5.0 (Windows NT 10.0; Win64; x64) AppleWebKit/537.36 (KHTML, like Gecko) Chrome/122.0.0.0 Safari/537.36 Edg/122.0.0.0','','',''),(592,'14.42.144.178','2024-02-27','20:06:42','','Mozilla/5.0 (Windows NT 10.0; Win64; x64) AppleWebKit/537.36 (KHTML, like Gecko) Chrome/122.0.0.0 Safari/537.36','','',''),(593,'222.122.190.71','2024-02-27','20:32:42','','Mozilla/5.0 (Windows NT 10.0; ZumBot/1.0; Win64; x64) AppleWebKit/537.36 (KHTML, like Gecko) Chrome/79.0.3945.130 Safari/537.36','','',''),(594,'119.207.72.84','2024-02-28','01:13:44','','Mozilla/5.0 (compatible; MSIE 9.0; Windows NT 6.1; WOW64; Trident/5.0)','','',''),(595,'157.55.39.55','2024-02-28','06:36:15','','Mozilla/5.0 AppleWebKit/537.36 (KHTML, like Gecko; compatible; bingbot/2.0; +http://www.bing.com/bingbot.htm) Chrome/116.0.1938.76 Safari/537.36','','',''),(596,'223.39.216.201','2024-02-28','09:45:33','','Mozilla/5.0 (Windows NT 10.0; Win64; x64) AppleWebKit/537.36 (KHTML, like Gecko) Chrome/121.0.0.0 Safari/537.36 Edg/121.0.0.0','','',''),(597,'223.39.216.142','2024-02-28','09:53:04','https://rnattl1.cafe24.com/?login_level=10','Mozilla/5.0 (Windows NT 10.0; Win64; x64) AppleWebKit/537.36 (KHTML, like Gecko) Chrome/121.0.0.0 Safari/537.36','','',''),(598,'119.198.166.126','2024-02-28','13:28:49','https://rnattl1.cafe24.com/bbs/member.php?this_code=20','Mozilla/5.0 (Windows NT 10.0; Win64; x64) AppleWebKit/537.36 (KHTML, like Gecko) Chrome/121.0.0.0 Safari/537.36','','',''),(599,'119.207.72.197','2024-02-28','14:51:47','','Mozilla/5.0 (Windows NT 10.0; WOW64; Trident/7.0; rv:11.0) like Gecko','','',''),(600,'119.198.183.33','2024-02-28','16:21:13','','Mozilla/5.0 (Windows NT 10.0; Win64; x64) AppleWebKit/537.36 (KHTML, like Gecko) Chrome/122.0.0.0 Safari/537.36','','',''),(601,'222.122.190.53','2024-02-28','20:32:53','','Mozilla/5.0 (Windows NT 10.0; ZumBot/1.0; Win64; x64) AppleWebKit/537.36 (KHTML, like Gecko) Chrome/79.0.3945.130 Safari/537.36','','',''),(602,'14.42.144.178','2024-02-28','20:55:57','https://rnattl1.cafe24.com/?login_level=10','Mozilla/5.0 (Windows NT 10.0; Win64; x64) AppleWebKit/537.36 (KHTML, like Gecko) Chrome/122.0.0.0 Safari/537.36','','',''),(603,'119.207.72.84','2024-02-29','02:36:26','','Mozilla/5.0 (compatible; MSIE 9.0; Windows NT 6.1; WOW64; Trident/5.0)','','',''),(604,'119.198.183.33','2024-02-29','16:21:13','https://rnattl1.cafe24.com/bbs/service_period.php','Mozilla/5.0 (Windows NT 10.0; Win64; x64) AppleWebKit/537.36 (KHTML, like Gecko) Chrome/122.0.0.0 Safari/537.36 Edg/122.0.0.0','','',''),(605,'222.122.190.82','2024-02-29','20:32:56','','Mozilla/5.0 (Windows NT 10.0; ZumBot/1.0; Win64; x64) AppleWebKit/537.36 (KHTML, like Gecko) Chrome/79.0.3945.130 Safari/537.36','','',''),(606,'119.207.72.197','2024-03-01','02:31:47','','Mozilla/5.0 (Windows NT 10.0; WOW64; Trident/7.0; rv:11.0) like Gecko','','',''),(607,'119.207.72.84','2024-03-01','05:42:00','','Mozilla/5.0 (compatible; MSIE 9.0; Windows NT 6.1; WOW64; Trident/5.0)','','',''),(608,'157.55.39.60','2024-03-01','09:15:48','','Mozilla/5.0 AppleWebKit/537.36 (KHTML, like Gecko; compatible; bingbot/2.0; +http://www.bing.com/bingbot.htm) Chrome/116.0.1938.76 Safari/537.36','','',''),(609,'14.42.144.178','2024-03-01','14:44:56','','Mozilla/5.0 (Windows NT 10.0; Win64; x64) AppleWebKit/537.36 (KHTML, like Gecko) Chrome/122.0.0.0 Safari/537.36','','',''),(610,'222.122.190.49','2024-03-01','20:33:38','','Mozilla/5.0 (Windows NT 10.0; ZumBot/1.0; Win64; x64) AppleWebKit/537.36 (KHTML, like Gecko) Chrome/79.0.3945.130 Safari/537.36','','',''),(611,'119.207.72.84','2024-03-02','06:23:26','','Mozilla/4.0 (compatible; MSIE 6.0; Windows NT 5.1; SV1)','','',''),(612,'223.39.217.40','2024-03-02','10:36:56','','Mozilla/5.0 (Linux; Android 10; K) AppleWebKit/537.36 (KHTML, like Gecko) SamsungBrowser/24.0 Chrome/117.0.0.0 Mobile Safari/537.36','','',''),(613,'119.207.72.197','2024-03-02','14:04:07','','Mozilla/5.0 (Windows NT 10.0; WOW64; Trident/7.0; rv:11.0) like Gecko','','',''),(614,'14.42.144.178','2024-03-02','19:07:38','https://rnattl1.cafe24.com/bbs/branch_set.php','Mozilla/5.0 (Windows NT 10.0; Win64; x64) AppleWebKit/537.36 (KHTML, like Gecko) Chrome/122.0.0.0 Safari/537.36','','',''),(615,'40.77.167.79','2024-03-02','20:24:25','','Mozilla/5.0 AppleWebKit/537.36 (KHTML, like Gecko; compatible; bingbot/2.0; +http://www.bing.com/bingbot.htm) Chrome/116.0.1938.76 Safari/537.36','','',''),(616,'222.122.190.115','2024-03-02','20:42:59','','Mozilla/5.0 (Windows NT 10.0; ZumBot/1.0; Win64; x64) AppleWebKit/537.36 (KHTML, like Gecko) Chrome/79.0.3945.130 Safari/537.36','','',''),(617,'119.207.72.84','2024-03-03','04:29:44','','Mozilla/5.0 (compatible; MSIE 9.0; Windows NT 6.1; WOW64; Trident/5.0; SLCC2; .NET CLR 2.0.50727; .NET CLR 3.5.30729; .NET CLR 3.0.30729; Media Center PC 6.0; .NET4.0C; InfoPath.3; .NET4.0E)','','',''),(618,'14.42.144.178','2024-03-03','19:07:41','https://rnattl1.cafe24.com/bbs/service_period.php','Mozilla/5.0 (Windows NT 10.0; Win64; x64) AppleWebKit/537.36 (KHTML, like Gecko) Chrome/122.0.0.0 Safari/537.36','','',''),(619,'222.122.190.66','2024-03-03','20:43:14','','Mozilla/5.0 (Windows NT 10.0; ZumBot/1.0; Win64; x64) AppleWebKit/537.36 (KHTML, like Gecko) Chrome/79.0.3945.130 Safari/537.36','','',''),(620,'119.207.72.84','2024-03-04','00:03:36','','Mozilla/5.0 (compatible; MSIE 9.0; Windows NT 6.1; WOW64; Trident/5.0)','','',''),(621,'119.207.72.197','2024-03-04','01:39:47','','Mozilla/5.0 (Windows NT 10.0; WOW64; Trident/7.0; rv:11.0) like Gecko','','',''),(622,'110.92.23.1','2024-03-04','10:36:38','','Mozilla/5.0 (compatible; MSIE 9.0; Windows NT 6.1; wow64; Trident/5.0)','','',''),(623,'40.77.167.241','2024-03-04','19:54:07','','Mozilla/5.0 AppleWebKit/537.36 (KHTML, like Gecko; compatible; bingbot/2.0; +http://www.bing.com/bingbot.htm) Chrome/116.0.1938.76 Safari/537.36','','',''),(624,'222.122.190.70','2024-03-04','20:43:16','','Mozilla/5.0 (Windows NT 10.0; ZumBot/1.0; Win64; x64) AppleWebKit/537.36 (KHTML, like Gecko) Chrome/79.0.3945.130 Safari/537.36','','',''),(625,'119.207.72.84','2024-03-05','01:35:03','','Mozilla/4.0 (compatible; MSIE 8.0; Windows NT 5.1; Trident/4.0; InfoPath.2)','','',''),(626,'119.207.72.197','2024-03-05','13:51:30','','Mozilla/5.0 (Windows NT 10.0; WOW64; Trident/7.0; rv:11.0) like Gecko','','',''),(627,'14.42.144.178','2024-03-05','19:40:54','','Mozilla/5.0 (Windows NT 10.0; Win64; x64) AppleWebKit/537.36 (KHTML, like Gecko) Chrome/111.0.0.0 Safari/537.36 Edg/111.0.1661.54','','',''),(628,'222.122.190.71','2024-03-05','20:43:34','','Mozilla/5.0 (Windows NT 10.0; ZumBot/1.0; Win64; x64) AppleWebKit/537.36 (KHTML, like Gecko) Chrome/79.0.3945.130 Safari/537.36','','',''),(629,'119.207.72.84','2024-03-06','02:08:40','','Mozilla/5.0 (compatible; MSIE 9.0; Windows NT 6.1; WOW64; Trident/5.0)','','',''),(630,'119.198.183.33','2024-03-06','12:34:37','','Mozilla/5.0 (Windows NT 10.0; Win64; x64) AppleWebKit/537.36 (KHTML, like Gecko) Chrome/122.0.0.0 Safari/537.36 Edg/122.0.0.0','','',''),(631,'14.42.144.178','2024-03-06','20:07:19','','Mozilla/5.0 (Windows NT 10.0; Win64; x64) AppleWebKit/537.36 (KHTML, like Gecko) Chrome/122.0.0.0 Safari/537.36','','',''),(632,'222.122.190.76','2024-03-06','20:44:33','','Mozilla/5.0 (Windows NT 10.0; ZumBot/1.0; Win64; x64) AppleWebKit/537.36 (KHTML, like Gecko) Chrome/79.0.3945.130 Safari/537.36','','',''),(633,'40.77.167.41','2024-03-06','21:02:39','','Mozilla/5.0 AppleWebKit/537.36 (KHTML, like Gecko; compatible; bingbot/2.0; +http://www.bing.com/bingbot.htm) Chrome/116.0.1938.76 Safari/537.36','','',''),(634,'119.207.72.198','2024-03-07','01:52:19','','Mozilla/5.0 (Windows NT 10.0; WOW64; Trident/7.0; rv:11.0) like Gecko','','',''),(635,'119.207.72.84','2024-03-07','11:57:36','','Mozilla/4.0 (compatible; MSIE 6.0; Windows NT 5.1; SV1)','','',''),(636,'119.198.183.33','2024-03-07','12:34:38','https://rnattl1.cafe24.com/bbs/service_period.php','Mozilla/5.0 (Windows NT 10.0; Win64; x64) AppleWebKit/537.36 (KHTML, like Gecko) Chrome/122.0.0.0 Safari/537.36 Edg/122.0.0.0','','',''),(637,'222.122.190.46','2024-03-07','20:50:03','','Mozilla/5.0 (Windows NT 10.0; ZumBot/1.0; Win64; x64) AppleWebKit/537.36 (KHTML, like Gecko) Chrome/79.0.3945.130 Safari/537.36','','',''),(638,'119.207.72.84','2024-03-08','01:26:01','','Mozilla/4.0 (compatible; MSIE 6.0; Windows NT 5.1; SV1)','','',''),(639,'119.198.183.33','2024-03-08','13:07:54','https://rnattl1.cafe24.com/bbs/service_period.php','Mozilla/5.0 (Windows NT 10.0; Win64; x64) AppleWebKit/537.36 (KHTML, like Gecko) Chrome/122.0.0.0 Safari/537.36 Edg/122.0.0.0','','',''),(640,'119.207.72.197','2024-03-08','13:52:35','','Mozilla/5.0 (Windows NT 10.0; WOW64; Trident/7.0; rv:11.0) like Gecko','','',''),(641,'40.77.167.22','2024-03-08','16:51:30','','Mozilla/5.0 AppleWebKit/537.36 (KHTML, like Gecko; compatible; bingbot/2.0; +http://www.bing.com/bingbot.htm) Chrome/116.0.1938.76 Safari/537.36','','',''),(642,'121.189.37.56','2024-03-08','20:50:43','','Mozilla/5.0 (Windows NT 10.0; ZumBot/1.0; Win64; x64) AppleWebKit/537.36 (KHTML, like Gecko) Chrome/79.0.3945.130 Safari/537.36','','',''),(643,'119.207.72.84','2024-03-09','00:49:57','','Mozilla/5.0 (compatible; MSIE 9.0; Windows NT 6.1; WOW64; Trident/5.0; SLCC2; .NET CLR 2.0.50727; .NET CLR 3.5.30729; .NET CLR 3.0.30729; Media Center PC 6.0; .NET4.0C; InfoPath.3; .NET4.0E)','','',''),(644,'118.38.51.91','2024-03-09','14:11:50','','Mozilla/5.0 (Windows NT 10.0; Win64; x64) AppleWebKit/537.36 (KHTML, like Gecko) Chrome/122.0.0.0 Safari/537.36','','',''),(645,'222.122.190.55','2024-03-09','20:53:38','','Mozilla/5.0 (Windows NT 10.0; ZumBot/1.0; Win64; x64) AppleWebKit/537.36 (KHTML, like Gecko) Chrome/79.0.3945.130 Safari/537.36','','',''),(646,'119.207.72.197','2024-03-10','01:46:28','','Mozilla/5.0 (Windows NT 10.0; WOW64; Trident/7.0; rv:11.0) like Gecko','','',''),(647,'119.207.72.84','2024-03-10','06:53:25','','Mozilla/5.0 (compatible; MSIE 10.0; Windows NT 6.2; Trident/6.0)','','',''),(648,'118.38.51.91','2024-03-10','14:12:30','https://rnattl1.cafe24.com/bbs/service_period.php','Mozilla/5.0 (Windows NT 10.0; Win64; x64) AppleWebKit/537.36 (KHTML, like Gecko) Chrome/122.0.0.0 Safari/537.36','','',''),(649,'222.122.190.84','2024-03-10','20:54:13','','Mozilla/5.0 (Windows NT 10.0; ZumBot/1.0; Win64; x64) AppleWebKit/537.36 (KHTML, like Gecko) Chrome/79.0.3945.130 Safari/537.36','','',''),(650,'119.207.72.84','2024-03-11','02:07:42','','Mozilla/5.0 (compatible; MSIE 9.0; Windows NT 6.1; WOW64; Trident/5.0)','','',''),(651,'17.241.75.149','2024-03-11','11:20:58','http://handytool.co.kr/?ckattempt=1','Mozilla/5.0 (Macintosh; Intel Mac OS X 10_15_5) AppleWebKit/605.1.15 (KHTML, like Gecko) Version/13.1.1 Safari/605.1.15 (Applebot/0.1; +http://www.apple.com/go/applebot)','','',''),(652,'119.198.183.33','2024-03-11','11:25:20','','Mozilla/5.0 (Windows NT 10.0; Win64; x64) AppleWebKit/537.36 (KHTML, like Gecko) Chrome/122.0.0.0 Safari/537.36 Edg/122.0.0.0','','',''),(653,'119.207.72.197','2024-03-11','13:26:33','','Mozilla/5.0 (Windows NT 10.0; WOW64; Trident/7.0; rv:11.0) like Gecko','','',''),(654,'118.38.51.91','2024-03-11','19:41:24','','Mozilla/5.0 (Windows NT 10.0; Win64; x64) AppleWebKit/537.36 (KHTML, like Gecko) Chrome/122.0.0.0 Safari/537.36','','',''),(655,'222.122.190.42','2024-03-11','20:54:18','','Mozilla/5.0 (Windows NT 10.0; ZumBot/1.0; Win64; x64) AppleWebKit/537.36 (KHTML, like Gecko) Chrome/79.0.3945.130 Safari/537.36','','',''),(656,'119.207.72.84','2024-03-12','00:04:58','','Mozilla/5.0 (compatible; MSIE 9.0; Windows NT 6.1; WOW64; Trident/5.0; SLCC2; .NET CLR 2.0.50727; .NET CLR 3.5.30729; .NET CLR 3.0.30729; Media Center PC 6.0; .NET4.0C; InfoPath.3; .NET4.0E)','','',''),(657,'119.198.183.33','2024-03-12','11:25:19','https://rnattl1.cafe24.com/?login_level=10','Mozilla/5.0 (Windows NT 10.0; Win64; x64) AppleWebKit/537.36 (KHTML, like Gecko) Chrome/122.0.0.0 Safari/537.36 Edg/122.0.0.0','','',''),(658,'121.189.37.58','2024-03-12','20:54:42','','Mozilla/5.0 (Windows NT 10.0; ZumBot/1.0; Win64; x64) AppleWebKit/537.36 (KHTML, like Gecko) Chrome/79.0.3945.130 Safari/537.36','','',''),(659,'119.207.72.197','2024-03-13','01:29:03','','Mozilla/5.0 (Windows NT 10.0; WOW64; Trident/7.0; rv:11.0) like Gecko','','',''),(660,'119.207.72.84','2024-03-13','01:56:58','','Mozilla/5.0 (compatible; MSIE 9.0; Windows NT 6.1; WOW64; Trident/5.0; SLCC2; .NET CLR 2.0.50727; .NET CLR 3.5.30729; .NET CLR 3.0.30729; Media Center PC 6.0; .NET4.0C; InfoPath.3; .NET4.0E)','','',''),(661,'119.198.183.33','2024-03-13','11:26:10','https://rnattl1.cafe24.com/bbs/member.php?this_code=10','Mozilla/5.0 (Windows NT 10.0; Win64; x64) AppleWebKit/537.36 (KHTML, like Gecko) Chrome/122.0.0.0 Safari/537.36 Edg/122.0.0.0','','',''),(662,'121.189.37.60','2024-03-13','20:58:31','','Mozilla/5.0 (Windows NT 10.0; ZumBot/1.0; Win64; x64) AppleWebKit/537.36 (KHTML, like Gecko) Chrome/79.0.3945.130 Safari/537.36','','',''),(663,'119.207.72.84','2024-03-14','04:45:29','','Mozilla/5.0 (compatible; MSIE 9.0; Windows NT 6.1; WOW64; Trident/5.0)','','',''),(664,'119.207.72.197','2024-03-14','13:31:07','','Mozilla/5.0 (Windows NT 10.0; WOW64; Trident/7.0; rv:11.0) like Gecko','','',''),(665,'222.122.190.42','2024-03-14','20:58:39','','Mozilla/5.0 (Windows NT 10.0; ZumBot/1.0; Win64; x64) AppleWebKit/537.36 (KHTML, like Gecko) Chrome/79.0.3945.130 Safari/537.36','','',''),(666,'119.207.72.84','2024-03-15','05:18:49','','Mozilla/4.0 (compatible; MSIE 6.0; Windows NT 5.1; SV1)','','',''),(667,'222.122.190.48','2024-03-15','20:58:47','','Mozilla/5.0 (Windows NT 10.0; ZumBot/1.0; Win64; x64) AppleWebKit/537.36 (KHTML, like Gecko) Chrome/79.0.3945.130 Safari/537.36','','',''),(668,'119.207.72.197','2024-03-16','01:36:46','','Mozilla/5.0 (Windows NT 10.0; WOW64; Trident/7.0; rv:11.0) like Gecko','','',''),(669,'119.207.72.84','2024-03-16','03:53:58','','Mozilla/5.0 (compatible; MSIE 9.0; Windows NT 6.1; WOW64; Trident/5.0)','','',''),(670,'222.122.190.82','2024-03-16','20:58:54','','Mozilla/5.0 (Windows NT 10.0; ZumBot/1.0; Win64; x64) AppleWebKit/537.36 (KHTML, like Gecko) Chrome/79.0.3945.130 Safari/537.36','','',''),(671,'119.207.72.84','2024-03-17','01:59:50','','Mozilla/4.0 (compatible; MSIE 6.0; Windows NT 5.1; SV1)','','',''),(672,'119.207.72.197','2024-03-17','13:33:12','','Mozilla/5.0 (Windows NT 10.0; WOW64; Trident/7.0; rv:11.0) like Gecko','','',''),(673,'118.38.51.91','2024-03-17','15:13:06','','Mozilla/5.0 (Windows NT 10.0; Win64; x64) AppleWebKit/537.36 (KHTML, like Gecko) Chrome/122.0.0.0 Safari/537.36','','',''),(674,'40.77.167.20','2024-03-17','17:49:35','','Mozilla/5.0 AppleWebKit/537.36 (KHTML, like Gecko; compatible; bingbot/2.0; +http://www.bing.com/bingbot.htm) Chrome/116.0.1938.76 Safari/537.36','','',''),(675,'222.122.190.38','2024-03-17','20:59:02','','Mozilla/5.0 (Windows NT 10.0; ZumBot/1.0; Win64; x64) AppleWebKit/537.36 (KHTML, like Gecko) Chrome/79.0.3945.130 Safari/537.36','','',''),(676,'119.207.72.84','2024-03-18','05:46:44','','Mozilla/5.0 (compatible; MSIE 9.0; Windows NT 6.1; WOW64; Trident/5.0; SLCC2; .NET CLR 2.0.50727; .NET CLR 3.5.30729; .NET CLR 3.0.30729; Media Center PC 6.0; .NET4.0C; InfoPath.3; .NET4.0E)','','',''),(677,'119.198.183.33','2024-03-18','16:59:34','','Mozilla/5.0 (Windows NT 10.0; Win64; x64) AppleWebKit/537.36 (KHTML, like Gecko) Chrome/122.0.0.0 Safari/537.36 Edg/122.0.0.0','','',''),(678,'222.122.190.51','2024-03-18','20:59:08','','Mozilla/5.0 (Windows NT 10.0; ZumBot/1.0; Win64; x64) AppleWebKit/537.36 (KHTML, like Gecko) Chrome/79.0.3945.130 Safari/537.36','','',''),(679,'119.207.72.84','2024-03-19','00:46:47','','Mozilla/5.0 (compatible; MSIE 9.0; Windows NT 6.1; WOW64; Trident/5.0)','','',''),(680,'119.207.72.198','2024-03-19','01:30:34','','Mozilla/5.0 (Windows NT 10.0; WOW64; Trident/7.0; rv:11.0) like Gecko','','',''),(681,'34.64.82.79','2024-03-19','14:04:49','','Mozilla/5.0 (compatible; Googlebot/2.1; +http://www.google.com/bot.html)','','',''),(682,'119.198.183.33','2024-03-19','16:59:35','https://rnattl1.cafe24.com/bbs/client.php?this_code=10','Mozilla/5.0 (Windows NT 10.0; Win64; x64) AppleWebKit/537.36 (KHTML, like Gecko) Chrome/122.0.0.0 Safari/537.36 Edg/122.0.0.0','','',''),(683,'222.122.190.73','2024-03-19','20:59:41','','Mozilla/5.0 (Windows NT 10.0; ZumBot/1.0; Win64; x64) AppleWebKit/537.36 (KHTML, like Gecko) Chrome/79.0.3945.130 Safari/537.36','','',''),(684,'34.64.82.71','2024-03-19','23:02:17','','Mozilla/5.0 (compatible; Googlebot/2.1; +http://www.google.com/bot.html)','','',''),(685,'34.64.82.75','2024-03-19','23:05:59','','Mozilla/5.0 (compatible; Googlebot/2.1; +http://www.google.com/bot.html)','','',''),(686,'40.77.167.10','2024-03-20','03:29:00','','Mozilla/5.0 AppleWebKit/537.36 (KHTML, like Gecko; compatible; bingbot/2.0; +http://www.bing.com/bingbot.htm) Chrome/116.0.1938.76 Safari/537.36','','',''),(687,'119.207.72.84','2024-03-20','04:23:56','','Mozilla/5.0 (compatible; MSIE 9.0; Windows NT 6.1; WOW64; Trident/5.0)','','',''),(688,'40.77.167.254','2024-03-20','08:04:10','','Mozilla/5.0 AppleWebKit/537.36 (KHTML, like Gecko; compatible; bingbot/2.0; +http://www.bing.com/bingbot.htm) Chrome/116.0.1938.76 Safari/537.36','','',''),(689,'119.207.72.197','2024-03-20','13:40:20','','Mozilla/5.0 (Windows NT 10.0; WOW64; Trident/7.0; rv:11.0) like Gecko','','',''),(690,'119.198.183.33','2024-03-20','16:59:35','https://rnattl1.cafe24.com/bbs/client.php?this_code=10','Mozilla/5.0 (Windows NT 10.0; Win64; x64) AppleWebKit/537.36 (KHTML, like Gecko) Chrome/122.0.0.0 Safari/537.36 Edg/122.0.0.0','','',''),(691,'52.167.144.17','2024-03-20','18:58:03','','Mozilla/5.0 AppleWebKit/537.36 (KHTML, like Gecko; compatible; bingbot/2.0; +http://www.bing.com/bingbot.htm) Chrome/116.0.1938.76 Safari/537.36','','',''),(692,'121.189.37.57','2024-03-20','20:59:56','','Mozilla/5.0 (Windows NT 10.0; ZumBot/1.0; Win64; x64) AppleWebKit/537.36 (KHTML, like Gecko) Chrome/79.0.3945.130 Safari/537.36','','',''),(693,'119.207.72.84','2024-03-21','00:33:23','','Mozilla/5.0 (compatible; MSIE 9.0; Windows NT 6.1; WOW64; Trident/5.0)','','',''),(694,'52.167.144.216','2024-03-21','14:17:45','','Mozilla/5.0 AppleWebKit/537.36 (KHTML, like Gecko; compatible; bingbot/2.0; +http://www.bing.com/bingbot.htm) Chrome/116.0.1938.76 Safari/537.36','','',''),(695,'119.198.183.33','2024-03-21','16:59:35','https://rnattl1.cafe24.com/bbs/client.php?this_code=10','Mozilla/5.0 (Windows NT 10.0; Win64; x64) AppleWebKit/537.36 (KHTML, like Gecko) Chrome/122.0.0.0 Safari/537.36 Edg/122.0.0.0','','',''),(696,'17.22.237.37','2024-03-21','19:12:39','http://www.handytool.co.kr/?ckattempt=1','Mozilla/5.0 (Macintosh; Intel Mac OS X 10_15_5) AppleWebKit/605.1.15 (KHTML, like Gecko) Version/13.1.1 Safari/605.1.15 (Applebot/0.1; +http://www.apple.com/go/applebot)','','',''),(697,'222.122.190.73','2024-03-21','21:03:01','','Mozilla/5.0 (Windows NT 10.0; ZumBot/1.0; Win64; x64) AppleWebKit/537.36 (KHTML, like Gecko) Chrome/79.0.3945.130 Safari/537.36','','',''),(698,'119.207.72.198','2024-03-22','01:43:03','','Mozilla/5.0 (Windows NT 10.0; WOW64; Trident/7.0; rv:11.0) like Gecko','','',''),(699,'119.207.72.84','2024-03-22','01:46:10','','Mozilla/5.0 (compatible; MSIE 9.0; Windows NT 6.1; WOW64; Trident/5.0; SLCC2; .NET CLR 2.0.50727; .NET CLR 3.5.30729; .NET CLR 3.0.30729; Media Center PC 6.0; .NET4.0C; InfoPath.3; .NET4.0E)','','',''),(700,'119.198.183.33','2024-03-22','16:59:35','https://rnattl1.cafe24.com/bbs/client.php?this_code=20','Mozilla/5.0 (Windows NT 10.0; Win64; x64) AppleWebKit/537.36 (KHTML, like Gecko) Chrome/122.0.0.0 Safari/537.36 Edg/122.0.0.0','','',''),(701,'222.122.190.70','2024-03-22','21:03:36','','Mozilla/5.0 (Windows NT 10.0; ZumBot/1.0; Win64; x64) AppleWebKit/537.36 (KHTML, like Gecko) Chrome/79.0.3945.130 Safari/537.36','','',''),(702,'119.207.72.84','2024-03-23','03:02:32','','Mozilla/5.0 (compatible; MSIE 10.0; Windows NT 6.2; Trident/6.0)','','',''),(703,'119.207.72.197','2024-03-23','13:47:50','','Mozilla/5.0 (Windows NT 10.0; WOW64; Trident/7.0; rv:11.0) like Gecko','','',''),(704,'118.38.51.91','2024-03-23','16:30:05','','Mozilla/5.0 (Windows NT 10.0; Win64; x64) AppleWebKit/537.36 (KHTML, like Gecko) Chrome/122.0.0.0 Safari/537.36','','',''),(705,'222.122.190.40','2024-03-23','21:03:44','','Mozilla/5.0 (Windows NT 10.0; ZumBot/1.0; Win64; x64) AppleWebKit/537.36 (KHTML, like Gecko) Chrome/79.0.3945.130 Safari/537.36','','',''),(706,'119.207.72.84','2024-03-24','03:13:40','','Mozilla/4.0 (compatible; MSIE 6.0; Windows NT 5.1; SV1)','','',''),(707,'118.38.51.91','2024-03-24','16:30:27','https://rnattl1.cafe24.com/bbs/client.php?this_code=10','Mozilla/5.0 (Windows NT 10.0; Win64; x64) AppleWebKit/537.36 (KHTML, like Gecko) Chrome/122.0.0.0 Safari/537.36','','',''),(708,'222.122.190.95','2024-03-24','21:03:50','','Mozilla/5.0 (Windows NT 10.0; ZumBot/1.0; Win64; x64) AppleWebKit/537.36 (KHTML, like Gecko) Chrome/79.0.3945.130 Safari/537.36','','',''),(709,'119.207.72.84','2024-03-25','01:44:39','','Mozilla/5.0 (compatible; MSIE 9.0; Windows NT 6.1; WOW64; Trident/5.0)','','',''),(710,'119.207.72.197','2024-03-25','02:00:28','','Mozilla/5.0 (Windows NT 10.0; WOW64; Trident/7.0; rv:11.0) like Gecko','','',''),(711,'118.38.51.91','2024-03-25','16:31:27','https://rnattl1.cafe24.com/bbs/client.php?this_code=10','Mozilla/5.0 (Windows NT 10.0; Win64; x64) AppleWebKit/537.36 (KHTML, like Gecko) Chrome/122.0.0.0 Safari/537.36','','',''),(712,'222.122.190.124','2024-03-25','21:04:27','','Mozilla/5.0 (Windows NT 10.0; ZumBot/1.0; Win64; x64) AppleWebKit/537.36 (KHTML, like Gecko) Chrome/79.0.3945.130 Safari/537.36','','',''),(713,'17.241.219.33','2024-03-25','23:54:10','http://www.handytool.co.kr/','Mozilla/5.0 (Macintosh; Intel Mac OS X 10_15_5) AppleWebKit/605.1.15 (KHTML, like Gecko) Version/13.1.1 Safari/605.1.15 (Applebot/0.1; +http://www.apple.com/go/applebot)','','',''),(714,'119.207.72.84','2024-03-26','01:16:41','','Mozilla/5.0 (compatible; MSIE 9.0; Windows NT 6.1; WOW64; Trident/5.0; SLCC2; .NET CLR 2.0.50727; .NET CLR 3.5.30729; .NET CLR 3.0.30729; Media Center PC 6.0; .NET4.0C; InfoPath.3; .NET4.0E)','','',''),(715,'119.207.72.197','2024-03-26','14:05:51','','Mozilla/5.0 (Windows NT 10.0; WOW64; Trident/7.0; rv:11.0) like Gecko','','',''),(716,'118.38.51.91','2024-03-26','16:31:28','https://rnattl1.cafe24.com/bbs/work.php?this_code=10','Mozilla/5.0 (Windows NT 10.0; Win64; x64) AppleWebKit/537.36 (KHTML, like Gecko) Chrome/123.0.0.0 Safari/537.36','','',''),(717,'222.122.190.44','2024-03-26','21:04:49','','Mozilla/5.0 (Windows NT 10.0; ZumBot/1.0; Win64; x64) AppleWebKit/537.36 (KHTML, like Gecko) Chrome/79.0.3945.130 Safari/537.36','','',''),(718,'119.207.72.84','2024-03-27','05:55:44','','Mozilla/5.0 (compatible; MSIE 9.0; Windows NT 6.1; WOW64; Trident/5.0)','','',''),(719,'119.198.183.33','2024-03-27','09:10:33','','Mozilla/5.0 (Windows NT 10.0; Win64; x64) AppleWebKit/537.36 (KHTML, like Gecko) Chrome/122.0.0.0 Safari/537.36 Edg/122.0.0.0','','',''),(720,'222.122.190.82','2024-03-27','21:05:05','','Mozilla/5.0 (Windows NT 10.0; ZumBot/1.0; Win64; x64) AppleWebKit/537.36 (KHTML, like Gecko) Chrome/79.0.3945.130 Safari/537.36','','',''),(721,'119.207.72.84','2024-03-28','01:34:54','','Mozilla/5.0 (compatible; MSIE 9.0; Windows NT 6.1; WOW64; Trident/5.0)','','',''),(722,'119.207.72.197','2024-03-28','02:10:28','','Mozilla/5.0 (Windows NT 10.0; WOW64; Trident/7.0; rv:11.0) like Gecko','','',''),(723,'119.198.183.33','2024-03-28','10:32:28','','Mozilla/5.0 (Windows NT 10.0; Win64; x64) AppleWebKit/537.36 (KHTML, like Gecko) Chrome/122.0.0.0 Safari/537.36 Edg/122.0.0.0','','',''),(724,'118.38.51.91','2024-03-28','20:28:54','https://rnattl1.cafe24.com/bbs/member.php?this_code=20','Mozilla/5.0 (Windows NT 10.0; Win64; x64) AppleWebKit/537.36 (KHTML, like Gecko) Chrome/123.0.0.0 Safari/537.36','','',''),(725,'222.122.190.46','2024-03-28','21:05:12','','Mozilla/5.0 (Windows NT 10.0; ZumBot/1.0; Win64; x64) AppleWebKit/537.36 (KHTML, like Gecko) Chrome/79.0.3945.130 Safari/537.36','','',''),(726,'119.198.183.33','2024-03-29','10:33:50','','Mozilla/5.0 (Windows NT 10.0; Win64; x64) AppleWebKit/537.36 (KHTML, like Gecko) Chrome/122.0.0.0 Safari/537.36 Edg/122.0.0.0','','',''),(727,'119.207.72.197','2024-03-29','14:18:24','','Mozilla/5.0 (Windows NT 10.0; WOW64; Trident/7.0; rv:11.0) like Gecko','','',''),(728,'121.189.37.58','2024-03-29','21:08:23','','Mozilla/5.0 (Windows NT 10.0; ZumBot/1.0; Win64; x64) AppleWebKit/537.36 (KHTML, like Gecko) Chrome/79.0.3945.130 Safari/537.36','','',''),(729,'118.38.51.91','2024-03-30','13:32:36','https://rnattl1.cafe24.com/bbs/client.php?this_code=10','Mozilla/5.0 (Windows NT 10.0; Win64; x64) AppleWebKit/537.36 (KHTML, like Gecko) Chrome/123.0.0.0 Safari/537.36','','',''),(730,'52.167.144.216','2024-03-30','13:32:40','','Mozilla/5.0 AppleWebKit/537.36 (KHTML, like Gecko; compatible; bingbot/2.0; +http://www.bing.com/bingbot.htm) Chrome/116.0.1938.76 Safari/537.36','','',''),(731,'40.77.167.243','2024-03-30','20:49:49','','Mozilla/5.0 AppleWebKit/537.36 (KHTML, like Gecko; compatible; bingbot/2.0; +http://www.bing.com/bingbot.htm) Chrome/116.0.1938.76 Safari/537.36','','',''),(732,'222.122.190.49','2024-03-30','21:09:23','','Mozilla/5.0 (Windows NT 10.0; ZumBot/1.0; Win64; x64) AppleWebKit/537.36 (KHTML, like Gecko) Chrome/79.0.3945.130 Safari/537.36','','',''),(733,'34.64.82.78','2024-03-31','00:33:32','','Mozilla/5.0 (compatible; Googlebot/2.1; +http://www.google.com/bot.html)','','',''),(734,'34.64.82.71','2024-03-31','00:47:28','','Mozilla/5.0 (compatible; Googlebot/2.1; +http://www.google.com/bot.html)','','',''),(735,'34.64.82.66','2024-03-31','00:49:22','','Mozilla/5.0 (Linux; Android 6.0.1; Nexus 5X Build/MMB29P) AppleWebKit/537.36 (KHTML, like Gecko) Chrome/122.0.6261.94 Mobile Safari/537.36 (compatible; Googlebot/2.1; +http://www.google.com/bot.html)','','',''),(736,'34.64.82.68','2024-03-31','00:49:25','','Mozilla/5.0 (Linux; Android 6.0.1; Nexus 5X Build/MMB29P) AppleWebKit/537.36 (KHTML, like Gecko) Chrome/122.0.6261.94 Mobile Safari/537.36 (compatible; Googlebot/2.1; +http://www.google.com/bot.html)','','',''),(737,'119.207.72.197','2024-03-31','02:25:34','','Mozilla/5.0 (Windows NT 10.0; WOW64; Trident/7.0; rv:11.0) like Gecko','','',''),(738,'106.101.194.20','2024-03-31','04:34:33','','Mozilla/5.0 (Linux; Android 10; K) AppleWebKit/537.36 (KHTML, like Gecko) Chrome/123.0.0.0 Mobile Safari/537.36','','',''),(739,'118.38.51.91','2024-03-31','13:33:18','https://rnattl1.cafe24.com/bbs/work.php?this_code=10','Mozilla/5.0 (Windows NT 10.0; Win64; x64) AppleWebKit/537.36 (KHTML, like Gecko) Chrome/123.0.0.0 Safari/537.36','','',''),(740,'222.122.190.67','2024-03-31','21:09:36','','Mozilla/5.0 (Windows NT 10.0; ZumBot/1.0; Win64; x64) AppleWebKit/537.36 (KHTML, like Gecko) Chrome/79.0.3945.130 Safari/537.36','','',''),(741,'34.64.82.74','2024-04-01','02:50:37','','Mozilla/5.0 (compatible; Googlebot/2.1; +http://www.google.com/bot.html)','','',''),(742,'34.64.82.77','2024-04-01','02:51:23','','Mozilla/5.0 (Linux; Android 6.0.1; Nexus 5X Build/MMB29P) AppleWebKit/537.36 (KHTML, like Gecko) Chrome/99.0.4844.84 Mobile Safari/537.36 (compatible; Googlebot/2.1; +http://www.google.com/bot.html)','','',''),(743,'34.64.82.69','2024-04-01','02:51:23','','Mozilla/5.0 (compatible; Googlebot/2.1; +http://www.google.com/bot.html)','','',''),(744,'34.64.82.67','2024-04-01','02:51:25','','Mozilla/5.0 (Linux; Android 6.0.1; Nexus 5X Build/MMB29P) AppleWebKit/537.36 (KHTML, like Gecko) Chrome/99.0.4844.84 Mobile Safari/537.36 (compatible; Googlebot/2.1; +http://www.google.com/bot.html)','','',''),(745,'110.92.23.61','2024-04-01','10:53:45','','Mozilla/5.0 (compatible; MSIE 9.0; Windows NT 6.1; wow64; Trident/5.0)','','',''),(746,'119.198.183.33','2024-04-01','11:01:56','','Mozilla/5.0 (Windows NT 10.0; Win64; x64) AppleWebKit/537.36 (KHTML, like Gecko) Chrome/122.0.0.0 Safari/537.36 Edg/122.0.0.0','','',''),(747,'119.207.72.197','2024-04-01','14:26:57','','Mozilla/5.0 (Windows NT 10.0; WOW64; Trident/7.0; rv:11.0) like Gecko','','',''),(748,'222.122.190.78','2024-04-01','21:09:51','','Mozilla/5.0 (Windows NT 10.0; ZumBot/1.0; Win64; x64) AppleWebKit/537.36 (KHTML, like Gecko) Chrome/79.0.3945.130 Safari/537.36','','',''),(749,'52.167.144.181','2024-04-02','07:43:31','','Mozilla/5.0 AppleWebKit/537.36 (KHTML, like Gecko; compatible; bingbot/2.0; +http://www.bing.com/bingbot.htm) Chrome/116.0.1938.76 Safari/537.36','','',''),(750,'119.198.183.33','2024-04-02','10:00:38','','Mozilla/5.0 (Windows NT 10.0; Win64; x64) AppleWebKit/537.36 (KHTML, like Gecko) Chrome/123.0.0.0 Safari/537.36 Edg/123.0.0.0','','',''),(751,'34.64.82.79','2024-04-02','12:53:33','','Mozilla/5.0 (Linux; Android 6.0.1; Nexus 5X Build/MMB29P) AppleWebKit/537.36 (KHTML, like Gecko) Chrome/122.0.6261.94 Mobile Safari/537.36 (compatible; Googlebot/2.1; +http://www.google.com/bot.html)','','',''),(752,'34.64.82.74','2024-04-02','12:56:06','','Mozilla/5.0 (Linux; Android 6.0.1; Nexus 5X Build/MMB29P) AppleWebKit/537.36 (KHTML, like Gecko) Chrome/122.0.6261.94 Mobile Safari/537.36 (compatible; Googlebot/2.1; +http://www.google.com/bot.html)','','',''),(753,'17.22.253.103','2024-04-02','15:34:41','http://www.handytool.co.kr/?ckattempt=1','Mozilla/5.0 (Macintosh; Intel Mac OS X 10_15_5) AppleWebKit/605.1.15 (KHTML, like Gecko) Version/13.1.1 Safari/605.1.15 (Applebot/0.1; +http://www.apple.com/go/applebot)','','',''),(754,'222.122.190.83','2024-04-02','21:10:16','','Mozilla/5.0 (Windows NT 10.0; ZumBot/1.0; Win64; x64) AppleWebKit/537.36 (KHTML, like Gecko) Chrome/79.0.3945.130 Safari/537.36','','',''),(755,'34.64.82.69','2024-04-02','22:40:55','','Mozilla/5.0 (Linux; Android 6.0.1; Nexus 5X Build/MMB29P) AppleWebKit/537.36 (KHTML, like Gecko) Chrome/122.0.6261.94 Mobile Safari/537.36 (compatible; Googlebot/2.1; +http://www.google.com/bot.html)','','',''),(756,'34.64.82.72','2024-04-02','22:40:55','','Mozilla/5.0 (Linux; Android 6.0.1; Nexus 5X Build/MMB29P) AppleWebKit/537.36 (KHTML, like Gecko) Chrome/122.0.6261.94 Mobile Safari/537.36 (compatible; Googlebot/2.1; +http://www.google.com/bot.html)','','',''),(757,'40.77.167.28','2024-04-02','22:55:07','','Mozilla/5.0 AppleWebKit/537.36 (KHTML, like Gecko; compatible; bingbot/2.0; +http://www.bing.com/bingbot.htm) Chrome/116.0.1938.76 Safari/537.36','','',''),(758,'118.38.54.20','2024-04-02','23:11:02','','Mozilla/5.0 (Windows NT 10.0; Win64; x64) AppleWebKit/537.36 (KHTML, like Gecko) Chrome/123.0.0.0 Safari/537.36','','',''),(759,'119.207.72.197','2024-04-03','02:26:19','','Mozilla/5.0 (Windows NT 10.0; WOW64; Trident/7.0; rv:11.0) like Gecko','','',''),(760,'40.77.167.143','2024-04-03','06:48:22','','Mozilla/5.0 AppleWebKit/537.36 (KHTML, like Gecko; compatible; bingbot/2.0; +http://www.bing.com/bingbot.htm) Chrome/116.0.1938.76 Safari/537.36','','',''),(761,'223.39.211.24','2024-04-03','09:26:31','','Mozilla/5.0 (Windows NT 10.0; Win64; x64) AppleWebKit/537.36 (KHTML, like Gecko) Chrome/121.0.0.0 Safari/537.36','','',''),(762,'119.198.183.33','2024-04-03','13:27:12','','Mozilla/5.0 (Windows NT 10.0; Win64; x64) AppleWebKit/537.36 (KHTML, like Gecko) Chrome/123.0.0.0 Safari/537.36 Edg/123.0.0.0','','',''),(763,'222.122.190.80','2024-04-03','21:10:42','','Mozilla/5.0 (Windows NT 10.0; ZumBot/1.0; Win64; x64) AppleWebKit/537.36 (KHTML, like Gecko) Chrome/79.0.3945.130 Safari/537.36','','',''),(764,'52.167.144.191','2024-04-03','21:18:42','','Mozilla/5.0 AppleWebKit/537.36 (KHTML, like Gecko; compatible; bingbot/2.0; +http://www.bing.com/bingbot.htm) Chrome/116.0.1938.76 Safari/537.36','','',''),(765,'118.38.54.20','2024-04-03','23:11:03','https://rnattl1.cafe24.com/bbs/work.php?this_code=20','Mozilla/5.0 (Windows NT 10.0; Win64; x64) AppleWebKit/537.36 (KHTML, like Gecko) Chrome/123.0.0.0 Safari/537.36','','',''),(766,'52.167.144.228','2024-04-04','08:18:02','','Mozilla/5.0 AppleWebKit/537.36 (KHTML, like Gecko; compatible; bingbot/2.0; +http://www.bing.com/bingbot.htm) Chrome/116.0.1938.76 Safari/537.36','','',''),(767,'119.198.183.33','2024-04-04','13:34:06','https://rnattl1.cafe24.com/bbs/client.php?this_code=20','Mozilla/5.0 (Windows NT 10.0; Win64; x64) AppleWebKit/537.36 (KHTML, like Gecko) Chrome/123.0.0.0 Safari/537.36','','',''),(768,'119.207.72.197','2024-04-04','14:35:02','','Mozilla/5.0 (Windows NT 10.0; WOW64; Trident/7.0; rv:11.0) like Gecko','','',''),(769,'59.20.41.44','2024-04-04','19:10:16','https://rnattl1.cafe24.com/bbs/client.php?this_code=10','Mozilla/5.0 (Windows NT 10.0; Win64; x64) AppleWebKit/537.36 (KHTML, like Gecko) Chrome/123.0.0.0 Safari/537.36','','',''),(770,'121.189.37.57','2024-04-04','21:11:02','','Mozilla/5.0 (Windows NT 10.0; ZumBot/1.0; Win64; x64) AppleWebKit/537.36 (KHTML, like Gecko) Chrome/79.0.3945.130 Safari/537.36','','',''),(771,'34.64.82.68','2024-04-05','11:26:12','','Mozilla/5.0 (Linux; Android 6.0.1; Nexus 5X Build/MMB29P) AppleWebKit/537.36 (KHTML, like Gecko) Chrome/122.0.6261.94 Mobile Safari/537.36 (compatible; Googlebot/2.1; +http://www.google.com/bot.html)','','',''),(772,'34.64.82.74','2024-04-05','11:26:20','','Mozilla/5.0 (Linux; Android 6.0.1; Nexus 5X Build/MMB29P) AppleWebKit/537.36 (KHTML, like Gecko) Chrome/122.0.6261.94 Mobile Safari/537.36 (compatible; Googlebot/2.1; +http://www.google.com/bot.html)','','',''),(773,'119.198.183.33','2024-04-05','13:34:07','https://rnattl1.cafe24.com/bbs/client.php?this_code=20','Mozilla/5.0 (Windows NT 10.0; Win64; x64) AppleWebKit/537.36 (KHTML, like Gecko) Chrome/123.0.0.0 Safari/537.36 Edg/123.0.0.0','','',''),(774,'34.64.82.66','2024-04-05','16:20:30','','Mozilla/5.0 (Linux; Android 6.0.1; Nexus 5X Build/MMB29P) AppleWebKit/537.36 (KHTML, like Gecko) Chrome/122.0.6261.94 Mobile Safari/537.36 (compatible; Googlebot/2.1; +http://www.google.com/bot.html)','','',''),(775,'34.64.82.77','2024-04-05','16:20:31','','Mozilla/5.0 (Linux; Android 6.0.1; Nexus 5X Build/MMB29P) AppleWebKit/537.36 (KHTML, like Gecko) Chrome/122.0.6261.94 Mobile Safari/537.36 (compatible; Googlebot/2.1; +http://www.google.com/bot.html)','','',''),(776,'59.20.41.44','2024-04-05','19:51:09','https://rnattl1.cafe24.com/bbs/work.php?this_code=10','Mozilla/5.0 (Windows NT 10.0; Win64; x64) AppleWebKit/537.36 (KHTML, like Gecko) Chrome/123.0.0.0 Safari/537.36','','',''),(777,'121.189.37.57','2024-04-05','21:11:31','','Mozilla/5.0 (Windows NT 10.0; ZumBot/1.0; Win64; x64) AppleWebKit/537.36 (KHTML, like Gecko) Chrome/79.0.3945.130 Safari/537.36','','',''),(778,'119.207.72.197','2024-04-06','02:33:02','','Mozilla/5.0 (Windows NT 10.0; WOW64; Trident/7.0; rv:11.0) like Gecko','','',''),(779,'59.20.41.44','2024-04-06','19:51:12','https://rnattl1.cafe24.com/bbs/work.php?this_code=20','Mozilla/5.0 (Windows NT 10.0; Win64; x64) AppleWebKit/537.36 (KHTML, like Gecko) Chrome/123.0.0.0 Safari/537.36','','',''),(780,'222.122.190.92','2024-04-06','21:12:06','','Mozilla/5.0 (Windows NT 10.0; ZumBot/1.0; Win64; x64) AppleWebKit/537.36 (KHTML, like Gecko) Chrome/79.0.3945.130 Safari/537.36','','',''),(781,'52.167.144.217','2024-04-07','05:19:40','','Mozilla/5.0 AppleWebKit/537.36 (KHTML, like Gecko; compatible; bingbot/2.0; +http://www.bing.com/bingbot.htm) Chrome/116.0.1938.76 Safari/537.36','','',''),(782,'119.207.72.197','2024-04-07','14:32:25','','Mozilla/5.0 (Windows NT 10.0; WOW64; Trident/7.0; rv:11.0) like Gecko','','',''),(783,'34.64.82.64','2024-04-07','16:02:41','','Mozilla/5.0 (Linux; Android 6.0.1; Nexus 5X Build/MMB29P) AppleWebKit/537.36 (KHTML, like Gecko) Chrome/122.0.6261.94 Mobile Safari/537.36 (compatible; Googlebot/2.1; +http://www.google.com/bot.html)','','',''),(784,'34.64.82.73','2024-04-07','16:02:42','','Mozilla/5.0 (Linux; Android 6.0.1; Nexus 5X Build/MMB29P) AppleWebKit/537.36 (KHTML, like Gecko) Chrome/122.0.6261.94 Mobile Safari/537.36 (compatible; Googlebot/2.1; +http://www.google.com/bot.html)','','',''),(785,'59.20.41.44','2024-04-07','19:52:05','https://rnattl1.cafe24.com/bbs/work.php?this_code=10','Mozilla/5.0 (Windows NT 10.0; Win64; x64) AppleWebKit/537.36 (KHTML, like Gecko) Chrome/123.0.0.0 Safari/537.36','','',''),(786,'222.122.190.79','2024-04-07','21:12:12','','Mozilla/5.0 (Windows NT 10.0; ZumBot/1.0; Win64; x64) AppleWebKit/537.36 (KHTML, like Gecko) Chrome/79.0.3945.130 Safari/537.36','','',''),(787,'119.198.183.33','2024-04-08','14:55:17','','Mozilla/5.0 (Windows NT 10.0; Win64; x64) AppleWebKit/537.36 (KHTML, like Gecko) Chrome/123.0.0.0 Safari/537.36 Edg/123.0.0.0','','',''),(788,'121.189.37.49','2024-04-08','21:12:42','','Mozilla/5.0 (Windows NT 10.0; ZumBot/1.0; Win64; x64) AppleWebKit/537.36 (KHTML, like Gecko) Chrome/79.0.3945.130 Safari/537.36','','',''),(789,'40.77.167.136','2024-04-08','22:59:42','','Mozilla/5.0 AppleWebKit/537.36 (KHTML, like Gecko; compatible; bingbot/2.0; +http://www.bing.com/bingbot.htm) Chrome/116.0.1938.76 Safari/537.36','','',''),(790,'119.207.72.197','2024-04-09','02:34:25','','Mozilla/5.0 (Windows NT 10.0; WOW64; Trident/7.0; rv:11.0) like Gecko','','',''),(791,'59.20.41.44','2024-04-09','07:02:06','https://rnattl1.cafe24.com/bbs/service_period.php','Mozilla/5.0 (Windows NT 10.0; Win64; x64) AppleWebKit/537.36 (KHTML, like Gecko) Chrome/123.0.0.0 Safari/537.36','','',''),(792,'222.122.190.66','2024-04-09','21:13:00','','Mozilla/5.0 (Windows NT 10.0; ZumBot/1.0; Win64; x64) AppleWebKit/537.36 (KHTML, like Gecko) Chrome/79.0.3945.130 Safari/537.36','','',''),(793,'119.207.72.198','2024-04-10','14:29:13','','Mozilla/5.0 (Windows NT 10.0; WOW64; Trident/7.0; rv:11.0) like Gecko','','',''),(794,'40.77.167.78','2024-04-10','17:54:36','','Mozilla/5.0 AppleWebKit/537.36 (KHTML, like Gecko; compatible; bingbot/2.0; +http://www.bing.com/bingbot.htm) Chrome/116.0.1938.76 Safari/537.36','','',''),(795,'222.122.190.49','2024-04-10','21:13:15','','Mozilla/5.0 (Windows NT 10.0; ZumBot/1.0; Win64; x64) AppleWebKit/537.36 (KHTML, like Gecko) Chrome/79.0.3945.130 Safari/537.36','','',''),(796,'40.77.167.62','2024-04-10','23:00:37','','Mozilla/5.0 AppleWebKit/537.36 (KHTML, like Gecko; compatible; bingbot/2.0; +http://www.bing.com/bingbot.htm) Chrome/116.0.1938.76 Safari/537.36','','',''),(797,'40.77.167.16','2024-04-11','11:06:46','','Mozilla/5.0 AppleWebKit/537.36 (KHTML, like Gecko; compatible; bingbot/2.0; +http://www.bing.com/bingbot.htm) Chrome/116.0.1938.76 Safari/537.36','','',''),(798,'40.77.167.25','2024-04-11','14:04:03','','Mozilla/5.0 AppleWebKit/537.36 (KHTML, like Gecko; compatible; bingbot/2.0; +http://www.bing.com/bingbot.htm) Chrome/116.0.1938.76 Safari/537.36','','',''),(799,'222.122.190.105','2024-04-11','21:13:23','','Mozilla/5.0 (Windows NT 10.0; ZumBot/1.0; Win64; x64) AppleWebKit/537.36 (KHTML, like Gecko) Chrome/79.0.3945.130 Safari/537.36','','',''),(800,'119.207.72.197','2024-04-12','02:19:58','','Mozilla/5.0 (Windows NT 10.0; WOW64; Trident/7.0; rv:11.0) like Gecko','','',''),(801,'222.122.190.79','2024-04-12','21:13:47','','Mozilla/5.0 (Windows NT 10.0; ZumBot/1.0; Win64; x64) AppleWebKit/537.36 (KHTML, like Gecko) Chrome/79.0.3945.130 Safari/537.36','','',''),(802,'119.207.72.197','2024-04-13','14:12:14','','Mozilla/5.0 (Windows NT 10.0; WOW64; Trident/7.0; rv:11.0) like Gecko','','',''),(803,'222.122.190.79','2024-04-13','21:14:00','','Mozilla/5.0 (Windows NT 10.0; ZumBot/1.0; Win64; x64) AppleWebKit/537.36 (KHTML, like Gecko) Chrome/79.0.3945.130 Safari/537.36','','',''),(804,'222.122.190.49','2024-04-14','21:14:17','','Mozilla/5.0 (Windows NT 10.0; ZumBot/1.0; Win64; x64) AppleWebKit/537.36 (KHTML, like Gecko) Chrome/79.0.3945.130 Safari/537.36','','',''),(805,'119.207.72.197','2024-04-15','02:03:27','','Mozilla/5.0 (Windows NT 10.0; WOW64; Trident/7.0; rv:11.0) like Gecko','','',''),(806,'40.77.167.25','2024-04-15','06:15:20','','Mozilla/5.0 AppleWebKit/537.36 (KHTML, like Gecko; compatible; bingbot/2.0; +http://www.bing.com/bingbot.htm) Chrome/116.0.1938.76 Safari/537.36','','',''),(807,'52.167.144.212','2024-04-15','07:45:10','','Mozilla/5.0 AppleWebKit/537.36 (KHTML, like Gecko; compatible; bingbot/2.0; +http://www.bing.com/bingbot.htm) Chrome/116.0.1938.76 Safari/537.36','','',''),(808,'220.119.211.95','2024-04-15','09:43:08','','Mozilla/5.0 (Windows NT 10.0; Win64; x64) AppleWebKit/537.36 (KHTML, like Gecko) Chrome/123.0.0.0 Safari/537.36','','',''),(809,'175.208.134.153','2024-04-15','13:55:14','','Mozilla/5.0 (Windows NT 10.0; Win64; x64) AppleWebKit/537.36 (KHTML, like Gecko) Chrome/99.0.4844.84 Safari/537.36','','',''),(810,'222.122.190.40','2024-04-15','21:14:37','','Mozilla/5.0 (Windows NT 10.0; ZumBot/1.0; Win64; x64) AppleWebKit/537.36 (KHTML, like Gecko) Chrome/79.0.3945.130 Safari/537.36','','',''),(811,'119.207.72.197','2024-04-16','13:49:32','','Mozilla/5.0 (Windows NT 10.0; WOW64; Trident/7.0; rv:11.0) like Gecko','','',''),(812,'222.122.190.80','2024-04-16','21:14:58','','Mozilla/5.0 (Windows NT 10.0; ZumBot/1.0; Win64; x64) AppleWebKit/537.36 (KHTML, like Gecko) Chrome/79.0.3945.130 Safari/537.36','','',''),(813,'222.122.190.38','2024-04-17','21:15:28','','Mozilla/5.0 (Windows NT 10.0; ZumBot/1.0; Win64; x64) AppleWebKit/537.36 (KHTML, like Gecko) Chrome/79.0.3945.130 Safari/537.36','','',''),(814,'34.64.82.65','2024-04-18','00:10:43','','Mozilla/5.0 (Linux; Android 6.0.1; Nexus 5X Build/MMB29P) AppleWebKit/537.36 (KHTML, like Gecko) Chrome/122.0.6261.94 Mobile Safari/537.36 (compatible; Googlebot/2.1; +http://www.google.com/bot.html)','','',''),(815,'34.64.82.78','2024-04-18','00:14:56','','Mozilla/5.0 (compatible; Googlebot/2.1; +http://www.google.com/bot.html)','','',''),(816,'34.64.82.77','2024-04-18','00:16:22','','Mozilla/5.0 (compatible; Googlebot/2.1; +http://www.google.com/bot.html)','','',''),(817,'119.207.72.197','2024-04-18','01:38:08','','Mozilla/5.0 (Windows NT 10.0; WOW64; Trident/7.0; rv:11.0) like Gecko','','',''),(818,'222.122.190.70','2024-04-18','21:15:46','','Mozilla/5.0 (Windows NT 10.0; ZumBot/1.0; Win64; x64) AppleWebKit/537.36 (KHTML, like Gecko) Chrome/79.0.3945.130 Safari/537.36','','',''),(819,'119.207.72.197','2024-04-19','13:30:26','','Mozilla/5.0 (Windows NT 10.0; WOW64; Trident/7.0; rv:11.0) like Gecko','','',''),(820,'222.122.190.53','2024-04-19','21:19:46','','Mozilla/5.0 (Windows NT 10.0; ZumBot/1.0; Win64; x64) AppleWebKit/537.36 (KHTML, like Gecko) Chrome/79.0.3945.130 Safari/537.36','','',''),(821,'40.77.167.78','2024-04-19','21:48:43','','Mozilla/5.0 AppleWebKit/537.36 (KHTML, like Gecko; compatible; bingbot/2.0; +http://www.bing.com/bingbot.htm) Chrome/116.0.1938.76 Safari/537.36','','',''),(822,'40.77.167.33','2024-04-19','23:13:37','','Mozilla/5.0 AppleWebKit/537.36 (KHTML, like Gecko; compatible; bingbot/2.0; +http://www.bing.com/bingbot.htm) Chrome/116.0.1938.76 Safari/537.36','','',''),(823,'52.167.144.233','2024-04-20','07:44:20','','Mozilla/5.0 AppleWebKit/537.36 (KHTML, like Gecko; compatible; bingbot/2.0; +http://www.bing.com/bingbot.htm) Chrome/116.0.1938.76 Safari/537.36','','',''),(824,'222.122.190.81','2024-04-20','21:20:06','','Mozilla/5.0 (Windows NT 10.0; ZumBot/1.0; Win64; x64) AppleWebKit/537.36 (KHTML, like Gecko) Chrome/79.0.3945.130 Safari/537.36','','',''),(825,'61.249.93.105','2024-04-21','01:06:41','','Mozilla/5.0 (Windows NT 10.0; Win64; x64) AppleWebKit/537.36 (KHTML, like Gecko) Chrome/71.0.3578.98 Safari/537.36','','',''),(826,'119.207.72.197','2024-04-21','01:13:13','','Mozilla/5.0 (Windows NT 10.0; WOW64; Trident/7.0; rv:11.0) like Gecko','','',''),(827,'121.189.37.49','2024-04-21','21:20:29','','Mozilla/5.0 (Windows NT 10.0; ZumBot/1.0; Win64; x64) AppleWebKit/537.36 (KHTML, like Gecko) Chrome/79.0.3945.130 Safari/537.36','','',''),(828,'119.207.72.197','2024-04-22','12:56:28','','Mozilla/5.0 (Windows NT 10.0; WOW64; Trident/7.0; rv:11.0) like Gecko','','',''),(829,'211.249.40.3','2024-04-22','16:28:16','','Mozilla/5.0 (iPhone; CPU iPhone OS 16_6 like Mac OS X) AppleWebKit/605.1.15 (KHTML, like Gecko) Version/16.6 Mobile/15E148 Safari/604.1 (compatible; Yeti/1.1; +https://naver.me/spd)','','',''),(830,'222.122.190.78','2024-04-22','21:25:17','','Mozilla/5.0 (Windows NT 10.0; ZumBot/1.0; Win64; x64) AppleWebKit/537.36 (KHTML, like Gecko) Chrome/79.0.3945.130 Safari/537.36','','',''),(831,'34.64.82.79','2024-04-23','04:36:26','','Mozilla/5.0 (Linux; Android 6.0.1; Nexus 5X Build/MMB29P) AppleWebKit/537.36 (KHTML, like Gecko) Chrome/99.0.4844.84 Mobile Safari/537.36 (compatible; Googlebot/2.1; +http://www.google.com/bot.html)','','',''),(832,'34.64.82.73','2024-04-23','04:36:32','','Mozilla/5.0 (Linux; Android 6.0.1; Nexus 5X Build/MMB29P) AppleWebKit/537.36 (KHTML, like Gecko) Chrome/99.0.4844.84 Mobile Safari/537.36 (compatible; Googlebot/2.1; +http://www.google.com/bot.html)','','',''),(833,'34.64.82.77','2024-04-23','04:36:49','','Mozilla/5.0 (compatible; Googlebot/2.1; +http://www.google.com/bot.html)','','',''),(834,'34.64.82.67','2024-04-23','04:36:50','','Mozilla/5.0 (compatible; Googlebot/2.1; +http://www.google.com/bot.html)','','',''),(835,'222.122.190.81','2024-04-23','21:25:41','','Mozilla/5.0 (Windows NT 10.0; ZumBot/1.0; Win64; x64) AppleWebKit/537.36 (KHTML, like Gecko) Chrome/79.0.3945.130 Safari/537.36','','',''),(836,'119.207.72.197','2024-04-24','00:46:34','','Mozilla/5.0 (Windows NT 10.0; WOW64; Trident/7.0; rv:11.0) like Gecko','','',''),(837,'34.64.82.78','2024-04-24','02:41:48','','Mozilla/5.0 (Linux; Android 6.0.1; Nexus 5X Build/MMB29P) AppleWebKit/537.36 (KHTML, like Gecko) Chrome/122.0.6261.94 Mobile Safari/537.36 (compatible; Googlebot/2.1; +http://www.google.com/bot.html)','','',''),(838,'34.64.82.67','2024-04-24','02:41:48','','Mozilla/5.0 (Linux; Android 6.0.1; Nexus 5X Build/MMB29P) AppleWebKit/537.36 (KHTML, like Gecko) Chrome/122.0.6261.94 Mobile Safari/537.36 (compatible; Googlebot/2.1; +http://www.google.com/bot.html)','','',''),(839,'34.64.82.75','2024-04-24','03:26:27','','Mozilla/5.0 (compatible; Googlebot/2.1; +http://www.google.com/bot.html)','','',''),(840,'34.64.82.76','2024-04-24','12:40:13','','Mozilla/5.0 (Linux; Android 6.0.1; Nexus 5X Build/MMB29P) AppleWebKit/537.36 (KHTML, like Gecko) Chrome/122.0.6261.94 Mobile Safari/537.36 (compatible; Googlebot/2.1; +http://www.google.com/bot.html)','','',''),(841,'34.64.82.73','2024-04-24','12:40:14','','Mozilla/5.0 (Linux; Android 6.0.1; Nexus 5X Build/MMB29P) AppleWebKit/537.36 (KHTML, like Gecko) Chrome/122.0.6261.94 Mobile Safari/537.36 (compatible; Googlebot/2.1; +http://www.google.com/bot.html)','','',''),(842,'34.64.82.74','2024-04-24','15:22:41','','Mozilla/5.0 (Linux; Android 6.0.1; Nexus 5X Build/MMB29P) AppleWebKit/537.36 (KHTML, like Gecko) Chrome/122.0.6261.94 Mobile Safari/537.36 (compatible; Googlebot/2.1; +http://www.google.com/bot.html)','','',''),(843,'222.122.190.78','2024-04-24','21:26:35','','Mozilla/5.0 (Windows NT 10.0; ZumBot/1.0; Win64; x64) AppleWebKit/537.36 (KHTML, like Gecko) Chrome/79.0.3945.130 Safari/537.36','','',''),(844,'52.167.144.137','2024-04-25','11:46:03','','Mozilla/5.0 AppleWebKit/537.36 (KHTML, like Gecko; compatible; bingbot/2.0; +http://www.bing.com/bingbot.htm) Chrome/116.0.1938.76 Safari/537.36','','',''),(845,'119.207.72.197','2024-04-25','12:31:10','','Mozilla/5.0 (Windows NT 10.0; WOW64; Trident/7.0; rv:11.0) like Gecko','','',''),(846,'222.122.190.96','2024-04-25','21:26:39','','Mozilla/5.0 (Windows NT 10.0; ZumBot/1.0; Win64; x64) AppleWebKit/537.36 (KHTML, like Gecko) Chrome/79.0.3945.130 Safari/537.36','','',''),(847,'222.122.190.71','2024-04-26','21:26:54','','Mozilla/5.0 (Windows NT 10.0; ZumBot/1.0; Win64; x64) AppleWebKit/537.36 (KHTML, like Gecko) Chrome/79.0.3945.130 Safari/537.36','','',''),(848,'119.207.72.198','2024-04-27','00:15:16','','Mozilla/5.0 (Windows NT 10.0; WOW64; Trident/7.0; rv:11.0) like Gecko','','',''),(849,'40.77.167.70','2024-04-27','06:50:34','','Mozilla/5.0 AppleWebKit/537.36 (KHTML, like Gecko; compatible; bingbot/2.0; +http://www.bing.com/bingbot.htm) Chrome/116.0.1938.76 Safari/537.36','','',''),(850,'40.77.167.235','2024-04-27','19:59:34','','Mozilla/5.0 AppleWebKit/537.36 (KHTML, like Gecko; compatible; bingbot/2.0; +http://www.bing.com/bingbot.htm) Chrome/116.0.1938.76 Safari/537.36','','',''),(851,'222.122.190.38','2024-04-27','21:27:10','','Mozilla/5.0 (Windows NT 10.0; ZumBot/1.0; Win64; x64) AppleWebKit/537.36 (KHTML, like Gecko) Chrome/79.0.3945.130 Safari/537.36','','',''),(852,'119.207.72.197','2024-04-28','12:07:01','','Mozilla/5.0 (Windows NT 10.0; WOW64; Trident/7.0; rv:11.0) like Gecko','','',''),(853,'222.122.190.124','2024-04-28','21:27:31','','Mozilla/5.0 (Windows NT 10.0; ZumBot/1.0; Win64; x64) AppleWebKit/537.36 (KHTML, like Gecko) Chrome/79.0.3945.130 Safari/537.36','','',''),(854,'211.188.197.181','2024-04-29','10:07:26','','Mozilla/5.0 (Linux; Android 9; SAMSUNG SM-G950N Build/PPR1.180610.011) AppleWebKit/537.36 (KHTML, like Gecko) SamsungBrowser/9.2 Chrome/67.0.3396.87 Mobile Safari/537.36','','',''),(855,'222.122.190.38','2024-04-29','21:27:37','','Mozilla/5.0 (Windows NT 10.0; ZumBot/1.0; Win64; x64) AppleWebKit/537.36 (KHTML, like Gecko) Chrome/79.0.3945.130 Safari/537.36','','',''),(856,'119.207.72.197','2024-04-29','23:53:32','','Mozilla/5.0 (Windows NT 10.0; WOW64; Trident/7.0; rv:11.0) like Gecko','','',''),(857,'222.122.190.41','2024-04-30','21:27:43','','Mozilla/5.0 (Windows NT 10.0; ZumBot/1.0; Win64; x64) AppleWebKit/537.36 (KHTML, like Gecko) Chrome/79.0.3945.130 Safari/537.36','','',''),(858,'17.241.227.198','2024-04-30','22:58:35','http://www.handytool.co.kr/?ckattempt=1','Mozilla/5.0 (Macintosh; Intel Mac OS X 10_15_5) AppleWebKit/605.1.15 (KHTML, like Gecko) Version/13.1.1 Safari/605.1.15 (Applebot/0.1; +http://www.apple.com/go/applebot)','','',''),(859,'17.22.237.204','2024-05-01','10:01:22','http://handytool.co.kr/?ckattempt=1','Mozilla/5.0 (Macintosh; Intel Mac OS X 10_15_5) AppleWebKit/605.1.15 (KHTML, like Gecko) Version/13.1.1 Safari/605.1.15 (Applebot/0.1; +http://www.apple.com/go/applebot)','','',''),(860,'34.64.82.64','2024-05-01','10:03:39','','Mozilla/5.0 (Linux; Android 6.0.1; Nexus 5X Build/MMB29P) AppleWebKit/537.36 (KHTML, like Gecko) Chrome/124.0.6367.91 Mobile Safari/537.36 (compatible; Googlebot/2.1; +http://www.google.com/bot.html)','','',''),(861,'34.64.82.78','2024-05-01','10:07:53','','Mozilla/5.0 (compatible; Googlebot/2.1; +http://www.google.com/bot.html)','','',''),(862,'34.64.82.70','2024-05-01','10:08:27','','Mozilla/5.0 (compatible; Googlebot/2.1; +http://www.google.com/bot.html)','','',''),(863,'34.64.82.77','2024-05-01','10:40:44','','Mozilla/5.0 (Linux; Android 6.0.1; Nexus 5X Build/MMB29P) AppleWebKit/537.36 (KHTML, like Gecko) Chrome/124.0.6367.91 Mobile Safari/537.36 (compatible; Googlebot/2.1; +http://www.google.com/bot.html)','','',''),(864,'34.64.82.69','2024-05-01','10:41:22','','Mozilla/5.0 (Linux; Android 6.0.1; Nexus 5X Build/MMB29P) AppleWebKit/537.36 (KHTML, like Gecko) Chrome/124.0.6367.91 Mobile Safari/537.36 (compatible; Googlebot/2.1; +http://www.google.com/bot.html)','','',''),(865,'119.207.72.197','2024-05-01','11:45:04','','Mozilla/5.0 (Windows NT 10.0; WOW64; Trident/7.0; rv:11.0) like Gecko','','',''),(866,'222.122.190.66','2024-05-01','21:27:52','','Mozilla/5.0 (Windows NT 10.0; ZumBot/1.0; Win64; x64) AppleWebKit/537.36 (KHTML, like Gecko) Chrome/79.0.3945.130 Safari/537.36','','',''),(867,'119.198.166.126','2024-05-02','09:21:41','https://rnattl1.cafe24.com/bbs/branch_set.php','Mozilla/5.0 (Windows NT 10.0; Win64; x64) AppleWebKit/537.36 (KHTML, like Gecko) Chrome/121.0.0.0 Safari/537.36','','',''),(868,'110.92.23.101','2024-05-02','10:40:18','','Mozilla/5.0 (compatible; MSIE 9.0; Windows NT 6.1; wow64; Trident/5.0)','','',''),(869,'222.122.190.41','2024-05-02','21:28:11','','Mozilla/5.0 (Windows NT 10.0; ZumBot/1.0; Win64; x64) AppleWebKit/537.36 (KHTML, like Gecko) Chrome/79.0.3945.130 Safari/537.36','','',''),(870,'119.207.72.197','2024-05-02','23:39:39','','Mozilla/5.0 (Windows NT 10.0; WOW64; Trident/7.0; rv:11.0) like Gecko','','',''),(871,'17.241.227.203','2024-05-03','17:52:10','http://handytool.co.kr/?ckattempt=1','Mozilla/5.0 (Macintosh; Intel Mac OS X 10_15_5) AppleWebKit/605.1.15 (KHTML, like Gecko) Version/13.1.1 Safari/605.1.15 (Applebot/0.1; +http://www.apple.com/go/applebot)','','',''),(872,'222.122.190.68','2024-05-03','21:28:23','','Mozilla/5.0 (Windows NT 10.0; ZumBot/1.0; Win64; x64) AppleWebKit/537.36 (KHTML, like Gecko) Chrome/79.0.3945.130 Safari/537.36','','',''),(873,'220.119.211.36','2024-05-04','11:06:52','','Mozilla/5.0 (Windows NT 10.0; Win64; x64) AppleWebKit/537.36 (KHTML, like Gecko) Chrome/124.0.0.0 Safari/537.36','','',''),(874,'119.207.72.197','2024-05-04','11:35:09','','Mozilla/5.0 (Windows NT 10.0; WOW64; Trident/7.0; rv:11.0) like Gecko','','',''),(875,'222.122.190.47','2024-05-04','21:29:09','','Mozilla/5.0 (Windows NT 10.0; ZumBot/1.0; Win64; x64) AppleWebKit/537.36 (KHTML, like Gecko) Chrome/79.0.3945.130 Safari/537.36','','',''),(876,'222.122.190.115','2024-05-05','21:29:19','','Mozilla/5.0 (Windows NT 10.0; ZumBot/1.0; Win64; x64) AppleWebKit/537.36 (KHTML, like Gecko) Chrome/79.0.3945.130 Safari/537.36','','',''),(877,'222.122.190.92','2024-05-06','21:29:32','','Mozilla/5.0 (Windows NT 10.0; ZumBot/1.0; Win64; x64) AppleWebKit/537.36 (KHTML, like Gecko) Chrome/79.0.3945.130 Safari/537.36','','',''),(878,'119.198.183.33','2024-05-13','14:34:19','','Mozilla/5.0 (Windows NT 10.0; Win64; x64) AppleWebKit/537.36 (KHTML, like Gecko) Chrome/124.0.0.0 Safari/537.36 Edg/124.0.0.0','','',''),(879,'222.122.190.37','2024-05-13','21:36:43','','Mozilla/5.0 (Windows NT 10.0; ZumBot/1.0; Win64; x64) AppleWebKit/537.36 (KHTML, like Gecko) Chrome/79.0.3945.130 Safari/537.36','','',''),(880,'119.198.183.33','2024-05-14','14:34:38','https://rnattl1.cafe24.com/bbs/member.php?this_code=10','Mozilla/5.0 (Windows NT 10.0; Win64; x64) AppleWebKit/537.36 (KHTML, like Gecko) Chrome/124.0.0.0 Safari/537.36 Edg/124.0.0.0','','',''),(881,'222.122.190.124','2024-05-14','21:37:12','','Mozilla/5.0 (Windows NT 10.0; ZumBot/1.0; Win64; x64) AppleWebKit/537.36 (KHTML, like Gecko) Chrome/79.0.3945.130 Safari/537.36','','',''),(882,'222.122.190.67','2024-05-15','21:37:16','','Mozilla/5.0 (Windows NT 10.0; ZumBot/1.0; Win64; x64) AppleWebKit/537.36 (KHTML, like Gecko) Chrome/79.0.3945.130 Safari/537.36','','',''),(883,'121.189.37.57','2024-05-16','21:37:31','','Mozilla/5.0 (Windows NT 10.0; ZumBot/1.0; Win64; x64) AppleWebKit/537.36 (KHTML, like Gecko) Chrome/79.0.3945.130 Safari/537.36','','',''),(884,'222.122.190.51','2024-05-17','21:37:59','','Mozilla/5.0 (Windows NT 10.0; ZumBot/1.0; Win64; x64) AppleWebKit/537.36 (KHTML, like Gecko) Chrome/79.0.3945.130 Safari/537.36','','',''),(885,'222.122.190.75','2024-05-18','21:38:25','','Mozilla/5.0 (Windows NT 10.0; ZumBot/1.0; Win64; x64) AppleWebKit/537.36 (KHTML, like Gecko) Chrome/79.0.3945.130 Safari/537.36','','',''),(886,'220.119.211.36','2024-05-19','14:48:38','','Mozilla/5.0 (Windows NT 10.0; Win64; x64) AppleWebKit/537.36 (KHTML, like Gecko) Chrome/124.0.0.0 Safari/537.36','','',''),(887,'222.122.190.53','2024-05-19','21:38:43','','Mozilla/5.0 (Windows NT 10.0; ZumBot/1.0; Win64; x64) AppleWebKit/537.36 (KHTML, like Gecko) Chrome/79.0.3945.130 Safari/537.36','','',''),(888,'220.119.211.36','2024-05-20','14:48:42','https://rnattl1.cafe24.com/bbs/work.php?this_code=10','Mozilla/5.0 (Windows NT 10.0; Win64; x64) AppleWebKit/537.36 (KHTML, like Gecko) Chrome/124.0.0.0 Safari/537.36','','',''),(889,'222.122.190.38','2024-05-20','21:38:52','','Mozilla/5.0 (Windows NT 10.0; ZumBot/1.0; Win64; x64) AppleWebKit/537.36 (KHTML, like Gecko) Chrome/79.0.3945.130 Safari/537.36','','',''),(890,'119.198.183.33','2024-05-21','11:22:33','','Mozilla/5.0 (Windows NT 10.0; Win64; x64) AppleWebKit/537.36 (KHTML, like Gecko) Chrome/124.0.0.0 Safari/537.36 Edg/124.0.0.0','','',''),(891,'220.119.211.36','2024-05-21','19:25:59','https://rnattl1.cafe24.com/bbs/work.php?this_code=10','Mozilla/5.0 (Windows NT 10.0; Win64; x64) AppleWebKit/537.36 (KHTML, like Gecko) Chrome/124.0.0.0 Safari/537.36','','',''),(892,'222.122.190.81','2024-05-21','21:39:08','','Mozilla/5.0 (Windows NT 10.0; ZumBot/1.0; Win64; x64) AppleWebKit/537.36 (KHTML, like Gecko) Chrome/79.0.3945.130 Safari/537.36','','',''),(893,'119.198.183.33','2024-05-22','11:22:55','https://rnattl1.cafe24.com/bbs/work.php?this_code=10','Mozilla/5.0 (Windows NT 10.0; Win64; x64) AppleWebKit/537.36 (KHTML, like Gecko) Chrome/125.0.0.0 Safari/537.36 Edg/125.0.0.0','','',''),(894,'222.122.190.96','2024-05-22','21:40:24','','Mozilla/5.0 (Windows NT 10.0; ZumBot/1.0; Win64; x64) AppleWebKit/537.36 (KHTML, like Gecko) Chrome/79.0.3945.130 Safari/537.36','','',''),(895,'119.198.183.33','2024-05-23','11:54:28','','Mozilla/5.0 (Windows NT 10.0; Win64; x64) AppleWebKit/537.36 (KHTML, like Gecko) Chrome/125.0.0.0 Safari/537.36 Edg/125.0.0.0','','',''),(896,'222.122.190.42','2024-05-23','21:41:22','','Mozilla/5.0 (Windows NT 10.0; ZumBot/1.0; Win64; x64) AppleWebKit/537.36 (KHTML, like Gecko) Chrome/79.0.3945.130 Safari/537.36','','',''),(897,'222.122.190.45','2024-05-24','21:42:57','','Mozilla/5.0 (Windows NT 10.0; ZumBot/1.0; Win64; x64) AppleWebKit/537.36 (KHTML, like Gecko) Chrome/79.0.3945.130 Safari/537.36','','',''),(898,'222.122.190.42','2024-05-25','21:43:20','','Mozilla/5.0 (Windows NT 10.0; ZumBot/1.0; Win64; x64) AppleWebKit/537.36 (KHTML, like Gecko) Chrome/79.0.3945.130 Safari/537.36','','',''),(899,'222.122.190.42','2024-05-26','21:43:41','','Mozilla/5.0 (Windows NT 10.0; ZumBot/1.0; Win64; x64) AppleWebKit/537.36 (KHTML, like Gecko) Chrome/79.0.3945.130 Safari/537.36','','',''),(900,'119.198.183.33','2024-05-27','16:41:33','','Mozilla/5.0 (Windows NT 10.0; Win64; x64) AppleWebKit/537.36 (KHTML, like Gecko) Chrome/125.0.0.0 Safari/537.36 Edg/125.0.0.0','','',''),(901,'222.122.190.124','2024-05-27','21:44:11','','Mozilla/5.0 (Windows NT 10.0; ZumBot/1.0; Win64; x64) AppleWebKit/537.36 (KHTML, like Gecko) Chrome/79.0.3945.130 Safari/537.36','','',''),(902,'119.198.183.33','2024-05-28','13:15:00','','Mozilla/5.0 (Windows NT 10.0; Win64; x64) AppleWebKit/537.36 (KHTML, like Gecko) Chrome/125.0.0.0 Safari/537.36','','',''),(903,'222.122.190.41','2024-05-28','21:44:25','','Mozilla/5.0 (Windows NT 10.0; ZumBot/1.0; Win64; x64) AppleWebKit/537.36 (KHTML, like Gecko) Chrome/79.0.3945.130 Safari/537.36','','',''),(904,'119.198.183.33','2024-05-29','16:41:35','https://rnattl1.cafe24.com/bbs/work.php?this_code=10','Mozilla/5.0 (Windows NT 10.0; Win64; x64) AppleWebKit/537.36 (KHTML, like Gecko) Chrome/125.0.0.0 Safari/537.36 Edg/125.0.0.0','','',''),(905,'222.122.190.77','2024-05-29','21:44:38','','Mozilla/5.0 (Windows NT 10.0; ZumBot/1.0; Win64; x64) AppleWebKit/537.36 (KHTML, like Gecko) Chrome/79.0.3945.130 Safari/537.36','','',''),(906,'222.122.190.37','2024-05-30','21:44:46','','Mozilla/5.0 (Windows NT 10.0; ZumBot/1.0; Win64; x64) AppleWebKit/537.36 (KHTML, like Gecko) Chrome/79.0.3945.130 Safari/537.36','','',''),(907,'119.198.183.33','2024-05-31','09:46:42','','Mozilla/5.0 (Windows NT 10.0; Win64; x64) AppleWebKit/537.36 (KHTML, like Gecko) Chrome/125.0.0.0 Safari/537.36 Edg/125.0.0.0','','',''),(908,'222.122.190.49','2024-05-31','21:47:54','','Mozilla/5.0 (Windows NT 10.0; ZumBot/1.0; Win64; x64) AppleWebKit/537.36 (KHTML, like Gecko) Chrome/79.0.3945.130 Safari/537.36','','',''),(909,'222.122.190.46','2024-06-01','21:48:22','','Mozilla/5.0 (Windows NT 10.0; ZumBot/1.0; Win64; x64) AppleWebKit/537.36 (KHTML, like Gecko) Chrome/79.0.3945.130 Safari/537.36','','',''),(910,'222.122.190.77','2024-06-02','21:49:58','','Mozilla/5.0 (Windows NT 10.0; ZumBot/1.0; Win64; x64) AppleWebKit/537.36 (KHTML, like Gecko) Chrome/79.0.3945.130 Safari/537.36','','',''),(911,'119.198.183.33','2024-06-03','10:51:58','','Mozilla/5.0 (Windows NT 10.0; Win64; x64) AppleWebKit/537.36 (KHTML, like Gecko) Chrome/125.0.0.0 Safari/537.36 Edg/125.0.0.0','','',''),(912,'222.122.190.95','2024-06-03','21:51:10','','Mozilla/5.0 (Windows NT 10.0; ZumBot/1.0; Win64; x64) AppleWebKit/537.36 (KHTML, like Gecko) Chrome/79.0.3945.130 Safari/537.36','','',''),(913,'220.119.211.245','2024-06-04','03:31:41','','Mozilla/5.0 (Windows NT 10.0; Win64; x64) AppleWebKit/537.36 (KHTML, like Gecko) Chrome/125.0.0.0 Safari/537.36','','',''),(914,'119.198.183.33','2024-06-04','10:52:00','https://rnattl1.cafe24.com/bbs/work.php?this_code=20','Mozilla/5.0 (Windows NT 10.0; Win64; x64) AppleWebKit/537.36 (KHTML, like Gecko) Chrome/125.0.0.0 Safari/537.36 Edg/125.0.0.0','','',''),(915,'121.189.37.58','2024-06-04','21:51:30','','Mozilla/5.0 (Windows NT 10.0; ZumBot/1.0; Win64; x64) AppleWebKit/537.36 (KHTML, like Gecko) Chrome/79.0.3945.130 Safari/537.36','','',''),(916,'14.42.144.238','2024-06-04','21:56:36','https://rnattl1.cafe24.com/?login_level=10','Mozilla/5.0 (Windows NT 10.0; Win64; x64) AppleWebKit/537.36 (KHTML, like Gecko) Chrome/125.0.0.0 Safari/537.36','','',''),(917,'222.122.190.46','2024-06-05','21:56:19','','Mozilla/5.0 (Windows NT 10.0; ZumBot/1.0; Win64; x64) AppleWebKit/537.36 (KHTML, like Gecko) Chrome/79.0.3945.130 Safari/537.36','','',''),(918,'222.122.190.37','2024-06-06','22:00:17','','Mozilla/5.0 (Windows NT 10.0; ZumBot/1.0; Win64; x64) AppleWebKit/537.36 (KHTML, like Gecko) Chrome/79.0.3945.130 Safari/537.36','','',''),(919,'222.122.190.66','2024-06-07','22:00:55','','Mozilla/5.0 (Windows NT 10.0; ZumBot/1.0; Win64; x64) AppleWebKit/537.36 (KHTML, like Gecko) Chrome/79.0.3945.130 Safari/537.36','','',''),(920,'222.122.190.50','2024-06-08','22:01:12','','Mozilla/5.0 (Windows NT 10.0; ZumBot/1.0; Win64; x64) AppleWebKit/537.36 (KHTML, like Gecko) Chrome/79.0.3945.130 Safari/537.36','','',''),(921,'222.122.190.92','2024-06-09','22:01:53','','Mozilla/5.0 (Windows NT 10.0; ZumBot/1.0; Win64; x64) AppleWebKit/537.36 (KHTML, like Gecko) Chrome/79.0.3945.130 Safari/537.36','','',''),(922,'119.198.183.33','2024-06-10','13:42:56','','Mozilla/5.0 (Windows NT 10.0; Win64; x64) AppleWebKit/537.36 (KHTML, like Gecko) Chrome/125.0.0.0 Safari/537.36 Edg/125.0.0.0','','',''),(923,'222.122.190.44','2024-06-10','22:03:17','','Mozilla/5.0 (Windows NT 10.0; ZumBot/1.0; Win64; x64) AppleWebKit/537.36 (KHTML, like Gecko) Chrome/79.0.3945.130 Safari/537.36','','',''),(924,'119.198.183.33','2024-06-11','13:43:23','https://rnattl1.cafe24.com/bbs/work.php?this_code=10','Mozilla/5.0 (Windows NT 10.0; Win64; x64) AppleWebKit/537.36 (KHTML, like Gecko) Chrome/125.0.0.0 Safari/537.36 Edg/125.0.0.0','','',''),(925,'222.122.190.95','2024-06-11','22:03:43','','Mozilla/5.0 (Windows NT 10.0; ZumBot/1.0; Win64; x64) AppleWebKit/537.36 (KHTML, like Gecko) Chrome/79.0.3945.130 Safari/537.36','','',''),(926,'222.122.190.53','2024-06-12','22:03:48','','Mozilla/5.0 (Windows NT 10.0; ZumBot/1.0; Win64; x64) AppleWebKit/537.36 (KHTML, like Gecko) Chrome/79.0.3945.130 Safari/537.36','','',''),(927,'222.122.190.92','2024-06-13','22:04:05','','Mozilla/5.0 (Windows NT 10.0; ZumBot/1.0; Win64; x64) AppleWebKit/537.36 (KHTML, like Gecko) Chrome/79.0.3945.130 Safari/537.36','','',''),(928,'222.122.190.55','2024-06-14','22:05:36','','Mozilla/5.0 (Windows NT 10.0; ZumBot/1.0; Win64; x64) AppleWebKit/537.36 (KHTML, like Gecko) Chrome/79.0.3945.130 Safari/537.36','','',''),(929,'222.122.190.80','2024-06-15','22:07:30','','Mozilla/5.0 (Windows NT 10.0; ZumBot/1.0; Win64; x64) AppleWebKit/537.36 (KHTML, like Gecko) Chrome/79.0.3945.130 Safari/537.36','','',''),(930,'222.122.190.82','2024-06-16','22:07:37','','Mozilla/5.0 (Windows NT 10.0; ZumBot/1.0; Win64; x64) AppleWebKit/537.36 (KHTML, like Gecko) Chrome/79.0.3945.130 Safari/537.36','','',''),(931,'222.122.190.49','2024-06-17','22:07:54','','Mozilla/5.0 (Windows NT 10.0; ZumBot/1.0; Win64; x64) AppleWebKit/537.36 (KHTML, like Gecko) Chrome/79.0.3945.130 Safari/537.36','','',''),(932,'222.122.190.69','2024-06-18','22:08:00','','Mozilla/5.0 (Windows NT 10.0; ZumBot/1.0; Win64; x64) AppleWebKit/537.36 (KHTML, like Gecko) Chrome/79.0.3945.130 Safari/537.36','','',''),(933,'222.122.190.73','2024-06-19','22:08:47','','Mozilla/5.0 (Windows NT 10.0; ZumBot/1.0; Win64; x64) AppleWebKit/537.36 (KHTML, like Gecko) Chrome/79.0.3945.130 Safari/537.36','','',''),(934,'222.122.190.49','2024-06-20','22:09:24','','Mozilla/5.0 (Windows NT 10.0; ZumBot/1.0; Win64; x64) AppleWebKit/537.36 (KHTML, like Gecko) Chrome/79.0.3945.130 Safari/537.36','','',''),(935,'119.198.183.33','2024-06-21','12:03:54','','Mozilla/5.0 (Windows NT 10.0; Win64; x64) AppleWebKit/537.36 (KHTML, like Gecko) Chrome/126.0.0.0 Safari/537.36 Edg/126.0.0.0','','',''),(936,'222.122.190.52','2024-06-21','22:09:37','','Mozilla/5.0 (Windows NT 10.0; ZumBot/1.0; Win64; x64) AppleWebKit/537.36 (KHTML, like Gecko) Chrome/79.0.3945.130 Safari/537.36','','',''),(937,'222.122.190.105','2024-06-22','22:10:08','','Mozilla/5.0 (Windows NT 10.0; ZumBot/1.0; Win64; x64) AppleWebKit/537.36 (KHTML, like Gecko) Chrome/79.0.3945.130 Safari/537.36','','',''),(938,'222.122.190.41','2024-06-23','22:10:30','','Mozilla/5.0 (Windows NT 10.0; ZumBot/1.0; Win64; x64) AppleWebKit/537.36 (KHTML, like Gecko) Chrome/79.0.3945.130 Safari/537.36','','',''),(939,'222.122.190.81','2024-06-24','22:10:39','','Mozilla/5.0 (Windows NT 10.0; ZumBot/1.0; Win64; x64) AppleWebKit/537.36 (KHTML, like Gecko) Chrome/79.0.3945.130 Safari/537.36','','',''),(940,'121.189.37.60','2024-06-25','22:10:53','','Mozilla/5.0 (Windows NT 10.0; ZumBot/1.0; Win64; x64) AppleWebKit/537.36 (KHTML, like Gecko) Chrome/79.0.3945.130 Safari/537.36','','',''),(941,'222.122.190.80','2024-06-26','22:11:06','','Mozilla/5.0 (Windows NT 10.0; ZumBot/1.0; Win64; x64) AppleWebKit/537.36 (KHTML, like Gecko) Chrome/79.0.3945.130 Safari/537.36','','',''),(942,'119.198.183.33','2024-06-27','11:22:43','','Mozilla/5.0 (Windows NT 10.0; Win64; x64) AppleWebKit/537.36 (KHTML, like Gecko) Chrome/126.0.0.0 Safari/537.36 Edg/126.0.0.0','','',''),(943,'222.122.190.49','2024-06-27','22:14:46','','Mozilla/5.0 (Windows NT 10.0; ZumBot/1.0; Win64; x64) AppleWebKit/537.36 (KHTML, like Gecko) Chrome/79.0.3945.130 Safari/537.36','','',''),(944,'222.122.190.112','2024-06-28','22:15:31','','Mozilla/5.0 (Windows NT 10.0; ZumBot/1.0; Win64; x64) AppleWebKit/537.36 (KHTML, like Gecko) Chrome/79.0.3945.130 Safari/537.36','','',''),(945,'222.122.190.36','2024-06-29','22:15:40','','Mozilla/5.0 (Windows NT 10.0; ZumBot/1.0; Win64; x64) AppleWebKit/537.36 (KHTML, like Gecko) Chrome/79.0.3945.130 Safari/537.36','','',''),(946,'222.122.190.71','2024-06-30','22:16:57','','Mozilla/5.0 (Windows NT 10.0; ZumBot/1.0; Win64; x64) AppleWebKit/537.36 (KHTML, like Gecko) Chrome/79.0.3945.130 Safari/537.36','','',''),(947,'222.122.190.68','2024-07-01','22:17:08','','Mozilla/5.0 (Windows NT 10.0; ZumBot/1.0; Win64; x64) AppleWebKit/537.36 (KHTML, like Gecko) Chrome/79.0.3945.130 Safari/537.36','','',''),(948,'119.198.183.33','2024-07-03','09:19:32','','Mozilla/5.0 (Windows NT 10.0; Win64; x64) AppleWebKit/537.36 (KHTML, like Gecko) Chrome/126.0.0.0 Safari/537.36 Edg/126.0.0.0','','',''),(949,'221.161.130.225','2024-07-14','07:52:31','','Mozilla/5.0 (Windows NT 10.0; Win64; x64) AppleWebKit/537.36 (KHTML, like Gecko) Chrome/126.0.0.0 Safari/537.36','','',''),(950,'119.198.183.33','2024-07-15','09:15:10','','Mozilla/5.0 (Windows NT 10.0; Win64; x64) AppleWebKit/537.36 (KHTML, like Gecko) Chrome/126.0.0.0 Safari/537.36 Edg/126.0.0.0','','',''),(951,'119.198.183.33','2024-07-16','09:15:36','','Mozilla/5.0 (Windows NT 10.0; Win64; x64) AppleWebKit/537.36 (KHTML, like Gecko) Chrome/126.0.0.0 Safari/537.36 Edg/126.0.0.0','','',''),(952,'220.119.221.4','2024-07-20','21:08:23','','Mozilla/5.0 (Windows NT 10.0; Win64; x64) AppleWebKit/537.36 (KHTML, like Gecko) Chrome/126.0.0.0 Safari/537.36','','',''),(953,'220.119.221.4','2024-07-21','21:08:24','https://gibssample.mycafe24.com/bbs/pay_attendance.php?this_code=20','Mozilla/5.0 (Windows NT 10.0; Win64; x64) AppleWebKit/537.36 (KHTML, like Gecko) Chrome/126.0.0.0 Safari/537.36','','',''),(954,'119.198.183.33','2024-07-22','13:29:46','','Mozilla/5.0 (Windows NT 10.0; Win64; x64) AppleWebKit/537.36 (KHTML, like Gecko) Chrome/126.0.0.0 Safari/537.36 Edg/126.0.0.0','','',''),(955,'220.119.221.4','2024-07-22','21:08:24','https://gibssample.mycafe24.com/bbs/client_recept.php?this_code=20','Mozilla/5.0 (Windows NT 10.0; Win64; x64) AppleWebKit/537.36 (KHTML, like Gecko) Chrome/126.0.0.0 Safari/537.36','','',''),(956,'119.198.183.33','2024-07-23','13:29:46','https://gibssample.mycafe24.com/bbs/client.php?this_code=20','Mozilla/5.0 (Windows NT 10.0; Win64; x64) AppleWebKit/537.36 (KHTML, like Gecko) Chrome/126.0.0.0 Safari/537.36 Edg/126.0.0.0','','',''),(957,'119.198.183.33','2024-07-24','13:29:46','https://gibssample.mycafe24.com/bbs/member.php?this_code=10','Mozilla/5.0 (Windows NT 10.0; Win64; x64) AppleWebKit/537.36 (KHTML, like Gecko) Chrome/126.0.0.0 Safari/537.36 Edg/126.0.0.0','','',''),(958,'119.198.183.33','2024-07-25','13:29:47','https://gibssample.mycafe24.com/bbs/client.php?this_code=20','Mozilla/5.0 (Windows NT 10.0; Win64; x64) AppleWebKit/537.36 (KHTML, like Gecko) Chrome/126.0.0.0 Safari/537.36 Edg/126.0.0.0','','',''),(959,'119.198.183.33','2024-07-26','13:30:37','https://gibssample.mycafe24.com/bbs/work.php?this_code=20','Mozilla/5.0 (Windows NT 10.0; Win64; x64) AppleWebKit/537.36 (KHTML, like Gecko) Chrome/126.0.0.0 Safari/537.36 Edg/126.0.0.0','','',''),(960,'221.161.130.17','2024-07-28','13:09:23','','Mozilla/5.0 (Windows NT 10.0; Win64; x64) AppleWebKit/537.36 (KHTML, like Gecko) Chrome/126.0.0.0 Safari/537.36','','',''),(961,'221.161.130.17','2024-08-02','19:41:48','','Mozilla/5.0 (Windows NT 10.0; Win64; x64) AppleWebKit/537.36 (KHTML, like Gecko) Chrome/127.0.0.0 Safari/537.36','','','');
/*!40000 ALTER TABLE `g5_visit` ENABLE KEYS */;
UNLOCK TABLES;

--
-- Table structure for table `g5_visit_sum`
--

DROP TABLE IF EXISTS `g5_visit_sum`;
/*!40101 SET @saved_cs_client     = @@character_set_client */;
/*!40101 SET character_set_client = utf8 */;
CREATE TABLE `g5_visit_sum` (
  `vs_date` date NOT NULL DEFAULT '0000-00-00',
  `vs_count` int(11) NOT NULL DEFAULT '0',
  PRIMARY KEY (`vs_date`),
  KEY `index1` (`vs_count`)
) ENGINE=InnoDB DEFAULT CHARSET=utf8;
/*!40101 SET character_set_client = @saved_cs_client */;

--
-- Dumping data for table `g5_visit_sum`
--

LOCK TABLES `g5_visit_sum` WRITE;
/*!40000 ALTER TABLE `g5_visit_sum` DISABLE KEYS */;
INSERT INTO `g5_visit_sum` VALUES ('2024-04-14',1),('2024-04-17',1),('2024-04-26',1),('2024-05-05',1),('2024-05-06',1),('2024-05-15',1),('2024-05-16',1),('2024-05-17',1),('2024-05-18',1),('2024-05-24',1),('2024-05-25',1),('2024-05-26',1),('2024-05-30',1),('2024-06-01',1),('2024-06-02',1),('2024-06-05',1),('2024-06-06',1),('2024-06-07',1),('2024-06-08',1),('2024-06-09',1),('2024-06-12',1),('2024-06-13',1),('2024-06-14',1),('2024-06-15',1),('2024-06-16',1),('2024-06-17',1),('2024-06-18',1),('2024-06-19',1),('2024-06-20',1),('2024-06-22',1),('2024-06-23',1),('2024-06-24',1),('2024-06-25',1),('2024-06-26',1),('2024-06-28',1),('2024-06-29',1),('2024-06-30',1),('2024-07-01',1),('2024-07-03',1),('2024-07-14',1),('2024-07-15',1),('2024-07-16',1),('2024-07-20',1),('2024-07-21',1),('2024-07-23',1),('2024-07-24',1),('2024-07-25',1),('2024-07-26',1),('2024-07-28',1),('2024-08-02',1),('2023-11-18',2),('2023-11-23',2),('2024-01-20',2),('2024-02-08',2),('2024-02-14',2),('2024-02-17',2),('2024-03-15',2),('2024-04-12',2),('2024-04-13',2),('2024-04-16',2),('2024-04-20',2),('2024-04-28',2),('2024-04-30',2),('2024-05-03',2),('2024-05-13',2),('2024-05-14',2),('2024-05-19',2),('2024-05-20',2),('2024-05-22',2),('2024-05-23',2),('2024-05-27',2),('2024-05-28',2),('2024-05-29',2),('2024-05-31',2),('2024-06-03',2),('2024-06-10',2),('2024-06-11',2),('2024-06-21',2),('2024-06-27',2),('2024-07-22',2),('2023-10-30',3),('2023-11-02',3),('2023-11-12',3),('2023-11-21',3),('2023-11-26',3),('2023-11-28',3),('2023-12-02',3),('2023-12-04',3),('2023-12-05',3),('2023-12-10',3),('2023-12-16',3),('2023-12-23',3),('2023-12-24',3),('2023-12-30',3),('2024-01-04',3),('2024-01-07',3),('2024-01-11',3),('2024-01-13',3),('2024-01-19',3),('2024-01-21',3),('2024-02-10',3),('2024-02-11',3),('2024-02-12',3),('2024-02-13',3),('2024-02-15',3),('2024-02-18',3),('2024-02-20',3),('2024-02-24',3),('2024-02-29',3),('2024-03-03',3),('2024-03-09',3),('2024-03-12',3),('2024-03-14',3),('2024-03-16',3),('2024-03-18',3),('2024-03-24',3),('2024-03-27',3),('2024-03-29',3),('2024-04-06',3),('2024-04-08',3),('2024-04-09',3),('2024-04-11',3),('2024-04-21',3),('2024-04-22',3),('2024-04-25',3),('2024-04-29',3),('2024-05-04',3),('2024-05-21',3),('2023-11-11',4),('2023-11-15',4),('2023-11-19',4),('2023-11-20',4),('2023-11-22',4),('2023-11-25',4),('2023-11-27',4),('2023-11-29',4),('2023-12-08',4),('2023-12-11',4),('2023-12-19',4),('2023-12-22',4),('2023-12-26',4),('2023-12-28',4),('2023-12-31',4),('2024-01-02',4),('2024-01-03',4),('2024-01-05',4),('2024-01-12',4),('2024-01-16',4),('2024-01-24',4),('2024-01-27',4),('2024-01-28',4),('2024-02-02',4),('2024-02-03',4),('2024-02-04',4),('2024-02-19',4),('2024-02-21',4),('2024-02-23',4),('2024-03-05',4),('2024-03-07',4),('2024-03-10',4),('2024-03-13',4),('2024-03-22',4),('2024-03-23',4),('2024-03-26',4),('2024-03-30',4),('2024-04-10',4),('2024-04-19',4),('2024-04-27',4),('2024-05-02',4),('2024-06-04',4),('2023-10-31',5),('2023-11-03',5),('2023-11-05',5),('2023-11-08',5),('2023-11-10',5),('2023-11-13',5),('2023-12-03',5),('2023-12-06',5),('2023-12-09',5),('2023-12-12',5),('2023-12-14',5),('2023-12-17',5),('2023-12-29',5),('2024-01-01',5),('2024-01-17',5),('2024-01-25',5),('2024-01-31',5),('2024-02-05',5),('2024-02-06',5),('2024-02-07',5),('2024-02-22',5),('2024-02-25',5),('2024-02-27',5),('2024-03-01',5),('2024-03-04',5),('2024-03-06',5),('2024-03-08',5),('2024-03-17',5),('2024-03-21',5),('2024-03-25',5),('2024-03-28',5),('2024-04-04',5),('2024-04-18',5),('2024-04-23',5),('2023-11-01',6),('2023-11-06',6),('2023-11-14',6),('2023-11-24',6),('2023-12-01',6),('2023-12-07',6),('2023-12-20',6),('2023-12-21',6),('2023-12-25',6),('2023-12-27',6),('2024-01-09',6),('2024-01-10',6),('2024-01-14',6),('2024-01-23',6),('2024-02-09',6),('2024-03-02',6),('2024-03-11',6),('2024-04-07',6),('2024-04-15',6),('2023-11-07',7),('2023-11-09',7),('2023-11-30',7),('2023-12-18',7),('2024-01-08',7),('2024-01-15',7),('2024-01-18',7),('2024-01-22',7),('2024-01-26',7),('2024-02-01',7),('2024-03-19',7),('2024-03-20',7),('2024-04-03',7),('2024-04-05',7),('2023-11-04',8),('2024-03-31',8),('2024-04-01',8),('2024-04-24',8),('2024-05-01',8),('2023-11-17',9),('2024-01-06',9),('2024-01-30',9),('2024-02-26',9),('2024-02-28',9),('2023-11-16',10),('2024-02-16',10),('2024-04-02',10),('2024-01-29',12),('2023-12-13',14),('2023-12-15',16);
/*!40000 ALTER TABLE `g5_visit_sum` ENABLE KEYS */;
UNLOCK TABLES;

--
-- Table structure for table `g5_work`
--

DROP TABLE IF EXISTS `g5_work`;
/*!40101 SET @saved_cs_client     = @@character_set_client */;
/*!40101 SET character_set_client = utf8 */;
CREATE TABLE `g5_work` (
  `idx` int(11) NOT NULL AUTO_INCREMENT,
  `client_idx` int(11) NOT NULL COMMENT '고객 아이디(Index)',
  `client_service` varchar(50) NOT NULL,
  `mb_id` varchar(50) NOT NULL COMMENT '직원 아이디',
  `status` varchar(30) NOT NULL COMMENT '파견상태',
  `deposit_status` varchar(30) NOT NULL COMMENT '입금상태',
  `total_date` int(1) NOT NULL COMMENT '파견일수',
  `work_hide` char(1) NOT NULL COMMENT '숨기기(삭제)',
  `reg_date` datetime NOT NULL,
  PRIMARY KEY (`idx`)
) ENGINE=InnoDB AUTO_INCREMENT=8 DEFAULT CHARSET=utf8 COMMENT='파견관리';
/*!40101 SET character_set_client = @saved_cs_client */;

--
-- Dumping data for table `g5_work`
--

LOCK TABLES `g5_work` WRITE;
/*!40000 ALTER TABLE `g5_work` DISABLE KEYS */;
INSERT INTO `g5_work` VALUES (1,14,'반찬','970505-1111111','대기','',5,'','2024-03-29 17:16:24'),(2,11,'아가마지','970707-1111111','대기','',9,'','2024-03-31 20:55:56'),(3,15,'아가마지','970707-1111111','대기','',5,'','2024-04-08 16:12:45'),(5,13,'청소','950202-2222222','대기','',8,'','2024-05-28 15:27:31'),(6,0,'','','대기','',0,'','2024-06-04 10:21:41'),(7,9,'아가마지','980808-2222222','대기','',0,'','2024-07-25 14:55:25');
/*!40000 ALTER TABLE `g5_work` ENABLE KEYS */;
UNLOCK TABLES;

--
-- Table structure for table `g5_work_member_history`
--

DROP TABLE IF EXISTS `g5_work_member_history`;
/*!40101 SET @saved_cs_client     = @@character_set_client */;
/*!40101 SET character_set_client = utf8 */;
CREATE TABLE `g5_work_member_history` (
  `idx` int(11) NOT NULL AUTO_INCREMENT,
  `w_idx` int(11) NOT NULL,
  `prev_mb_id` varchar(255) NOT NULL,
  `change_mb_id` varchar(255) NOT NULL,
  `reg_date` datetime NOT NULL,
  PRIMARY KEY (`idx`)
) ENGINE=InnoDB AUTO_INCREMENT=44 DEFAULT CHARSET=utf8;
/*!40101 SET character_set_client = @saved_cs_client */;

--
-- Dumping data for table `g5_work_member_history`
--

LOCK TABLES `g5_work_member_history` WRITE;
/*!40000 ALTER TABLE `g5_work_member_history` DISABLE KEYS */;
INSERT INTO `g5_work_member_history` VALUES (1,0,'950202-2222222','890715-1111111','2024-03-31 19:55:40'),(2,0,'890715-1111111','950202-2222222','2024-03-31 19:55:43'),(3,0,'950202-2222222','950202-2222222','2024-03-31 19:57:23'),(4,0,'950202-2222222','950202-2222222','2024-03-31 19:59:17'),(5,0,'950202-2222222','950202-2222222','2024-03-31 19:59:26'),(6,0,'950202-2222222','890715-1111111','2024-03-31 20:00:27'),(7,2,'970707-1111111','980808-2222222','2024-03-31 21:09:55'),(8,2,'980808-2222222','970707-1111111','2024-04-02 13:43:24'),(9,1,'890715-1111111','950202-2222222','2024-04-03 10:01:13'),(10,3,'','970707-1111111','2024-04-08 16:12:45'),(11,3,'970707-1111111','990101-2222222','2024-04-08 16:26:58'),(12,3,'990101-2222222','970707-1111111','2024-04-08 16:38:58'),(13,0,'','980808-2222222','2024-05-13 15:57:31'),(14,0,'','980808-2222222','2024-05-13 15:57:35'),(15,1,'950202-2222222','970505-1111111','2024-05-19 22:29:19'),(16,0,'','980808-2222222','2024-05-22 17:38:24'),(17,0,'','980808-2222222','2024-05-22 17:38:44'),(18,0,'','980808-2222222','2024-05-22 17:38:53'),(19,0,'','980808-2222222','2024-05-22 17:39:04'),(20,0,'','980808-2222222','2024-05-22 17:48:54'),(21,0,'','980808-2222222','2024-05-28 09:46:30'),(22,0,'','980808-2222222','2024-05-28 09:46:40'),(23,0,'','980808-2222222','2024-05-28 11:32:52'),(24,0,'','980808-2222222','2024-05-28 11:33:01'),(25,0,'','980808-2222222','2024-05-28 11:33:32'),(26,0,'','890715-1111111','2024-05-28 14:01:01'),(27,0,'','950202-2222222','2024-05-28 15:01:35'),(28,0,'','950202-2222222','2024-05-28 15:18:36'),(29,0,'','950202-2222222','2024-05-28 15:20:47'),(30,0,'','950202-2222222','2024-05-28 15:22:23'),(31,0,'','950202-2222222','2024-05-28 15:23:29'),(32,0,'','950202-2222222','2024-05-28 15:24:11'),(34,5,'','890715-1111111','2024-05-28 15:27:31'),(40,5,'890715-1111111','950202-2222222','2024-05-28 16:15:23'),(41,3,'970707-1111111','980808-2222222','2024-06-04 13:35:56'),(42,7,'','980808-2222222','2024-07-25 14:55:25'),(43,3,'980808-2222222','970707-1111111','2024-07-25 16:43:27');
/*!40000 ALTER TABLE `g5_work_member_history` ENABLE KEYS */;
UNLOCK TABLES;

--
-- Table structure for table `g5_work_selected`
--

DROP TABLE IF EXISTS `g5_work_selected`;
/*!40101 SET @saved_cs_client     = @@character_set_client */;
/*!40101 SET character_set_client = utf8 */;
CREATE TABLE `g5_work_selected` (
  `idx` int(11) NOT NULL AUTO_INCREMENT,
  `work_idx` int(11) NOT NULL COMMENT 'work_idx',
  `client_idx` int(11) NOT NULL COMMENT '고객',
  `mb_id` varchar(255) NOT NULL COMMENT '직원',
  `selected_date` date NOT NULL COMMENT '파견날짜',
  `selected_date_mk` int(11) NOT NULL COMMENT '파견날짜_MK',
  `str_hour` int(1) NOT NULL COMMENT '시간시간',
  `end_hour` int(1) NOT NULL COMMENT '종료시간',
  `selected_update` varchar(20) NOT NULL,
  PRIMARY KEY (`idx`)
) ENGINE=InnoDB AUTO_INCREMENT=56 DEFAULT CHARSET=utf8;
/*!40101 SET character_set_client = @saved_cs_client */;

--
-- Dumping data for table `g5_work_selected`
--

LOCK TABLES `g5_work_selected` WRITE;
/*!40000 ALTER TABLE `g5_work_selected` DISABLE KEYS */;
INSERT INTO `g5_work_selected` VALUES (1,1,14,'970505-1111111','2024-05-27',1716735600,9,13,''),(2,1,14,'970505-1111111','2024-05-28',1716822000,9,13,''),(3,1,14,'970505-1111111','2024-05-29',1716908400,9,13,''),(4,1,14,'970505-1111111','2024-05-30',1716994800,9,13,''),(5,1,14,'970505-1111111','2024-05-31',1717081200,9,13,''),(6,5,13,'950202-2222222','2024-06-01',1717167600,9,13,''),(7,5,13,'950202-2222222','2024-06-02',1717254000,9,13,''),(8,5,13,'950202-2222222','2024-06-03',1717340400,9,13,''),(9,5,13,'950202-2222222','2024-06-04',1717426800,9,13,''),(10,5,13,'950202-2222222','2024-06-05',1717513200,9,13,''),(11,5,13,'950202-2222222','2024-06-06',1717599600,9,13,''),(12,5,13,'950202-2222222','2024-06-07',1717686000,9,13,''),(13,5,13,'950202-2222222','2024-06-08',1717772400,9,13,''),(14,3,15,'980808-2222222','2024-06-05',1717513200,0,0,''),(15,3,15,'980808-2222222','2024-06-07',1717686000,0,0,''),(16,3,15,'980808-2222222','2024-06-10',1717945200,0,0,''),(17,3,15,'980808-2222222','2024-06-11',1718031600,0,0,''),(18,3,15,'980808-2222222','2024-06-12',1718118000,0,0,''),(19,3,15,'980808-2222222','2024-06-13',1718204400,0,0,''),(20,3,15,'980808-2222222','2024-06-14',1718290800,0,0,''),(21,3,15,'980808-2222222','2024-06-17',1718550000,0,0,''),(23,3,15,'980808-2222222','2024-06-19',1718722800,0,0,''),(25,3,15,'980808-2222222','2024-06-21',1718895600,0,0,''),(26,3,15,'980808-2222222','2024-06-24',1719154800,0,0,''),(27,3,15,'980808-2222222','2024-06-25',1719241200,0,0,''),(28,3,15,'980808-2222222','2024-06-27',1719414000,0,0,''),(29,3,15,'980808-2222222','2024-06-28',1719500400,0,0,''),(30,3,15,'980808-2222222','2024-06-03',1717340400,0,0,''),(31,0,12,'890715-1111111','2024-07-15',1720969200,9,13,''),(32,0,12,'890715-1111111','2024-07-16',1721055600,9,13,''),(33,0,12,'890715-1111111','2024-07-17',1721142000,9,13,''),(34,0,12,'890715-1111111','2024-07-18',1721228400,9,13,''),(35,0,12,'890715-1111111','2024-07-19',1721314800,9,13,''),(36,0,12,'890715-1111111','2024-07-20',1721401200,9,13,''),(37,0,12,'890715-1111111','2024-07-21',1721487600,9,13,''),(38,0,12,'890715-1111111','2024-07-22',1721574000,9,13,''),(39,2,11,'970707-1111111','2024-07-01',1719759600,0,0,''),(40,2,11,'970707-1111111','2024-07-02',1719846000,0,0,''),(41,2,11,'970707-1111111','2024-07-03',1719932400,0,0,''),(42,2,11,'970707-1111111','2024-07-04',1720018800,0,0,''),(43,2,11,'970707-1111111','2024-07-05',1720105200,0,0,''),(44,2,11,'970707-1111111','2024-07-08',1720364400,0,0,''),(45,2,11,'970707-1111111','2024-07-09',1720450800,0,0,''),(46,2,11,'970707-1111111','2024-07-10',1720537200,0,0,''),(47,2,11,'970707-1111111','2024-07-11',1720623600,0,0,''),(48,2,11,'970707-1111111','2024-07-12',1720710000,0,0,''),(49,3,15,'980808-2222222','2024-07-17',1721142000,0,0,''),(50,3,15,'980808-2222222','2024-07-18',1721228400,0,0,''),(51,3,15,'980808-2222222','2024-07-25',1721833200,0,0,''),(52,3,15,'980808-2222222','2024-07-26',1721919600,0,0,''),(53,3,15,'980808-2222222','2024-07-29',1722178800,0,0,''),(54,3,15,'970707-1111111','2024-07-30',1722265200,0,0,''),(55,3,15,'970707-1111111','2024-07-31',1722351600,0,0,'');
/*!40000 ALTER TABLE `g5_work_selected` ENABLE KEYS */;
UNLOCK TABLES;

--
-- Table structure for table `g5_write_client_cs`
--

DROP TABLE IF EXISTS `g5_write_client_cs`;
/*!40101 SET @saved_cs_client     = @@character_set_client */;
/*!40101 SET character_set_client = utf8 */;
CREATE TABLE `g5_write_client_cs` (
  `wr_id` int(11) NOT NULL AUTO_INCREMENT,
  `wr_num` int(11) NOT NULL DEFAULT '0',
  `wr_reply` varchar(10) NOT NULL,
  `wr_parent` int(11) NOT NULL DEFAULT '0',
  `wr_is_comment` tinyint(4) NOT NULL DEFAULT '0',
  `wr_comment` int(11) NOT NULL DEFAULT '0',
  `wr_comment_reply` varchar(5) NOT NULL,
  `ca_name` varchar(255) NOT NULL,
  `wr_option` set('html1','html2','secret','mail') NOT NULL,
  `wr_subject` varchar(255) NOT NULL,
  `wr_content` text NOT NULL,
  `wr_seo_title` varchar(255) NOT NULL DEFAULT '',
  `wr_link1` text NOT NULL,
  `wr_link2` text NOT NULL,
  `wr_link1_hit` int(11) NOT NULL DEFAULT '0',
  `wr_link2_hit` int(11) NOT NULL DEFAULT '0',
  `wr_hit` int(11) NOT NULL DEFAULT '0',
  `wr_good` int(11) NOT NULL DEFAULT '0',
  `wr_nogood` int(11) NOT NULL DEFAULT '0',
  `mb_id` varchar(20) NOT NULL,
  `wr_password` varchar(255) NOT NULL,
  `wr_name` varchar(255) NOT NULL,
  `wr_email` varchar(255) NOT NULL,
  `wr_homepage` varchar(255) NOT NULL,
  `wr_datetime` datetime NOT NULL DEFAULT '0000-00-00 00:00:00',
  `wr_file` tinyint(4) NOT NULL DEFAULT '0',
  `wr_last` varchar(19) NOT NULL,
  `wr_ip` varchar(255) NOT NULL,
  `wr_facebook_user` varchar(255) NOT NULL,
  `wr_twitter_user` varchar(255) NOT NULL,
  `wr_1` varchar(255) NOT NULL,
  `wr_2` varchar(255) NOT NULL,
  `wr_3` varchar(255) NOT NULL,
  `wr_4` varchar(255) NOT NULL,
  `wr_5` varchar(255) NOT NULL,
  `wr_6` varchar(255) NOT NULL,
  `wr_7` varchar(255) NOT NULL,
  `wr_8` varchar(255) NOT NULL,
  `wr_9` varchar(255) NOT NULL,
  `wr_10` varchar(255) NOT NULL,
  PRIMARY KEY (`wr_id`),
  KEY `wr_seo_title` (`wr_seo_title`),
  KEY `wr_num_reply_parent` (`wr_num`,`wr_reply`,`wr_parent`),
  KEY `wr_is_comment` (`wr_is_comment`,`wr_id`)
) ENGINE=InnoDB DEFAULT CHARSET=utf8;
/*!40101 SET character_set_client = @saved_cs_client */;

--
-- Dumping data for table `g5_write_client_cs`
--

LOCK TABLES `g5_write_client_cs` WRITE;
/*!40000 ALTER TABLE `g5_write_client_cs` DISABLE KEYS */;
/*!40000 ALTER TABLE `g5_write_client_cs` ENABLE KEYS */;
UNLOCK TABLES;

--
-- Table structure for table `g5_write_free`
--

DROP TABLE IF EXISTS `g5_write_free`;
/*!40101 SET @saved_cs_client     = @@character_set_client */;
/*!40101 SET character_set_client = utf8 */;
CREATE TABLE `g5_write_free` (
  `wr_id` int(11) NOT NULL AUTO_INCREMENT,
  `wr_num` int(11) NOT NULL DEFAULT '0',
  `wr_reply` varchar(10) NOT NULL,
  `wr_parent` int(11) NOT NULL DEFAULT '0',
  `wr_is_comment` tinyint(4) NOT NULL DEFAULT '0',
  `wr_comment` int(11) NOT NULL DEFAULT '0',
  `wr_comment_reply` varchar(5) NOT NULL,
  `ca_name` varchar(255) NOT NULL,
  `wr_option` set('html1','html2','secret','mail') NOT NULL,
  `wr_subject` varchar(255) NOT NULL,
  `wr_content` text NOT NULL,
  `wr_seo_title` varchar(255) NOT NULL DEFAULT '',
  `wr_link1` text NOT NULL,
  `wr_link2` text NOT NULL,
  `wr_link1_hit` int(11) NOT NULL DEFAULT '0',
  `wr_link2_hit` int(11) NOT NULL DEFAULT '0',
  `wr_hit` int(11) NOT NULL DEFAULT '0',
  `wr_good` int(11) NOT NULL DEFAULT '0',
  `wr_nogood` int(11) NOT NULL DEFAULT '0',
  `mb_id` varchar(20) NOT NULL,
  `wr_password` varchar(255) NOT NULL,
  `wr_name` varchar(255) NOT NULL,
  `wr_email` varchar(255) NOT NULL,
  `wr_homepage` varchar(255) NOT NULL,
  `wr_datetime` datetime NOT NULL DEFAULT '0000-00-00 00:00:00',
  `wr_file` tinyint(4) NOT NULL DEFAULT '0',
  `wr_last` varchar(19) NOT NULL,
  `wr_ip` varchar(255) NOT NULL,
  `wr_facebook_user` varchar(255) NOT NULL,
  `wr_twitter_user` varchar(255) NOT NULL,
  `wr_1` varchar(255) NOT NULL,
  `wr_2` varchar(255) NOT NULL,
  `wr_3` varchar(255) NOT NULL,
  `wr_4` varchar(255) NOT NULL,
  `wr_5` varchar(255) NOT NULL,
  `wr_6` varchar(255) NOT NULL,
  `wr_7` varchar(255) NOT NULL,
  `wr_8` varchar(255) NOT NULL,
  `wr_9` varchar(255) NOT NULL,
  `wr_10` varchar(255) NOT NULL,
  PRIMARY KEY (`wr_id`),
  KEY `wr_seo_title` (`wr_seo_title`),
  KEY `wr_num_reply_parent` (`wr_num`,`wr_reply`,`wr_parent`),
  KEY `wr_is_comment` (`wr_is_comment`,`wr_id`)
) ENGINE=InnoDB DEFAULT CHARSET=utf8;
/*!40101 SET character_set_client = @saved_cs_client */;

--
-- Dumping data for table `g5_write_free`
--

LOCK TABLES `g5_write_free` WRITE;
/*!40000 ALTER TABLE `g5_write_free` DISABLE KEYS */;
/*!40000 ALTER TABLE `g5_write_free` ENABLE KEYS */;
UNLOCK TABLES;

--
-- Table structure for table `g5_write_gallery`
--

DROP TABLE IF EXISTS `g5_write_gallery`;
/*!40101 SET @saved_cs_client     = @@character_set_client */;
/*!40101 SET character_set_client = utf8 */;
CREATE TABLE `g5_write_gallery` (
  `wr_id` int(11) NOT NULL AUTO_INCREMENT,
  `wr_num` int(11) NOT NULL DEFAULT '0',
  `wr_reply` varchar(10) NOT NULL,
  `wr_parent` int(11) NOT NULL DEFAULT '0',
  `wr_is_comment` tinyint(4) NOT NULL DEFAULT '0',
  `wr_comment` int(11) NOT NULL DEFAULT '0',
  `wr_comment_reply` varchar(5) NOT NULL,
  `ca_name` varchar(255) NOT NULL,
  `wr_option` set('html1','html2','secret','mail') NOT NULL,
  `wr_subject` varchar(255) NOT NULL,
  `wr_content` text NOT NULL,
  `wr_seo_title` varchar(255) NOT NULL DEFAULT '',
  `wr_link1` text NOT NULL,
  `wr_link2` text NOT NULL,
  `wr_link1_hit` int(11) NOT NULL DEFAULT '0',
  `wr_link2_hit` int(11) NOT NULL DEFAULT '0',
  `wr_hit` int(11) NOT NULL DEFAULT '0',
  `wr_good` int(11) NOT NULL DEFAULT '0',
  `wr_nogood` int(11) NOT NULL DEFAULT '0',
  `mb_id` varchar(20) NOT NULL,
  `wr_password` varchar(255) NOT NULL,
  `wr_name` varchar(255) NOT NULL,
  `wr_email` varchar(255) NOT NULL,
  `wr_homepage` varchar(255) NOT NULL,
  `wr_datetime` datetime NOT NULL DEFAULT '0000-00-00 00:00:00',
  `wr_file` tinyint(4) NOT NULL DEFAULT '0',
  `wr_last` varchar(19) NOT NULL,
  `wr_ip` varchar(255) NOT NULL,
  `wr_facebook_user` varchar(255) NOT NULL,
  `wr_twitter_user` varchar(255) NOT NULL,
  `wr_1` varchar(255) NOT NULL,
  `wr_2` varchar(255) NOT NULL,
  `wr_3` varchar(255) NOT NULL,
  `wr_4` varchar(255) NOT NULL,
  `wr_5` varchar(255) NOT NULL,
  `wr_6` varchar(255) NOT NULL,
  `wr_7` varchar(255) NOT NULL,
  `wr_8` varchar(255) NOT NULL,
  `wr_9` varchar(255) NOT NULL,
  `wr_10` varchar(255) NOT NULL,
  PRIMARY KEY (`wr_id`),
  KEY `wr_seo_title` (`wr_seo_title`),
  KEY `wr_num_reply_parent` (`wr_num`,`wr_reply`,`wr_parent`),
  KEY `wr_is_comment` (`wr_is_comment`,`wr_id`)
) ENGINE=InnoDB DEFAULT CHARSET=utf8;
/*!40101 SET character_set_client = @saved_cs_client */;

--
-- Dumping data for table `g5_write_gallery`
--

LOCK TABLES `g5_write_gallery` WRITE;
/*!40000 ALTER TABLE `g5_write_gallery` DISABLE KEYS */;
/*!40000 ALTER TABLE `g5_write_gallery` ENABLE KEYS */;
UNLOCK TABLES;

--
-- Table structure for table `g5_write_notice`
--

DROP TABLE IF EXISTS `g5_write_notice`;
/*!40101 SET @saved_cs_client     = @@character_set_client */;
/*!40101 SET character_set_client = utf8 */;
CREATE TABLE `g5_write_notice` (
  `wr_id` int(11) NOT NULL AUTO_INCREMENT,
  `wr_num` int(11) NOT NULL DEFAULT '0',
  `wr_reply` varchar(10) NOT NULL,
  `wr_parent` int(11) NOT NULL DEFAULT '0',
  `wr_is_comment` tinyint(4) NOT NULL DEFAULT '0',
  `wr_comment` int(11) NOT NULL DEFAULT '0',
  `wr_comment_reply` varchar(5) NOT NULL,
  `ca_name` varchar(255) NOT NULL,
  `wr_option` set('html1','html2','secret','mail') NOT NULL,
  `wr_subject` varchar(255) NOT NULL,
  `wr_content` text NOT NULL,
  `wr_seo_title` varchar(255) NOT NULL DEFAULT '',
  `wr_link1` text NOT NULL,
  `wr_link2` text NOT NULL,
  `wr_link1_hit` int(11) NOT NULL DEFAULT '0',
  `wr_link2_hit` int(11) NOT NULL DEFAULT '0',
  `wr_hit` int(11) NOT NULL DEFAULT '0',
  `wr_good` int(11) NOT NULL DEFAULT '0',
  `wr_nogood` int(11) NOT NULL DEFAULT '0',
  `mb_id` varchar(20) NOT NULL,
  `wr_password` varchar(255) NOT NULL,
  `wr_name` varchar(255) NOT NULL,
  `wr_email` varchar(255) NOT NULL,
  `wr_homepage` varchar(255) NOT NULL,
  `wr_datetime` datetime NOT NULL DEFAULT '0000-00-00 00:00:00',
  `wr_file` tinyint(4) NOT NULL DEFAULT '0',
  `wr_last` varchar(19) NOT NULL,
  `wr_ip` varchar(255) NOT NULL,
  `wr_facebook_user` varchar(255) NOT NULL,
  `wr_twitter_user` varchar(255) NOT NULL,
  `wr_1` varchar(255) NOT NULL,
  `wr_2` varchar(255) NOT NULL,
  `wr_3` varchar(255) NOT NULL,
  `wr_4` varchar(255) NOT NULL,
  `wr_5` varchar(255) NOT NULL,
  `wr_6` varchar(255) NOT NULL,
  `wr_7` varchar(255) NOT NULL,
  `wr_8` varchar(255) NOT NULL,
  `wr_9` varchar(255) NOT NULL,
  `wr_10` varchar(255) NOT NULL,
  PRIMARY KEY (`wr_id`),
  KEY `wr_seo_title` (`wr_seo_title`),
  KEY `wr_num_reply_parent` (`wr_num`,`wr_reply`,`wr_parent`),
  KEY `wr_is_comment` (`wr_is_comment`,`wr_id`)
) ENGINE=InnoDB DEFAULT CHARSET=utf8;
/*!40101 SET character_set_client = @saved_cs_client */;

--
-- Dumping data for table `g5_write_notice`
--

LOCK TABLES `g5_write_notice` WRITE;
/*!40000 ALTER TABLE `g5_write_notice` DISABLE KEYS */;
/*!40000 ALTER TABLE `g5_write_notice` ENABLE KEYS */;
UNLOCK TABLES;

--
-- Table structure for table `g5_write_qa`
--

DROP TABLE IF EXISTS `g5_write_qa`;
/*!40101 SET @saved_cs_client     = @@character_set_client */;
/*!40101 SET character_set_client = utf8 */;
CREATE TABLE `g5_write_qa` (
  `wr_id` int(11) NOT NULL AUTO_INCREMENT,
  `wr_num` int(11) NOT NULL DEFAULT '0',
  `wr_reply` varchar(10) NOT NULL,
  `wr_parent` int(11) NOT NULL DEFAULT '0',
  `wr_is_comment` tinyint(4) NOT NULL DEFAULT '0',
  `wr_comment` int(11) NOT NULL DEFAULT '0',
  `wr_comment_reply` varchar(5) NOT NULL,
  `ca_name` varchar(255) NOT NULL,
  `wr_option` set('html1','html2','secret','mail') NOT NULL,
  `wr_subject` varchar(255) NOT NULL,
  `wr_content` text NOT NULL,
  `wr_seo_title` varchar(255) NOT NULL DEFAULT '',
  `wr_link1` text NOT NULL,
  `wr_link2` text NOT NULL,
  `wr_link1_hit` int(11) NOT NULL DEFAULT '0',
  `wr_link2_hit` int(11) NOT NULL DEFAULT '0',
  `wr_hit` int(11) NOT NULL DEFAULT '0',
  `wr_good` int(11) NOT NULL DEFAULT '0',
  `wr_nogood` int(11) NOT NULL DEFAULT '0',
  `mb_id` varchar(20) NOT NULL,
  `wr_password` varchar(255) NOT NULL,
  `wr_name` varchar(255) NOT NULL,
  `wr_email` varchar(255) NOT NULL,
  `wr_homepage` varchar(255) NOT NULL,
  `wr_datetime` datetime NOT NULL DEFAULT '0000-00-00 00:00:00',
  `wr_file` tinyint(4) NOT NULL DEFAULT '0',
  `wr_last` varchar(19) NOT NULL,
  `wr_ip` varchar(255) NOT NULL,
  `wr_facebook_user` varchar(255) NOT NULL,
  `wr_twitter_user` varchar(255) NOT NULL,
  `wr_1` varchar(255) NOT NULL,
  `wr_2` varchar(255) NOT NULL,
  `wr_3` varchar(255) NOT NULL,
  `wr_4` varchar(255) NOT NULL,
  `wr_5` varchar(255) NOT NULL,
  `wr_6` varchar(255) NOT NULL,
  `wr_7` varchar(255) NOT NULL,
  `wr_8` varchar(255) NOT NULL,
  `wr_9` varchar(255) NOT NULL,
  `wr_10` varchar(255) NOT NULL,
  PRIMARY KEY (`wr_id`),
  KEY `wr_seo_title` (`wr_seo_title`),
  KEY `wr_num_reply_parent` (`wr_num`,`wr_reply`,`wr_parent`),
  KEY `wr_is_comment` (`wr_is_comment`,`wr_id`)
) ENGINE=InnoDB DEFAULT CHARSET=utf8;
/*!40101 SET character_set_client = @saved_cs_client */;

--
-- Dumping data for table `g5_write_qa`
--

LOCK TABLES `g5_write_qa` WRITE;
/*!40000 ALTER TABLE `g5_write_qa` DISABLE KEYS */;
/*!40000 ALTER TABLE `g5_write_qa` ENABLE KEYS */;
UNLOCK TABLES;

--
-- Table structure for table `sms5_book`
--

DROP TABLE IF EXISTS `sms5_book`;
/*!40101 SET @saved_cs_client     = @@character_set_client */;
/*!40101 SET character_set_client = utf8 */;
CREATE TABLE `sms5_book` (
  `bk_no` int(11) NOT NULL AUTO_INCREMENT,
  `bg_no` int(11) NOT NULL DEFAULT '0',
  `mb_no` int(11) NOT NULL DEFAULT '0',
  `mb_id` varchar(20) NOT NULL DEFAULT '',
  `bk_name` varchar(255) NOT NULL DEFAULT '',
  `bk_hp` varchar(255) NOT NULL DEFAULT '',
  `bk_receipt` tinyint(4) NOT NULL DEFAULT '0',
  `bk_datetime` datetime NOT NULL DEFAULT '0000-00-00 00:00:00',
  `bk_memo` text NOT NULL,
  PRIMARY KEY (`bk_no`),
  KEY `bk_name` (`bk_name`),
  KEY `bk_hp` (`bk_hp`),
  KEY `mb_no` (`mb_no`),
  KEY `bg_no` (`bg_no`,`bk_no`),
  KEY `mb_id` (`mb_id`)
) ENGINE=InnoDB DEFAULT CHARSET=utf8;
/*!40101 SET character_set_client = @saved_cs_client */;

--
-- Dumping data for table `sms5_book`
--

LOCK TABLES `sms5_book` WRITE;
/*!40000 ALTER TABLE `sms5_book` DISABLE KEYS */;
/*!40000 ALTER TABLE `sms5_book` ENABLE KEYS */;
UNLOCK TABLES;

--
-- Table structure for table `sms5_book_group`
--

DROP TABLE IF EXISTS `sms5_book_group`;
/*!40101 SET @saved_cs_client     = @@character_set_client */;
/*!40101 SET character_set_client = utf8 */;
CREATE TABLE `sms5_book_group` (
  `bg_no` int(11) NOT NULL AUTO_INCREMENT,
  `bg_name` varchar(255) NOT NULL DEFAULT '',
  `bg_count` int(11) NOT NULL DEFAULT '0',
  `bg_member` int(11) NOT NULL DEFAULT '0',
  `bg_nomember` int(11) NOT NULL DEFAULT '0',
  `bg_receipt` int(11) NOT NULL DEFAULT '0',
  `bg_reject` int(11) NOT NULL DEFAULT '0',
  PRIMARY KEY (`bg_no`),
  KEY `bg_name` (`bg_name`)
) ENGINE=InnoDB AUTO_INCREMENT=2 DEFAULT CHARSET=utf8;
/*!40101 SET character_set_client = @saved_cs_client */;

--
-- Dumping data for table `sms5_book_group`
--

LOCK TABLES `sms5_book_group` WRITE;
/*!40000 ALTER TABLE `sms5_book_group` DISABLE KEYS */;
INSERT INTO `sms5_book_group` VALUES (1,'미분류',0,0,0,0,0);
/*!40000 ALTER TABLE `sms5_book_group` ENABLE KEYS */;
UNLOCK TABLES;

--
-- Table structure for table `sms5_config`
--

DROP TABLE IF EXISTS `sms5_config`;
/*!40101 SET @saved_cs_client     = @@character_set_client */;
/*!40101 SET character_set_client = utf8 */;
CREATE TABLE `sms5_config` (
  `cf_phone` varchar(255) NOT NULL DEFAULT '',
  `cf_datetime` datetime NOT NULL DEFAULT '0000-00-00 00:00:00'
) ENGINE=InnoDB DEFAULT CHARSET=utf8;
/*!40101 SET character_set_client = @saved_cs_client */;

--
-- Dumping data for table `sms5_config`
--

LOCK TABLES `sms5_config` WRITE;
/*!40000 ALTER TABLE `sms5_config` DISABLE KEYS */;
/*!40000 ALTER TABLE `sms5_config` ENABLE KEYS */;
UNLOCK TABLES;

--
-- Table structure for table `sms5_form`
--

DROP TABLE IF EXISTS `sms5_form`;
/*!40101 SET @saved_cs_client     = @@character_set_client */;
/*!40101 SET character_set_client = utf8 */;
CREATE TABLE `sms5_form` (
  `fo_no` int(11) NOT NULL AUTO_INCREMENT,
  `fg_no` tinyint(4) NOT NULL DEFAULT '0',
  `fg_member` char(1) NOT NULL DEFAULT '0',
  `fo_name` varchar(255) NOT NULL DEFAULT '',
  `fo_content` text NOT NULL,
  `fo_datetime` datetime NOT NULL DEFAULT '0000-00-00 00:00:00',
  PRIMARY KEY (`fo_no`),
  KEY `fg_no` (`fg_no`,`fo_no`)
) ENGINE=InnoDB DEFAULT CHARSET=utf8;
/*!40101 SET character_set_client = @saved_cs_client */;

--
-- Dumping data for table `sms5_form`
--

LOCK TABLES `sms5_form` WRITE;
/*!40000 ALTER TABLE `sms5_form` DISABLE KEYS */;
/*!40000 ALTER TABLE `sms5_form` ENABLE KEYS */;
UNLOCK TABLES;

--
-- Table structure for table `sms5_form_group`
--

DROP TABLE IF EXISTS `sms5_form_group`;
/*!40101 SET @saved_cs_client     = @@character_set_client */;
/*!40101 SET character_set_client = utf8 */;
CREATE TABLE `sms5_form_group` (
  `fg_no` int(11) NOT NULL AUTO_INCREMENT,
  `fg_name` varchar(255) NOT NULL DEFAULT '',
  `fg_count` int(11) NOT NULL DEFAULT '0',
  `fg_member` tinyint(4) NOT NULL,
  PRIMARY KEY (`fg_no`),
  KEY `fg_name` (`fg_name`)
) ENGINE=InnoDB DEFAULT CHARSET=utf8;
/*!40101 SET character_set_client = @saved_cs_client */;

--
-- Dumping data for table `sms5_form_group`
--

LOCK TABLES `sms5_form_group` WRITE;
/*!40000 ALTER TABLE `sms5_form_group` DISABLE KEYS */;
/*!40000 ALTER TABLE `sms5_form_group` ENABLE KEYS */;
UNLOCK TABLES;

--
-- Table structure for table `sms5_history`
--

DROP TABLE IF EXISTS `sms5_history`;
/*!40101 SET @saved_cs_client     = @@character_set_client */;
/*!40101 SET character_set_client = utf8 */;
CREATE TABLE `sms5_history` (
  `hs_no` int(11) NOT NULL AUTO_INCREMENT,
  `wr_no` int(11) NOT NULL DEFAULT '0',
  `wr_renum` int(11) NOT NULL DEFAULT '0',
  `bg_no` int(11) NOT NULL DEFAULT '0',
  `mb_no` int(11) NOT NULL DEFAULT '0',
  `mb_id` varchar(20) NOT NULL DEFAULT '',
  `bk_no` int(11) NOT NULL DEFAULT '0',
  `hs_name` varchar(30) NOT NULL DEFAULT '',
  `hs_hp` varchar(255) NOT NULL DEFAULT '',
  `hs_datetime` datetime NOT NULL DEFAULT '0000-00-00 00:00:00',
  `hs_flag` tinyint(4) NOT NULL DEFAULT '0',
  `hs_code` varchar(255) NOT NULL DEFAULT '',
  `hs_memo` varchar(255) NOT NULL DEFAULT '',
  `hs_log` varchar(255) NOT NULL DEFAULT '',
  PRIMARY KEY (`hs_no`),
  KEY `wr_no` (`wr_no`),
  KEY `mb_no` (`mb_no`),
  KEY `bk_no` (`bk_no`),
  KEY `hs_hp` (`hs_hp`),
  KEY `hs_code` (`hs_code`),
  KEY `bg_no` (`bg_no`),
  KEY `mb_id` (`mb_id`)
) ENGINE=InnoDB AUTO_INCREMENT=2 DEFAULT CHARSET=utf8;
/*!40101 SET character_set_client = @saved_cs_client */;

--
-- Dumping data for table `sms5_history`
--

LOCK TABLES `sms5_history` WRITE;
/*!40000 ALTER TABLE `sms5_history` DISABLE KEYS */;
INSERT INTO `sms5_history` VALUES (1,1,0,0,0,'',0,'test','010-435-3966','2024-01-27 17:21:06',1,'159024057 ','010-435-3966로 전송했습니다.','');
/*!40000 ALTER TABLE `sms5_history` ENABLE KEYS */;
UNLOCK TABLES;

--
-- Table structure for table `sms5_write`
--

DROP TABLE IF EXISTS `sms5_write`;
/*!40101 SET @saved_cs_client     = @@character_set_client */;
/*!40101 SET character_set_client = utf8 */;
CREATE TABLE `sms5_write` (
  `wr_no` int(11) NOT NULL DEFAULT '1',
  `wr_renum` int(11) NOT NULL DEFAULT '0',
  `wr_reply` varchar(255) NOT NULL DEFAULT '',
  `wr_message` text NOT NULL,
  `wr_booking` datetime NOT NULL DEFAULT '0000-00-00 00:00:00',
  `wr_total` int(11) NOT NULL DEFAULT '0',
  `wr_re_total` int(11) NOT NULL DEFAULT '0',
  `wr_success` int(11) NOT NULL DEFAULT '0',
  `wr_failure` int(11) NOT NULL DEFAULT '0',
  `wr_datetime` datetime NOT NULL DEFAULT '0000-00-00 00:00:00',
  `wr_memo` text NOT NULL,
  KEY `wr_no` (`wr_no`,`wr_renum`)
) ENGINE=InnoDB DEFAULT CHARSET=utf8;
/*!40101 SET character_set_client = @saved_cs_client */;

--
-- Dumping data for table `sms5_write`
--

LOCK TABLES `sms5_write` WRITE;
/*!40000 ALTER TABLE `sms5_write` DISABLE KEYS */;
INSERT INTO `sms5_write` VALUES (1,0,'051-505-2224','테스트','0000-00-00 00:00:00',1,0,1,0,'2024-01-27 17:21:06','');
/*!40000 ALTER TABLE `sms5_write` ENABLE KEYS */;
UNLOCK TABLES;

--
-- Dumping routines for database 'gibssample'
--
/*!40103 SET TIME_ZONE=@OLD_TIME_ZONE */;

/*!40101 SET SQL_MODE=@OLD_SQL_MODE */;
/*!40014 SET FOREIGN_KEY_CHECKS=@OLD_FOREIGN_KEY_CHECKS */;
/*!40014 SET UNIQUE_CHECKS=@OLD_UNIQUE_CHECKS */;
/*!40101 SET CHARACTER_SET_CLIENT=@OLD_CHARACTER_SET_CLIENT */;
/*!40101 SET CHARACTER_SET_RESULTS=@OLD_CHARACTER_SET_RESULTS */;
/*!40101 SET COLLATION_CONNECTION=@OLD_COLLATION_CONNECTION */;
/*!40111 SET SQL_NOTES=@OLD_SQL_NOTES */;

-- Dump completed on 2024-08-06 10:00:56
